empfaengerid,2020,2021,2022,2023,2024
eb_100002,"landsberger allee 116/117, 10407 berlin","landsberger allee 116/117a, 10407 berlin","stettiner strasse 21-23, 13357 berlin","stettiner strasse 21-23, 13357 berlin","stettiner strasse 21-23, 13357 berlin"
eb_100004,"gross-berliner damm 151-153, 12489 berlin","gross-berliner-damm 151-153, 12489 berlin","gross-berliner damm 151, 12489 berlin","gross-berliner damm 151, 12489 berlin","gross-berliner-damm 151-153, 12489 berlin"
gnr_000142,,,"hussitenstrasse 22 a, 13355 berlin","hussitenstrasse 22 a, 13355 berlin","hussitenstrasse 22a, 13355 berlin"
gnr_000424,"john-schehr-strasse 36, 10407 berlin","laubestrasse 2, 12045 berlin",,"kreuzbergstrasse 37/38 / aufgang 2, 10965 berlin",
gnr_000434,,"ohlauer strasse 36, 10999 berlin","mariannenstrasse 48, 10997 berlin",,
gnr_000483,,"suermondtstrasse 26 a, 13053 berlin",,"suermondtstrasse 26a, 13053 berlin",
gnr_000569,"schönhauser allee 59, 10437 berlin","choriner strasse 12, 10119 berlin",,,
gnr_000577,"hosemannstrasse 16, 10409 berlin","adalbertstrasse 82, 10997 berlin","adalbertstrasse 82, 10997 berlin","adalbertstrasse 52, 10997 berlin",
gnr_000617,"naunynstrasse 72, 10997 berlin","mariannenstrasse 6, 10997 berlin","mariannenstrasse 6, 10997 berlin",,
gnr_000654,"brückenstrasse 1, 10179 berlin","brückenstrasse 1, 10179 berlin","brückenstrasse 1, 10179 berlin","köpenicker strasse 7, 10997 berlin","köpenicker strasse 7, 10997 berlin"
gnr_000715,"lietzenburger strasse 44, 10789 berlin","lietzenburger strasse 44, 10789 berlin",,"lietzenbruger strasse 44, 10789 berlin",
gnr_000821,"hausotterstrasse 49, 13409 berlin","hausotterstrasse 49, 13409 berlin","hausotterstrasse 49, 13409 berlin","hausotterstrasse 52, 13409 berlin","hausotterstrasse 49, 13409 berlin"
hra_012964,"attilastrasse 52-58, 12105 berlin","attilastrasse 52-58, 12105 berlin",,"kiefholzstrasse 60/66, 12057 berlin","kiefholzstrasse 60/66, 12057 berlin"
hra_014212,,"waldstrasse 80/81, 13403 berlin","waldstrasse 80-81, 13403 berlin",,"waldstrasse 80-81, 13403 berlin"
hra_029348,,,"wendenschlossstrasse 350-354, 12557 berlin","wendenschlossstrasse 350-354, 12577 berlin",
hra_042524,,,"landsberger allee 131 c, 10369 berlin","landsberger allee 131c, 10369 berlin",
hra_044093,,"bismarckstrasse 73, 10627 berlin","tauentzienstrasse 11, 10789 berlin",,
hra_045329,,,"landsberger allee 68a, 10249 berlin","landsberger allee 68 a, 10249 berlin","landsberger allee 68a, 10249 berlin"
hra_045870,,"huttenstrasse 42, 10553 berlin",,"huttenstrasse 41-44, 10553 berlin",
hra_047902,"innungsstrasse 56 a, 13509 berlin",,"innungsstrasse 56a, 13509 berlin",,
hra_048919,,"spiekermannstrasse 31a, 13189 berlin","spiekermannstrasse 31 a, 13189 berlin",,
hra_050203,,"lehrter strasse 57 / haus 1, 10557 berlin",,"goerzallee 299, 14167 berlin",
hra_054761,"ostendstrasse 25, haus 6, 12459 berlin",,,"ostendstrasse 25, 12459 berlin",
hra_057812,,"skalitzer strasse 33b, 10999 berlin","skalitzer strasse 33 b, 10999 berlin",,
hrb_000396,"wilhelmsruher damm 142, 13439 berlin","stiftsweg 1, 13187 berlin","stiftsweg 1, 13187 berlin","stiftsweg 1, 13187 berlin","stiftsweg 1, 13187 berlin"
hrb_001265,"potsdamer strasse 2, 10785 berlin","potsdamer strasse 2, 10785 berlin","potsdamer strasse 2, 10785 berlin","potsdamer strasse 2, 10785 berlin","am sudio 16, 12489 berlin"
hrb_003445,"alt-moabit 101 a, 10559 berlin","alt-moabit 101a, 10559 berlin","alt-moabit 101a, 10559 berlin","alt-moabit 101a, 10559 berlin","alt-moabit 101a, 10559 berlin"
hrb_003760,"tiergartenstrasse 30-31, 10758 berlin","tiergartenstrasse 30-31, 10785 berlin","tiergartenstrasse 30-31, 10785 berlin","tiergartenstrasse 30-31, 10785 berlin",
hrb_005485,"westerwaldstrasse 20, 13589 berlin","gorgasring 11, 13599 berlin",,,
hrb_005705,,"friedenshortstrasse 46, 57258 freudenberg",,"mozartstrasse 21-22, 12307 berlin",
hrb_006445,"revaler strasse 100, 10245 berlin","revaler strasse 100, 10243 berlin","modersohnstrasse 36, 10245 berlin",,
hrb_007119,,"benzstrasse 53, 12277 berlin","benzstrasse 35-53, 12277 berlin",,
hrb_008089,"kohlfurter strasse 41-43, 10999 berlin","kohlfurter strasse 41-43, 10999 berlin","kohlfurter strasse 41-43, 10999 berlin","kohlfurter strasse 41 - 43, 10999 berlin","kohlfurter strasse 41-43, 10999 berlin"
hrb_008297,"bismarckstrasse 110, 10625 berlin","bismarckstrasse 110, 10625 berlin","bismarckstrasse 110, 10625 berlin","kurfürstendamm 206-209, 10719 berlin",
hrb_009456,"spanische allee 10 - 14, 14129 berlin",,,"spanische allee 10-14, 14129 berlin","spanische allee 10-14, 14129 berlin"
hrb_010523,,"geneststrasse 5, 10829 berlin","geneststrasse 5, aufgang d, 10829 berlin",,
hrb_012300,"werner-von-siemens-strasse1, 80333 münchen",,,"werner-von-siemens-strasse 1, 80333 münchen",
hrb_013892,"kamenzer damm 85, 12249 berlin","kamenzer damm 85, 12149 berlin","kamenzer damm 85, 12149 berlin",,
hrb_015772,"ullsteinhaus, mariendorfer damm 1, 12099 berlin","ullsteinhaus, mariendorfer damm 1, 12099 berlin","ullsteinhaus, mariendorfer damm 1, 12099 berlin","ullsteinhaus, mariendorfer damm 1, 12099 berlin","mariendorfer damm 1, 12099 berlin"
hrb_016291,,"sophie-charlotten-strasse 14-15, 14059 berlin","sophie-charlotten-strasse 14 -15, 14059 berlin",,
hrb_020516,"wangenheimstrasse 37-39, 14193 berlin","komturstrasse 58-62, 12099 berlin","wangenheimstrasse 37-39, 14193 berlin",,
hrb_020965,"hanns-braun-strasse/adlerplatz, 14053 berlin","hanns-braun-strasse/ adlerplatz, 14053 berlin",,,
hrb_025033,"revaler strasse 100, 10243 berlin","modersohnstrasse 36, 10245 berlin","modersohnstrasse 36, 10245 berlin","revaler strasse 100, 10243 berlin",
hrb_025821,"charlottenburger strasse 33 a, 13086 berlin","charlottenburger strasse 33a, 13086 berlin","charlottenburger strasse 33a, 13086 berlin","charlottenburger strasse 33 a, 13086 berlin","charlottenburger strasse 33a, 13086 berlin"
hrb_029357,"schaperstrasse 24, 10719 berlin","schaperstrasse 24, 10719 berlin","schöneberger strasse 15, 10557 berlin","schöneberger strasse 15, 10963 berlin","schöneberger strasse 15, 10963 berlin"
hrb_030170,"sachsendamm 6, 10829 berlin","gehringstrasse 56, 13088 berlin",,,
hrb_030845,,,"salzufer 13-14 a, 10587 berlin","salzufer 13 - 14a, 10587 berlin",
hrb_031532,"richard-sorge-strasse 21 a, 10249 berlin","richard-sorge-strasse 21 a, 10249 berlin","schwiebusser strasse 18, 10965 berlin","schwiebusser strasse 18, 10965 berlin","schwiebusser strasse 18, 10965 berlin"
hrb_033259,"obentrautstrasse 16 - 18, 13597 berlin","pichelswerderstrasse 9, 13597 berlin","pichelswerderstrasse 9, 13597 berlin","pichelswerderstrasse 9, 13597 berlin",
hrb_034953,"am studio 2c, 12489 berlin","am studio 2c, 12489 berlin","am studio 2 c, 12489 berlin",,
hrb_035223,,,"dircksenstrasse 38, 10178 berlin","dircksenstrasse 38, 13086 berlin","dircksenstrasse 38, 13086 berlin"
hrb_035230,"potsdamer strasse 60, 10785 berlin",,"mehrower allee 52, 12687 berlin",,"mehrower allee 52, 12687 berlin"
hrb_037586,"platz vor dem neuen tor 2, 10115 berlin","platz vor dem neuen tor 2, 10115 berlin",,"platz vor dem neuen tor, 2, 10115 berlin",
hrb_038061,"scharnweberstrasse 130/131, 13405 berlin","scharnweberstrasse 130/ 131, 13405 berlin","scharnweberstrasse 130/ 131, 13405 berlin",,
hrb_038393,"storkower strasse 115 a, 10407 berlin","storkower strasse 115 a, 10407 berlin","storkower strasse 115a, 10407 berlin","storkower strasse 115 a, 10407 berlin",
hrb_038757,"obentrautstrasse 16 - 18, 10318 berlin","rheinpfalzallee 82, 10318 berlin","rheinfalzallee 82, 10318 berlin","rheinpfalzallee 82, 10318 berlin","rheinpfalzallee 82, 10318 berlin"
hrb_040688,,"ostendstrasse 1-5, 12459 berlin",,"gerhard-sedlmayr-strasse 23, 12487 berlin",
hrb_041524,"karl-marx-strasse 163, 12043 berlin","karl-marx-strasse 163, 12043 berlin","karl-marx-strasse 163, 12043 berlin","karl-marx-strasse 163, 12043 berlin","ringbahnstrasse 32 - 34, 12099 berlin"
hrb_041860,"christinenstrasse 18/19, 10119 berlin","christinenstrasse 18/19, 10119 berlin","christinenstrasse 18/19, 10119 berlin","christinenstrasse 18 / 19, 10119 berlin","christinenstrasse 18/19, haus 14, 10119 berlin"
hrb_042166,"adele-sandrock-strasse 10, 12627 berlin",,,,"werbellinstrasse 12, 12053 berlin"
hrb_043187,"blumberger damm 12/14, 12683 berlin","blumberger damm 12 - 14, 12683 berlin","blumberger damm 12/14, 12683 berlin",,
hrb_043268,,,"flottenstrasse 21-22, 13407 berlin","flottenstrasse 21-22, 13407 berlin","flottenstrasse 21-22, 10435 berlin"
hrb_043360,"erich-weinert-strasse 145, 10409 berlin","wackenbergstrasse 68, 13156 berlin","wackenbergstrasse 68, 13156 berlin","wackenbergstrasse 68, 13156 berlin","wackenbergstrasse 68, 13156 berlin"
hrb_043407,"spandauer damm, 14050 berlin",,,"salvador-allende-strasse 2-8, 12559 berlin",
hrb_043686,"alexandrinenstrasse 2 - 3, 10969 berlin","alexandrinenstrasse 2-3, 10969 berlin","alexandrinenstrasse 2-3, 10969 berlin",,
hrb_044197,"friedrichshagener strasse 8 r, 12555 berlin","wilhelminenhofstrasse 89 a, 12459 berlin","wilhelminenhofstrasse 89a, 12459 berlin","wilhelminenhofstrasse 89 a, 12459 berlin","wilhelminenhofstrasse 89 a, 12459 berlin"
hrb_044334,"nordendstrasse 50, 13156 berlin","nordendstrasse 50, 13156 berlin","nordendstrasse 50, 13156 berlin","nordendstrasse 50, 13156 berlin","nordendstrasse 56, 13156 berlin"
hrb_044819,"ferdinand- schulze-strasse 71, 13057 berlin","stefan heym platz 1, 10367 berlin",,,"stefan-heym-platz 1, 10365 berlin"
hrb_045313,"französische strasse 23, 10117 berlin",,,,"mohrenstrasse 20, 10117 berlin"
hrb_045531,"robert-rössle strasse 10, 13125 berlin","robert-rössle-strasse 10, 13125 berlin",,,
hrb_045810,"obentrautstrasse 55, 10963 berlin","obentrautstrasse 55, 10963 berlin","obentrautstrasse 55, 10963 berlin","obentrautstrasse 55, 10963 berlin","urbanstrasse 100, 10967 berlin"
hrb_046572,"justus von liebig strasse 6, 12489 berlin","justus-von-liebig-strasse 6, 12489 berlin","justus-von-liebig-strasse 6, 12489 berlin",,
hrb_047424,"köpenicker strasse 325, haus 211, 12555 berlin","köpenicker strasse 325, 12555 berlin",,,"köpenicker strasse 325, haus 211, 12555 berlin"
hrb_047825,"am borsigturm 40, 13591 berlin","am borstigturm 40, 13507 berlin",,,
hrb_048406,"schkopauer ring 12, 12681 berlin",,"schkopauer ring 22, 12681 berlin","schkopauer ring 22, 12681 berlin",
hrb_048597,"dahlemer weg 145, 14167 berlin","hartriegelstrasse 132, 12439 berlin",,,
hrb_048652,"am karlsbad 11, 10785 berlin","am karlsbad 11, 10785 berlin","am karlsbad 11, 10785 berlin",,"schöneberger strasse 15, 10963 berlin"
hrb_048953,"wolfener strasse 32 - 34 / haus h, 12681 berlin","wolfener strasse 32-34 / haus h, 12681 berlin",,,
hrb_049640,"tabbertstrasse 10-11, 12459 berlin","tabberstrasse 10-11, 12459 berlin","tabbertstrasse 10-11, 12459 berlin",,
hrb_049649,"normannenstrasse 1 - 2, 10367 berlin","normannenstrasse 1 - 2, 10367 berlin","plauener strasse 163 - 165, haus g, 13053 berlin","plauener strasse 163 - 165, haus g, 13053 berlin","plauener strasse 163-165, haus g, 13053 berlin"
hrb_051617,"schönhauser allee 37 - kulturbrauerei haus 1, 10435 berlin","schönhauser allee 37, 10435 berlin",,,
hrb_054296,"gartenstrasse 1/5, 13088 berlin",,,,"gartenstrasse 1, 13088 berlin"
hrb_054310,"geibelstrasse 77/78, 12305 berlin","geibelstrasse 77/78, 12305 berlin","lahnstrasse 86a, 12055 berlin","lahnstrasse 86a, 12055 berlin","lahnstrasse 86a, 12055 berlin"
hrb_054664,"roelckestrasse 77- 80, 13088 berlin","roelckestrasse 77-80, 13088 berlin","roelckestrasse 77-80, 13088 berlin",,
hrb_057176,"richard-sorge-strasse 21 a, 10249 berlin","richard-sorge-strasse 21 a, 10249 berlin","richard-sorge-strasse 21 a, 10249 berlin","schwiebusser strasse 18, 10965 berlin","schwiebusser strasse 18, 10965 berlin"
hrb_057560,"koloniestrasse 133-136, 13359 berlin","an der wuhlheide 171, 12459 berlin","koloniestrasse 133 - 136, 13359 berlin",,"koloniestrasse 133 - 136, 13359 berlin"
hrb_057685,"alte jakobstrasse 79/80, 10179 berlin","schönhauser allee 36, 10435 berlin",,"schönhauser allee 36, 10435 berlin","schönhauser allee 36, 10435 berlin"
hrb_057782,,"rudolfstrasse 18, 10245 berlin",,"marzahner strasse 21k, 13053 berlin",
hrb_059375,"rudolf-baschant-strasse 2, 13086 berlin",,"rudolf-baschant-strasse 2, 13086 berlin","schkopauer ring 6, 12681 berlin","rudolf-baschant-strasse 2, 13086 berlin"
hrb_060456,"nassauische strasse 5, 10717 berlin","nassauische strasse 5, 10717 berlin","nassauische strasse 5, 10717 berlin","nassauische strasse 5, 10717 berlin","erich-steinfurth-strasse 7, 10243 berlin"
hrb_061450,"plauener strasse 163-165 / haus n, 13053 berlin",,"plauener strasse 163-165, haus n, 13053 berlin","plauener strasse 163-165, haus n, 13053 berlin",
hrb_062425,"mehringdamm 55, 10961 berlin","mehringdamm 55, 10916 berlin",,,
hrb_064315,"roelckestrasse 152/153, 13086 berlin",,,"roelckestrasse 152 - 153, 13086 berlin","roelckestrasse 152, 13086 berlin"
hrb_065940,"goerzallee 305 e, 14167 berlin","goerzallee 305e, 14167 berlin",,,
hrb_066141,,"steglizer damm 50, 12169 berlin",,,"steglitzer damm 50, 12169 berlin"
hrb_066700,"müllerstrasse 56 - 58, 13349 berlin","müllerstrasse 56 - 58, 13349 berlin","müllerstrasse 56 - 58, 13349 berlin","müllerstrasse 56-58, 13349 berlin","prinz-eugen-strasse 22, 13347 berlin"
hrb_066849,"alice-salomon-platz 2, 12627 berlin","alice-salomon platz 2, 12627 berlin",,"alice-salomon-platz 2, 12627 berlin",
hrb_066864,"cuvrystrasse 22, 10997 berlin","naumburger strasse 4, 12057 berlin",,,
hrb_066954,,"wönnichstrasse 68-70, 10245 berlin","wönnichstrasse 68 - 70, 10245 berlin","wönnichstrasse 68 - 70, 10245 berlin",
hrb_067615,"richard-sorge-strasse 21 a, 10249 berlin","richard-sorge-strasse 21 a, 10249 berlin","richard-sorge-strasse 21 a, 10249 berlin","schwiebusser strasse 18, 10965 berlin","schwiebusser strasse 18, 10965 berlin"
hrb_068232,,"kühnemannstrasse 29-45, 13409 berlin",,"kühnemannstrasse 21-45, 13409 berlin",
hrb_068738,,"ullsteinstrasse 120, 12109 berlin",,"am studio 2a, 12489 berlin",
hrb_069806,"joachimstaler strasse 14, 10719 berlin","dominicusstrasse 5, 10823 berlin","dominicusstrasse 5, 10823 berlin","dominicusstrasse 5, 10823 berlin","dominicusstrasse 5, 10823 berlin"
hrb_070437,"gsg-hof geneststrasse 5, eingang reichartstrasse 2, 10829 berlin","geneststrasse 5, 10829 berlin","axel-springer-strasse 42, 10969 berlin",,"geneststrasse 5, 10829 berlin"
hrb_070703,"berliner strasse 2, 13507 berlin","knappenpfad 8, 13465 berlin","knappenpfad 8, 13465 berlin",,
hrb_071528,,"pankstrasse 8-10, 13127 berlin","pankstrasse 8-10 gebäude a, 13127 berlin",,
hrb_071999,"obentrautstrasse 16 - 18, 10969 berlin","prinzenstrasse 32 - 34, 10969 berlin","prinzenstrasse 32 - 34, 10969 berlin","prinzenstrasse 32 - 34, 10969 berlin","prinzenstrasse 32, 10969 berlin"
hrb_072244,"genestrasse 5, 10829 berlin","röblingstrasse 152-154, 12105 berlin","röblingstrasse 152-154, 12105 berlin","röblingstrasse 152-154, 12105 berlin",
hrb_072393,"pankstrasse 8, 13127 berlin","zimbelstrasse 26, 13127 berlin","zimbelstrasse 26, 13127 berlin","zimbelstrasse 26, 13127 berlin",
hrb_072563,,"plauener strasse 163-165, haus c, 13053 berlin","plauener strasse 163-165, 13053 berlin",,
hrb_072586,"ehrenbergstrasse 16a, 10245 berlin","ehrenbergstrasse 16 a, 10245 berlin",,,
hrb_072688,"obentrautstrasse 16 - 18, 10997 berlin","cuvrystrasse 34, 10997 berlin","cuvrystrasse 34, 10997 berlin","cuvrystrasse 34, 10997 berlin","cuvrystrasse 34, 10997 berlin"
hrb_073327,"spandauer damm, 14050 berlin",,,"spandauer damm 130, 14050 berlin",
hrb_073476,"carl-scheele strasse 14, 12489 berlin",,,"ernst-lau-strasse 5, 12489 berlin",
hrb_073800,"heidelberger strasse 64a, 12435 berlin",,,,"eginhardstrasse 5, 10318 berlin"
hrb_074008,"ritterlandweg 49/51, 13409 berlin","ritterlandweg 49/51, 13409 berlin",,"ritterlandweg 49, 13409 berlin","ritterlandweg 49, 13409 berlin"
hrb_075140,,"gross-berliner-damm 83a, 12487 berlin",,"gross-berliner damm 83a, 12487 berlin",
hrb_075208,"wilhelm-von-siemens-strasse 23 / aufgang e, 12277 berlin","wilhelm-von-siemens-strasse 23, 12277 berlin","wilhelm-von-siemens-strasse 23 / aufgang e, 12277 berlin","wilhelm-von-siemens-strasse 23 / aufgang e, 12277 berlin","wilhelm-von-siemens-strasse 23 / aufgang e, 12277 berlin"
hrb_076305,,"köpenicker strasse 70, 10179 berlin","köpenickerstrasse 70, 10179 berlin",,
hrb_076621,,"rothenbücher weg 15, 10719 berlin","rothenbücher weg 15, 14089 berlin",,
hrb_077849,"aroser allee 72 - 76, 13407 berlin","aroser allee 72 - 76, 13407 berlin","aroser allee 72 - 76, 13407 berlin","aroser allee 72-76, 13407 berlin","aroser allee 72-76, 13407 berlin"
hrb_077901,"hallesches ufer - gebäudeteil f 60, 10963 berlin","hallesches ufer - gebäudeteil f 60, 10963 berlin","richard-sorge-strasse 21 a, 10249 berlin","richard-sorge-strasse 21a, 10249 berlin","richard-sorge-strasse 21 a, 10249 berlin"
hrb_079254,,"bessemerstrasse 22, 12103 berlin","waidmannsluster damm 142, 13469 berlin",,
hrb_079310,"senefelderstrasse 5, 10437 berlin","senefelder strasse 6, 10437 berlin","senefelder strasse 6, 10437 berlin","senefelder strasse 6, 10437 berlin","senefelder strasse 6, 10437 berlin"
hrb_079460,,,"tino-schwierzina-strasse 79 r, 13089 berlin","tino-schweirzina-strasse 79r, 13089 berlin","tino-schwierzina-strasse 79r, 13089 berlin"
hrb_080042,,"warschauer strasse 39/40, 10243 berlin",,,"skalitzer strasse 85-86, 10997 berlin"
hrb_080143,"buchholzer strasse 64 a, 13156 berlin","buchholzer strasse 64a, 13156 berlin",,,
hrb_080561,,"clausewitzstrasse 2, 10629 berlin","wilmersdorfer strasse 79, 10627 berlin",,
hrb_080732,,"rudower chaussee 29, 12489 berlin",,,"rudower chaussee 29 (igz), 12489 berlin"
hrb_082365,,"gubener strasse 47, 10243 berlin",,"gubenerstrasse 47, 10243 berlin",
hrb_082422,"maxstrasse 3a, 13347 berlin","maxstrasse 3a, 13347 berlin","ollenhauerstrasse 127, 13403 berlin","ollenhauerstrasse 127, 13403 berlin","ollenhauerstrasse 127, 13403 berlin"
hrb_082787,"ohlauer strasse 22, 10999 berlin","ritterstrasse 2b, 10969 berlin","ritterstrasse 2b, 10969 berlin","ritterstrasse 2b, 10969 berlin","schöneberger strasse 17a, 10963 berlin"
hrb_083094,"waldenserstrasse 2-4, 10551 berlin","waldenserstrasse 2 - 4, 10551 berlin","waldenserstrasse 2 - 4, 10551 berlin","waldenserstrasse 2 - 4, 10551 berlin",
hrb_083319,,"alt-moabit 91 d, 10559 berlin","alt-moabit 91d, 10559 berlin",,
hrb_084461,"cicerostrasse 24, 10709 berlin","cicerostrasse 24, 10709 berlin","cicerostrasse 24, 10709 berlin","cicerostrasse 24, 10709 berlin","grunewaldstrasse 61-62, 10825 berlin"
hrb_084989,"schönhauser allee 36-39, 10435 berlin","schönhauser alle 36, 10435 berlin","schönhauser alle 36, 10435 berlin","schönhauser allee 36-39, 10435 berlin","schönhauser allee 36-39, 10435 berlin"
hrb_086518,"warmenseinacher strasse 60, 12349 berlin","warmenseinacher strasse 60, 12349 berlin",,"warmenseinacher strasse 60, 12349 berlin","warmensteinacher strasse 60, 12681 berlin"
hrb_086774,"schönhauser allee 177 b, 10119 berlin",,,,"schönhauser allee 177b, 10119 berlin"
hrb_087681,,"geneststrasse 5 hof 1 haus 4 aufgang b, 10829 berlin","geneststrasse 5, 10829 berlin","geneststrasse 5, 10829 berlin","genestrasse 5, 10829 berlin"
hrb_087691,"koppenstrasse 3, 10243 berlin","koppenstrasse 3, 10243 berlin","europaplatz 1, 10557 berlin","europaplatz 1, 10557 berlin","europaplatz 1, 10557 berlin"
hrb_087766,,"oudenarderstrasse 16, 13347 berlin",,"oudenarder strasse 16-20, 13347 berlin",
hrb_089368,"drontheimer strasse 34, 13359 berlin","drontheimer strasse 34, 13359 berlin","drontheimer strasse 32, 13359 berlin","drontheimer strasse 32, 13359 berlin","drontheimer strasse 32, 13359 berlin"
hrb_089951,,"westhafenstrasse 1, 13353 berlin","westhafenstasse. 1, 13353 berlin","westhafenstrasse 1, 13353 berlin",
hrb_090376,"promenadenstrasse 3 - 5, 12207 berlin",,,,"promenadenstrasse 5a, 12207 berlin"
hrb_091296,"karl-marx-strasse 71, 12043 berlin","wilhelm-kabus-strasse 42-44, 10829 berlin","wilhelm-kabus-strasse 42-44, 10829 berlin","wilhelm-kabus-strasse 42 – 44, 10829 berlin","wilhelm-kabus-strasse 42-44, 10829 berlin"
hrb_092421,"gerichtstrasse 9 a, 13347 berlin","gerichtsstrasse 9 a, 13347 berlin","gerichtstrasse 9 a, 13347 berlin","gerichtsstrasse 9 a, 13347 berlin","gerichtsstrasse 9 a, 13347 berlin"
hrb_092506,"priesterweg 6, 10829 berlin","priesterweg 6, 10929 berlin","priesterweg 6, 10829 berlin","priesterweg 6, 10829 berlin","priesterweg 6, 10829 berlin"
hrb_092865,"scharfe lanke 113c, 13587 berlin","scharfe lanke 113c, 13595 berlin",,,
hrb_094386,"james-franck-strasse 15, 12489 berlin","james-franck-strasse 15, 12355 berlin",,,
hrb_094473,"friedrich-olbricht-damm 64, 13627 berlin",,"friedrich-olbricht damm 64, 13627 berlin","friedrich-olbricht-damm 64, 13627 berlin","friedrich-olbricht-damm 64, 13627 berlin"
hrb_095728,"barbara-mcclintock-strasse 11, 12589 berlin","barbara-mcclintock-strasse 11, 12487 berlin","barbara-mcclintock-strasse 11, 12489 berlin",,
hrb_095854,"geibelstrasse 77/78, 12305 berlin","geibelstrasse 77/78, 12305 berlin","lahnstrasse 86 a, 12055 berlin","lahnstrasse 86 a, 12055 berlin","lahnstrasse 86 a, 12055 berlin"
hrb_095878,,,,"tempelhofer damm 146, 12099 berlin","kottbusser damm 94, 10967 berlin"
hrb_095913,,"zitadellenweg 20e, 13599 berlin","zitadellenweg 20 e, 13599 berlin","zitadellenweg 20e, 13599 berlin","zitadellenweg 20 e, 13599 berlin"
hrb_096110,,,,"wildenowstrasse 38, 12203 berlin","willdenowstrasse 38, 12203 berlin"
hrb_096697,"obentrautstrasse 72, 10963 berlin","maxstrasse 3a, 14437 berlin",,,
hrb_097535,,,,"karl-marx-strasse 206, 12055 berlin","buschkrugallee 27, 12359 berlin"
hrb_098725,"apostel-paulus-strasse 32, 10823 berlin","willibald-alexis-strasse 13, 10965 berlin","willibald-alexis-strasse 13, 10965 berlin",,
hrb_099234,,"wilhelmstrasse 52, 10117 berlin","alt-stralau 37- 39, 10245 berlin","alt-stralau 37-39, 10249 berlin","alt-stralau 37-39, 10245 berlin"
hrb_099644,"zwinglistrasse 37, 10555 berlin","holzhauser strasse 180, 13509 berlin","zwinglistrasse 37, 10555 berlin","holzhauser strasse 180, 13509 berlin","holzhauser strasse 180, 13509 berlin"
hrb_100307,"liebermannstrasse 20-22, 13088 berlin",,,,"liebermannstrasse 20, 13088 berlin"
hrb_102201,"uferstrasse 8/23, 13357 berlin","uferstrasse 23, 13357 berlin","uferstrasse 23, 13357 berlin","uferstrasse 23, 13357 berlin","uferstrasse 23, 13357 berlin"
hrb_103417,"kurfürstendamm 125 a, 10711 berlin","kurfürstendamm 125 a, 10711 berlin",,,"goerzallee 299, 14167 berlin"
hrb_103574,"jägerstrasse 39 a, 12209 berlin","jägerstrasse 39 a, 12209 berlin","jägerstrasse 39a, 12209 berlin","jägerstrasse 39a, 12209 berlin","jägerstrasse 39a, 12209 berlin"
hrb_104795,"köpenicker strasse 325, haus 41, 12555 berlin",,"köpenicker strasse 325, haus 11, 12555 berlin",,
hrb_105245,,"wiesenweg 10, 12257 berlin","wiesenweg 10, 12247 berlin","wiesenweg 10, 12247 berlin",
hrb_105561,"am kleinen wannsee 5, 14109 berlin","am kleinen wannsee 5, 14109 berlin","am kleinen wannsee 5, 14109 berlin","am kleinen wannsee 5, 14109 berlin","am kleinen wannsee 5a, 14109 berlin"
hrb_105986,"schönwalder allee 26, 13587 berlin","schönwalder allee 26, 13587 berlin","schönwalder allee 26 / haus 50, 13587 berlin","schönwalder allee 26 / haus 50, 13587 berlin","schönwalder allee 26, 13587 berlin"
hrb_107247,"kürfürstendamm 103/104, 10711 berlin",,,"kurfürstendamm 103/104, 10711 berlin",
hrb_107598,,"eurlichstrasse 10, 10318 berlin","ehrlichstrasse 10, 10318 berlin",,
hrb_108537,"christinenstrasse 18 / 19, 10119 berlin","christinenstrasse 18 / 19, 10119 berlin","christinenstrasse 18 / 19, 10119 berlin","christinenstrasse 18 / 19, 10119 berlin","christinenstrasse 18-19, 10119 berlin"
hrb_108801,"obentrautstrasse 16 - 18, 13347 berlin","seestrasse 64, 13347 berlin","seestrasse 64, 13347 berlin","seestrasse 64, 13347 berlin","seestrasse 64, 13347 berlin"
hrb_110784,"plauener strasse 163-165, 13053 berlin","plauener strasse 163-165, haus 3 / aufgang c, 13053 berlin","plauener strasse 163-165, haus 3 / aufgang c, 13053 berlin",,
hrb_111533,"reuchlinstrasse 10-11 aufgang h, 10553 berlin","reuchlinstrasse 10, 10553 berlin",,,
hrb_112450,,"justus-von-liebig-strasse 2, 12489 berlin","justus-von-liebig-strasse 2, 12489 berlin",,"ludwig-boltzmann-strasse 3, 12489 berlin"
hrb_112937,,"lankwitzer strasse 19, 12107 berlin",,"friedenstrasse 26, 12107 berlin","friedenstrasse 26, 12107 berlin"
hrb_113023,,,"kleiststrasse 26b, 14163 berlin","kleiststrasse 26 b, 14163 berlin","kleiststrasse 26 b, 14163 berlin"
hrb_113740,"klosterstrasse 44, 10179 berlin","- fahrbereitschaft - herzbergstrasse 40-43, 10365 berlin","- fahrbereitschaft - herzbergstrasse 40-43, 10179 berlin","- fahrbereitschaft - herzbergstrasse 40-43, 10365 berlin","- fahrbereitschaft - herzbergstrasse 40-43, 10365 berlin"
hrb_114389,"franz-jacob-strasse 2 a, 10369 berlin","franz-jacob-strasse 2 a, 10369 berlin","franz-jacob-strasse 2, 10369 berlin","franz-jacob-strasse 2 a, 10369 berlin","franz-jacob-strasse 2 a, 10369 berlin"
hrb_114805,,"berliner allee 309-311, 13088 berlin",,,"berliner allee 309 - 311, 13088 berlin"
hrb_114859,"siemensstrasse 26a, 10551 berlin","siemensstrasse 26a, 10551 berlin","siemensstrasse 26a, 10551 berlin","siemensstrasse 26 a, 10551 berlin","siemensstrasse 26a, 10551 berlin"
hrb_115111,"allerstrasse 18, 12049 berlin","allerstrase 18, 12049 berlin",,,
hrb_115173,"wönnichstrasse 68/70, 10317 berlin","rudolstädter strasse 106, 10713 berlin","rudolstädter strasse 106, 10713 berlin",,
hrb_115418,"badenallee 31/32, 14052 berlin",,"badenallee 31-32, 14052 berlin",,
hrb_115888,"lahnstrasse 86 a, 12055 berlin","lahnstrasse 86a, 12055 berlin","lahnstrasse 86a, 12055 berlin","lahnstrasse 86a, 12055 berlin","lahnstrasse 86a, 12055 berlin"
hrb_115918,,"herzbergstrasse 128-139, 13053 berlin","herzbergstrasse 128-139, 10365 berlin",,
hrb_116227,,"oberwallstrasse 7, 10117 berlin","oberwallstrasse 9, 10117 berlin",,
hrb_116768,"berliner strasse 14, 13507 berlin","berliner strasse, 13507 berlin","berliner strasse, 13507 berlin","berliner strasse, 13507 berlin","berliner strasse, 13507 berlin"
hrb_116775,"saalmannstrasse 7-9, 13403 berlin",,,"blomberger weg 5, 13437 berlin","blomberger weg 5, 13437 berlin"
hrb_116996,,"wartenburgstrrasse 1, 10963 berlin",,,"wartenburgstrasse 1, 10963 berlin"
hrb_117804,,"hauptstrasse 27, 10827 berlin",,"hauptstrasse 27, 10827 berlin","haubachstrasse 8, 10585 berlin"
hrb_118011,"allee der kosmonauten 23 b, 10315 berlin","allee der kosmonauten 23 b, 10315 berlin","allee der kosmonauten 23 b, 10315 berlin","allee der kosmonauten 23 b, 10315 berlin","allee der kosmonauten 23b, 10315 berlin"
hrb_118469,"biesdorfer weg 28, 12683 berlin","seelenbinderstrasse 43, 12555 berlin","biesdorfer weg 28, 12683 berlin",,
hrb_119298,"karl-marx-strasse 84, 12043 berlin","karl-marx-strasse 84, 12043 berlin","hasenheide 107-113, 10967 berlin","hasenheide 107-113, 10967 berlin","hasenheide 107-113, 10967 berlin"
hrb_120343,"prinzenstrasse 84.2, 10969 berlin","prinzenstrasse 84.2, 10969 berlin",,,"katzlerstrasse 5, 10829 berlin"
hrb_120975,"seestrasse 64-67, 13347 berlin","seestrasse 64-67, 13347 berlin","seestrasse 64, 13347 berlin","seestrasse 64-67, 13347 berlin","seestrasse 64-67, 13347 berlin"
hrb_120986,"karl-marx-allee 93a, 10243 berlin",,"karl-marx-allee 93 a, 10243 berlin","karl-marx-allee 93a, 10243 berlin","karl-marx-allee 93a, 10243 berlin"
hrb_121043,"hermannstrasse 99-105, 12015 berlin","hermannstrasse 99-105, 12015 berlin","hermannstrasse 99-105, 12051 berlin","hermannstrasse 99-105, 12015 berlin","hermannstrasse 99-105, 12015 berlin"
hrb_121600,"wilhelmstrasse 52, 10117 berlin","wilhelmstrasse 52, 10117 berlin","alt-stralau 37-39, 10245 berlin","alt-stralau 37-39, 10245 berlin","alt-stralau 37-39, 10245 berlin"
hrb_122091,,"charlottenstrasse 58 - 62, 12247 berlin","charlottenstrasse 58, 12247 berlin",,
hrb_122260,"tempelhofer weg 69, 10829 berlin",,,,"ella-barowsky-strasse 69, 10829 berlin"
hrb_123769,"landsberger allee 131 a, 10369 berlin","landsberger allee 131a, 10369 berlin","landsberger allee 131 a, 10369 berlin",,"landsberger allee 131 a, 10369 berlin"
hrb_123802,"torellstrasse 1, 10243 berlin","torellstrasse 1, 10243 berlin","torellstrasse 1, 10243 berlin","voigtstrasse 41, 10247 berlin","voigtstrasse 41, 10247 berlin"
hrb_124070,"schönwalder allee 26/45, 13587 berlin","schönwalder allee 26/45, 13587 berlin","schönwalder allee 26/45, 13587 berlin","schönwalder allee 26, 13587 berlin","schönwalder allee 26, 13587 berlin"
hrb_124388,"friedrich-wilhelm-strasse 22, 12103 berlin","friedrich-wilhelm-strasse 22, 12103 berlin","friedrich-wilhelm-strasse 22, 12103 berlin","friedrich-wilhelm-strasse 22, 12103 berlin","alt-mariendorf 55, 12107 berlin"
hrb_125756,,"neue grünstrasse 17, 10179 berlin","schützenstrasse 5, 10117 berlin",,
hrb_126242,,,"obstallee 22 c, 13593 berlin","brunsbütteler damm 132, 13581 berlin","obstallee 22c, 13593 berlin"
hrb_128190,"plauener strasse 163-165, 13053 berlin",,"plauener strasse 163-165, haus 4, 13053 berlin","plauener strasse 163-165, 13053 berlin",
hrb_129215,"chausseestrasse 8e, 10115 berlin","chausseestrasse 8e, 10115 berlin","kochstrasse 6-7, 10969 berlin","kochstrasse 6-7, 10969 berlin","kochstrasse 6-7, 10969 berlin"
hrb_129475,,"beusselstrasse 44 n-q, 10553 berlin",,"beusselstrasse 44 n - q, 10553 berlin",
hrb_130684,,,,"columbiadamm 10, 12101 berlin","columbiadamm 10, a 2, 12101 berlin"
hrb_131325,"berliner strasse 14, 13507 berlin","berliner strasse 14, 13507 berlin","röttkenring 27, 13053 berlin",,
hrb_131727,"alt moabit 59-61, 10555 berlin","alt-moabit 59-61, 10555 berlin","hallerstrasse 6, 10587 berlin",,
hrb_132344,"haubachstrasse 15, 10585 berlin","haubachstrasse 15, 10585 berlin","haubachstrasse 15, 10585 berlin","haubachstrasse 15, 10585 berlin","goethestrasse 71, 10625 berlin"
hrb_132631,"türrschmidtstrasse 7/8, 10317 berlin","türrschmidtstrasse 7 / 8, 10317 berlin","türrschmidtstrasse 7/8, 10317 berlin","türrschmidtstrasse 7/8, 10317 berlin","türrschmidtstrasse 7/8, 10317 berlin"
hrb_132811,,"köpenicker strasse 154, 10997 berlin",,"köpenickerstrasse 154, 10997 berlin",
hrb_133287,"beuthstrasse 8, 10117 berlin","beuthstrasse 8, 10117 berlin",,"beuthstrasse 8, 10117 berlin","storkower strasse 115 a, 10407 berlin"
hrb_133461,,"rollbergstrasse 59 (zugang werbellinstrasse 50), 12053 berlin","rollbergstrasse 59, 12053 berlin",,
hrb_134136,"gustav-freytag-strasse 1, 10827 berlin","richard-sorge-strasse 21a, 10249 berlin","richard-sorge-strasse 21 a, 10249 berlin","richard-sorge-strasse 21 a, 10249 berlin","schwiebusser strasse 18, 10965 berlin"
hrb_134539,,,"reuchlinstrasse 10-11, 10553 berlin","kemperplatz 1, 10785 berlin",
hrb_134574,,,"stewardstrasse 23, 14169 berlin","hamerlingweg 18, 14167 berlin",
hrb_135079,"martin-luther-strasse 77, 10825 berlin","martin-luther-strasse 77, 10825 berlin","martin-luther-strasse 77, 10825 berlin","martin-luther-strasse 77, 10825 berlin","marktstrasse11, 10317 berlin"
hrb_135166,,"uhlandstrasse 97, 10715 berlin",,,"juliusstrasse 19, 12051 berlin"
hrb_135198,"schlossstrasse 41 a, 12165 berlin","kemperplatz 1, 10785 berlin",,,
hrb_136040,"bernburger strasse 24-25, 10963 berlin",,"bernburger strasse 24/25, 10963 berlin","bernburger strasse 24-25, 10963 berlin",
hrb_136117,"schillerpromenade 1, 12049 berlin","sigmaringer strasse 1, 10713 berlin","sigmaringer strasse 1, 10713 berlin","friedbergstrasse 20, 14057 berlin","friedbergstrasse 20, 14057 berlin"
hrb_136379,"hertzstrasse 67, 13158 berlin","hertzstrasse 67, gebäude c4, 13158 berlin","hertzstrasse 67, 13158 berlin","hertzstrasse 67, 13158 berlin",
hrb_136908,"vor dem schlesischen tor 2, 10997 berlin","vor dem schlesischen tor 2a, 10997 berlin",,,
hrb_137204,,"südendstrasse 31, 12169 berlin","südendstrasse 31, 12169 berlin","albrechtstrasse 127, 12165 berlin","albrechtstrasse 127, 12165 berlin"
hrb_137252,"neuköllnische allee 154, 12057 berlin","neuköllnische allee 154, 12057 berlin","neuköllnische allee 154, 12057 berlin","neuköllnische allee, 154, 12057 berlin","neuköllnische allee 154, 12057 berlin"
hrb_137440,"crellestrasse 12, 10827 berlin",,,"schönhauser allee 6-7, 10119 berlin","schönhauser allee 6-7, 10119 berlin"
hrb_138636,"nossener strasse 87-89, 12627 berlin","nossener strasse 87-89, 12627 berlin","nossener strasse 87 - 89, 12627 berlin","nossener strasse 87 - 89, 12627 berlin","nossener strasse 87 - 89, 12627 berlin"
hrb_139004,"marburger strasse 2, 10789 berlin","marburger strasse 2, 10789 berlin",,,"marburger strasse 2, 10785 berlin"
hrb_139027,"monumentenstrasse 13a, 10829 berlin","monumentenstrasse 13 a, 10829 berlin",,"monumentenstrasse 13a, 10829 berlin",
hrb_139349,,"ordensmeisterstrasse 15, 12099 berlin","bergholzstrasse 8, 12099 berlin",,
hrb_139497,"stubenrauchstrasse 72, 12161 berlin","mehringdamm 101, 10965 berlin",,,
hrb_139776,,"seeburger strasse 87a, 13581 berlin","seeburger strasse 87a, 13581 berlin","seeburger strasse 87 a, 13581 berlin",
hrb_139877,,,"wichertstrasse 16/17, 10439 berlin","pestalozzistrasse 13, 12557 berlin","pestalozzistrasse 13, 12557 berlin"
hrb_140824,,"senefelderstrasse 16, 10437 berlin",,"köpenicker strasse 147, 10997 berlin","köpenicker strasse 147, 10997 berlin"
hrb_141259,"am borsigturm 100, 13507 berlin","am borsigturm 100, 13507 berlin","holzhauser strasse 153, 13509 berlin",,"holzhauser strasse 153, 13509 berlin"
hrb_143160,,"edisonstrasse 29, 12459 berlin","edisonstrasse 29, 12459 berlin","edisonsrasse 29, 12459 berlin","edisonsrasse 29, 12459 berlin"
hrb_143516,,,"mohrenstrasse 30, 10117 berlin","otto-franke-strasse 105, 12489 berlin",
hrb_144009,"volkmarstrasse 1-7, 12099 berlin","volkmarstrasse 1-7, 12099 berlin","volkmarstrasse 1-7, 12099 berlin","volkmarstrasse 1-7 halle d, 12099 berlin",
hrb_144318,,"robert-rössle-strasse10 / haus d 85, 13125 berlin","robert-rössle-strasse 10 / haus d 85, 13125 berlin",,
hrb_144490,"richard-wagner-strasse 51, 10585 berlin","richard wagner strasse 51, 10585 berlin","richard wagner strasse 51, 10585 berlin",,
hrb_144956,"storkower strasse 113, 10407 berlin",,"storkower strasse 113, 10407 berlin",,"storkower strasse 129, 10407 berlin"
hrb_145226,,"triftstrasse 2, 13353 berlin","trifftstrasse 2, 13353 berlin","triftstrasse 2, 13353 berlin","triftstrasse 2, 13353 berlin"
hrb_145294,,"maxstrasse 3a, 13347 berlin",,"ollenhauerstrasse 127, 13403 berlin","ollenhauerstrasse 127, 13403 berlin"
hrb_146003,"buschkrugallee 31, 12359 berlin","buschkrugallee 31, 12359 berlin","buschkrugallee 31, 12359 berlin","gross ziethener chaussee 40, 12355 berlin","gross-ziethener chaussee 40, 12355 berlin"
hrb_146099,"beusselstrasse 44 n-q, haus 25, 10553 berlin","beusselstrasse 44 n-q, haus 25 44, lager eg, 10553 berlin",,,"beusselstrasse 44 n-q, haus 25, 10553 berlin"
hrb_146760,"rosenthaler strasse 40 / 41, 10178 berlin","rosenthaler strasse 40/41, 10178 berlin","rosenthaler strasse 40/41, 10178 berlin","rosenthaler strasse 40/41, 10178 berlin",
hrb_146784,,"grosse hamburger strasse 32, 10178 berlin","sophienstrasse 1, 10178 berlin",,
hrb_146924,,"mühlenstrasse 62, haus 4, 13187 berlin","mühlenstrasse 62, 13187 berlin",,
hrb_147058,,,"reichsstrasse 92a, 14052 berlin","reichsstrasse 92 a, 14052 berlin",
hrb_147121,"kleine hamburger strasse 24-25, 10115 berlin","kleine hamburger strasse 24/25, 10115 berlin","kleine hamburger strasse 24/25, 10115 berlin","borsigstrasse 15 a, 10115 berlin","borsigstrasse 15 a, 10115 berlin"
hrb_147690,"keplerstrasse 10, 10589 berlin","keplerstrasse 8-10, 10589 berlin",,"keplerstrasse 8-10, 10589 berlin",
hrb_147810,"schillerstrasse 10, 10625 berlin","pestalozzistrasse 88, 10625 berlin","schillerstrasse 10, 10625 berlin","schillerstrasse 10, 10625 berlin","schillerstrasse 10, 10625 berlin"
hrb_148130,"friedrichstrasse 246, 10969 berlin","friedrichstrasse 246, 10969 berlin","friedrichstrasse 246, 10969 berlin","rollbergstrasse 28a, 10969 berlin",
hrb_148307,,"gross-berliner damm 82, 12487 berlin",,,"rhinstrasse 72, 12681 berlin"
hrb_148738,"zillestrasse 11, 10585 berlin","zillestrasse 9-11, 10585 berlin",,,
hrb_150102,,"holzmarktstrasse 19-25, 10243 berlin","holzmarktstrasse 19-23, 10243 berlin",,
hrb_150112,,"schmiedehof 1, 10965 berlin","schmiedehof 1, 10965 berlin","uhlandstrasse 29, 10719 berlin",
hrb_150435,"mierendorfstrasse 7, 10589 berlin","mierendorffstrasse 7, 10589 berlin",,,
hrb_150987,,"müllerstrasse 134a, 13349 berlin","am steinberg 20, 13086 berlin","am steinberg 20, 13086 berlin",
hrb_151381,,"sellerstrasse 31, geb p300, 13353 berlin","sellerstrasse 31, 13353 berlin",,
hrb_151518,"christburger strasse 14, 10405 berlin","christburger strasse 14, 10405 berlin","christburger strasse 14, 10405 berlin","christburger strasse 7, 10405 berlin","christburger strasse 14, 10405 berlin"
hrb_152207,"tempelhofer damm 125, 12099 berlin","tempelhofer damm 125, 12099 berlin","silbersteinstrasse 29, 12051 berlin","silbersteinstrasse 29, 12051 berlin","silbersteinstrasse 29, 12051 berlin"
hrb_152818,"ostendstrasse 25, 12459 berlin","bruno-bürgel-weg 134-144, 12439 berlin",,,
hrb_153069,"spiekermannstrasse 31 a, 13189 berlin","spiekermannstrasse 31a, 13189 berlin",,,
hrb_153803,"juliushof 3, 12051 berlin","juliushof 3, 12051 berlin","juliushof 3, 12051 berlin","juliushof 3, 12051 berlin","attilastrasse 45, 12105 berlin"
hrb_153882,"götzstrasse 24 a, 12099 berlin","rübelandstrasse 9, 12053 berlin",,,
hrb_154180,"malplaquetstrasse 8, 13347 berlin",,,"malplaquetstasse 8, 13347 berlin","malplaquetstasse 8, 13347 berlin"
hrb_154358,,,,"württembergallee, 2, 14052 berlin","württembergallee 2, 14052 berlin"
hrb_154532,,"niemetzstrasse 47-49, aufgang 3a, 12055 berlin","niemetzstrasse 47-49 aufgang 3a, 12055 berlin",,
hrb_154585,"sonnenburger strasse 64, 10437 berlin",,,"sonnenburgerstrasse 64, 10437 berlin",
hrb_155142,"kurfürstenstrasse 15 - 16, 10785 berlin",,"kurfürstenstrasse 15 -16, 10785 berlin","kurfürstenstrasse 15 - 16, 10785 berlin","kurfürstenstrasse 15-16, 10785 berlin"
hrb_155462,"lindauer allee 4, 13407 berlin","lindauer allee 4, 13403 berlin",,,
hrb_156188,,"bernadotte strasse 7, 14193 berlin",,,"bernadottestrasse 7, 14193 berlin"
hrb_157023,"ackerstrasse 1 a, 10115 berlin","ackerstrasse 1a, 10115 berlin","ackerstrasse 1 a, 10115 berlin",,
hrb_157531,"frankfurter allee 14, 10247 berlin","frankfurter allee 14, 10247 berlin",,,"viktoria-luise-platz 12, 10777 berlin"
hrb_158044,"lessingstrasse 79, 13158 berlin","lessingstrasse 89, 13158 berlin","lessingstrasse 89, 13158 berlin","lessingstrasse 89, 13158 berlin","lessingstrasse 79, 13158 berlin"
hrb_158847,"robert-rössle-strasse 10, 12135 berlin",,"robert-rössle-strasse 10, 13125 berlin",,
hrb_159068,"gäblerstrasse 4 - 6, 13086 berlin","gäblerstrasse 4-6, 13086 berlin","gäblerstrasse 4-6, 13086 berlin","gäblerstrasse 4 - 6, 13086 berlin","gäblerstrasse 4 - 6, 13086 berlin"
hrb_159571,"feurigstrasse 54, 10827 berlin","feurigstrasse 54, 10827 berlin","helmholtzstrasse 2 - 9, 10587 berlin",,
hrb_159838,"hauptstrasse 9a, 13055 berlin",,,"hauptstrasse 9 a, 13055 berlin",
hrb_160760,"methfesselstrasse 50, 10557 berlin","innsbrucker strasse 38, 10825 berlin",,,
hrb_160890,,,,"chausseestrasse11, 10115 berlin","chausseestrasse 11, 10115 berlin"
hrb_161342,"buchwaldzeile 43, 14089 berlin","heerstrasse 579, 13591 berlin","heerstrasse 579, 13591 berlin",,
hrb_161506,,"fritschestrasse 27/28, 10585 berlin","bessemerstrasse 51, 12103 berlin","bessemerstrasse 51, 12103 berlin","bessemerstrasse 51, 12103 berlin"
hrb_161713,"strasse am flugplatz 6 a, 12487 berlin","strasse am flugplatz 6 a, 12487 berlin","strasse am flugplatz 6 a, 12487 berlin","strasse am flugplatz 6 a, 12487 berlin","strasse am flugplatz 6a, 12487 berlin"
hrb_161725,"skalitzer strasse 34, 10999 berlin","helmerdingstrasse 4, 10245 berlin",,,
hrb_162403,"bänschstrasse 24, 10247 berlin","bänschstrasse 24, 10247 berlin","weidenweg 53, 10247 berlin","weidenweg 53, 10247 berlin",
hrb_162716,"hardenbergplatz 2, 10623 berlin",,"jägerstrasse 51, 10117 berlin",,
hrb_162734,"fuggerstrasse 20, 10777 berlin",,"hohenstaufenstrasse 37, 10779 berlin","hohenstaufenstrasse 37, 10779 berlin","hohenstaufenstrasse 37, 10779 berlin"
hrb_163114,"wilhelmstrasse 25-30, 13593 berlin","wilhelmstrasse 28-30, 13593 berlin","wilhelmstrasse 25-30, 13593 berlin","wilhelmstrasse 26-30, 13593 berlin","wilhelmstrasse 26-30, 13593 berlin"
hrb_163320,"inselstrasse 9, 10179 berlin","rosenstrasse 17, 10178 berlin",,,
hrb_163778,"skalitzer strasse 59, 10997 berlin","skalitzer strasse 59, 10997 berlin","skalitzer strasse 59, 10997 berlin","bötzowstrasse 56, 10407 berlin","leipziger strasse 54, 10117 berlin"
hrb_163797,"schwarzwurzelstrasse 56/58, 12689 berlin",,,,"schwarzwurzelstrasse 56-58, 12689 berlin"
hrb_163822,"querweg 20, 13591 berlin","heerstrasse 613-615, 13591 berlin",,"am sonnenhügel 1, 13591 berlin",
hrb_164122,"josef-orlopp-strasse 54-56, 10365 berlin","jossef-orlopp-strasse 54, 10365 berlin","josef-orlopp-strasse 56, 10365 berlin","josef-orlopp-strasse 56, 10365 berlin","josef-orlopp-strasse 56, 10365 berlin"
hrb_164136,"reuchlinstrasse 10/11, aufgang h, 10553 berlin",,"reuchlinstrasse 10/11, aufgang h, 10553 berlin","reuchlinstrasse 10-11, aufgang h, 10553 berlin",
hrb_164625,"glambecker ring 80/82, 12679 berlin","glambecker ring 80, 12679 berlin",,,
hrb_164806,"greifswalder strasse 9, 10405 berlin",,,"greifswalderstrasse 9, 10405 berlin",
hrb_165542,"selchower strasse 34, 12435 berlin","selchower strasse 34, 12049 berlin",,,
hrb_165872,"wilhelm-kabus-strasse 36, 10829 berlin","wilhelm-kabus-strasse 21-35, 10829 berlin",,,
hrb_166652,"ostpreussendamm 71 a, 12207 berlin","ostpreussendamm 71a, 12207 berlin","ostpreussendamm 71a, 12207 berlin",,
hrb_167098,,"provinzstrasse 42a, 13409 berlin","provinzstrasse 42 a, 13409 berlin",,
hrb_167142,,"von-der-heydt-strasse 2, 10785 berlin","c/o wework, kemperplatz 1, 10785 berlin",,
hrb_167901,"dessauer strasse 28-29, 10963 berlin","oranienstrasse 6, 10997 berlin","schinkestrasse 9, 12047 berlin",,
hrb_167962,"schröderstrasse 5, 10115 berlin",,,,"bamberger strasse 40, 10779 berlin"
hrb_168084,"preussenallee 5, 14052 berlin","blankenburger chaussee 89, 13125 berlin","blankenburger chaussee 89, 13125 berlin",,
hrb_168428,,"helmholtzstrasse 2-9, gebäude a, 2.stock, 10587 berlin","helmholtzstrasse 2-9, 10587 berlin","helmholtzstrasse 2-9, 10587 berlin","helmholtzstrasse 2-9, 10587 berlin"
hrb_168702,,"reinickendorfer strasse 33, 13347 berlin","soldiner strasse 9, 13359 berlin",,
hrb_168869,"heubnerweg 2, 14059 berlin",,,"schönstrasse 80, 13086 berlin","schönstrasse 80, 13086 berlin"
hrb_169036,"ackerstrasse 147, 10115 berlin","boyenstrasse 42, 10115 berlin","am oberhafen 7, 13597 berlin","boysenstrasse 42, 10115 berlin","boyenstrasse 42, 10115 berlin"
hrb_169220,"nikolsburger platz 6, 10717 berlin","nikolsburger platz 6, 10717 berlin","hobrechtstrasse 55, 12047 berlin","hobrechtstrasse 55, 12047 berlin","hobrechtstrasse 55, 12047 berlin"
hrb_169608,"stavangerstrasse 3, 10439 berlin","stavangerstrasse 3, 10439 berlin","stavangerstrasse 3, 10439 berlin","stavangerstrasse 3, 10439 berlin","usedomer strasse 8, 13355 berlin"
hrb_169790,"danziger strasse 27 / c/o christian kluge, 10435 berlin","danziger strasse 27, 10435 berlin","danziger strasse 27, 10435 berlin",,
hrb_169897,"skalitzer strasse 97, 10997 berlin","skalitzer strasse 97, 10997 berlin","skalitzer strasse 97, 10997 berlin","budapesterstrasse 48, 10787 berlin",
hrb_169967,"warschauer strasse 58 a, 10243 berlin","max-urich-strasse 3, 13355 berlin",,,
hrb_169977,,,,"rudolf-spitzley-strasse 14, 13089 berlin","bielefelder strasse 6, 10709 berlin"
hrb_170033,,"feldtmannstrasse 129, 13088 berlin","feldmannstrasse 129, 13088 berlin",,
hrb_170487,,"bergmannstrasse 29, 10961 berlin","wildenbruchstrasse 80, 12045 berlin","wildenbruchstrasse 80, 12045 berlin","wildenbruchstrasse 80, 12045 berlin"
hrb_170726,,"fuchsschwanzweg 6, 13437 berlin","kottbusser damm 93, 10967 berlin",,
hrb_170828,"friedrichstrasse 120, 10117 berlin","kreuzbergstrasse 37/38, 10965 berlin","kreuzbergstrasse 37/38, 10965 berlin",,
hrb_170851,,,"pufendorfstrasse 11, 10249 berlin",,"gendarmenmarkt 5/7, 10117 berlin"
hrb_171039,"neuenburger strasse 9, 10969 berlin",,,"allerstrasse 37, 12049 berlin",
hrb_171587,,"karl marx strasse 58, 12043 berlin","karl-marx-strasse 58, 12043 berlin",,
hrb_171656,,,"storkower strasse 113, 10407 berlin",,"karl-marx-allee 124, 10243 berlin"
hrb_171810,,"hermannstrasse 127, 12051 berlin","hermannstrasse 127, 12051 berlin","skarbina strasse 82 a, 12309 berlin",
hrb_172375,"albrechtstrasse 11 a, 10117 berlin","albrechtstrasse 11 a, 10117 berlin","havelberger strasse 4, 10559 berlin","havelberger strasse 4, 10559 berlin",
hrb_173312,"boxhagener strasse 119, 10245 berlin",,,"wilmersdorfer strasse 128, 10627 berlin",
hrb_173355,"karl-marx-strasse 122, 12043 berlin","karl-marx-strasse 122, 12043 berlin","schönwalder allee 26 haus 50, 13587 berlin","schönwalder allee 26 haus 50, 13587 berlin","schönwalder allee 26 / 50, 13587 berlin"
hrb_173617,,"kurfürstendamm 71, doopic gmbh, 10709 berlin","kurfürstendamm 71, 10709 berlin",,
hrb_173750,"tempelhofer weg 11, 10829 berlin","tempelhofer weg 11, 10829 berlin","ella-barowsky-strasse 11, 10829 berlin","ella-barowsky-strasse 11, 10829 berlin",
hrb_173764,"gieselerstrasse 15, 10713 berlin","gieselerstrasse 15, 10713 berlin","gieselerstrasse 15, 10713 berlin","gieselerstrasse 15, 10713 berlin","pariser strasse 63, 10719 berlin"
hrb_173892,"johann-hittorf-strasse 8, 10997 berlin","johann-hittorf-strasse 8, 12489 berlin",,,
hrb_173972,,,,"markgrafendamm 24 haus 16, 10245 berlin","mühlendamm 1, 10179 berlin"
hrb_174076,"blücherstrasse 22, hof v, 5.og, 10961 berlin","blücherstrasse 22, 10961 berlin","blücherstrasse 22, 10961 berlin",,
hrb_174208,,"oranienstrasse 183, haus 3, 10999 berlin","oranienstrasse 183, 10999 berlin",,"oranienstrasse 183, 10999 berlin"
hrb_174360,"pistoriusstrasse 108a, 13086 berlin","pistoriusstrasse 108a, 13086 berlin","jacobystrasse 4, 10179 berlin","pistoriusstrasse 108a, 13086 berlin","pistoriusstrasse 108a, 13086 berlin"
hrb_174380,"müllerstrasse 178, 13353 berlin",,,"köpenicker strasse 325 / haus 40c, 12555 berlin","köpenicker strasse 325 / haus 40c, 12555 berlin"
hrb_174432,"am schlangengraben 9d, 13597 berlin",,"am schlangengraben 9 d, 13597 berlin","am schlangengraben 9 d, 13597 berlin",
hrb_174552,"pankstrasse 8-10, haus m, eingang 6, 13127 berlin","pankstrasse 8, 13127 berlin","pankstrasse 8, 13127 berlin",,
hrb_175021,"rykestrasse 35, 10405 berlin","plauener strasse 163-165, 13053 berlin",,,
hrb_175557,"crellestrasse 29-30, 10827 berlin","crellestrasse 29 - 30, 10827 berlin","crellestrasse 29 - 30, 10827 berlin",,
hrb_176538,,"allee der kosmonauten 33 c - g aufgang e, 12681 berlin",,,"allee der kosmonauten 33e, 12681 berlin"
hrb_176581,"bouchéstrasse 12, 12435 berlin","scheringstrasse 1, 13355 berlin","scheringstrasse 1, 13355 berlin",,
hrb_176610,"reichenberger strasse 28, 10999 berlin","reichenberger strasse 28, 10999 berlin","reichenberger strasse 28, 10999 berlin","mariannenstrasse 26, 10999 berlin",
hrb_176715,"schwedter strasse 249, 10119 berlin","schwedter strasse 249, 10119 berlin","torstrasse 177, 10115 berlin","schwedterstrasse 249 a/torstrasse 177, 10119 berlin",
hrb_176728,,,"arkona platz 1, 10435 berlin","arkonaplatz 1, 10435 berlin",
hrb_177341,"földerichstrasse 26, 13595 berlin","földerichstrasse 26, 13595 berlin",,,"földerichstrasse 26, 12555 berlin"
hrb_177462,,"liebermannstrasse 24 - 28, 13088 berlin","liebermannstrasse 24 -28, 13088 berlin","liebermannstrasse 24-28, 13088 berlin","liebermannstrasse 24-28, 13088 berlin"
hrb_177756,,"glogauer strasse 5/6, 10999 berlin",,,"glogauer strasse 5, 10999 berlin"
hrb_177885,"bismarckstrasse 36 a, 14109 berlin","bismarckstrasse 36a, 14109 berlin","akazienallee 38, 14050 berlin","akazienallee 38, 14050 berlin","bismarckstrasse 36 a, 14109 berlin"
hrb_178139,,"wolfener strasse 32-34, 12681 berlin",,"wolfenerstrasse 32-34, 12681 berlin","wolfener strasse 32-34, 12681 berlin"
hrb_178308,"friedrichstrasse 246, 10696 berlin","friedrichstrasse 246, 10696 berlin",,,"rollbergstrasse 26 a, 12053 berlin"
hrb_178351,,,"eichborndamm 167, 13403 berlin","eichborndamm 167 haus 42, 13403 berlin","eichborndamm 167, haus 42, 13403 berlin"
hrb_178443,,"strassburgerstrasse 9 f, 10405 berlin","strassburger strasse 9 f, 10405 berlin",,
hrb_178921,"hertzstrasse 71, 13158 berlin","hertzstrasse 71, 13158 berlin",,,"drontheimer strasse 34 a, 13359 berlin"
hrb_179228,"erich-weinert-strasse 145, 10409 berlin","habersaathstrasse 58, 10115 berlin",,,
hrb_179568,"gustav-meyer-allee 25, 13355 berlin",,"müllerstrasse 178, 13353 berlin",,
hrb_179595,"bülowstrasse 89, 10785 berlin","bülowstrasse 89, 10785 berlin","bülowstrasse 89, 10783 berlin","bülowstrasse 89, 10783 berlin","bülowstrasse 89, 10783 berlin"
hrb_179650,"wolfener strasse 33, 13053 berlin","wolfener strasse 33, 12681 berlin","wolfener strasse 33, 12681 berlin",,
hrb_180527,"mengerzeile 1, 3, 12435 berlin","mengerzeile 1-3, 12435 berlin","mengerzeile 1, 3, 12435 berlin",,
hrb_180944,"storkower strasse 115a, 10407 berlin","storkower strasse 115a, 10407 berlin","storkower strasse 115 a, 10407 berlin",,
hrb_181724,"lüderitzstrasse 48 b, 13351 berlin","lüderitzstrasse 48b, 13351 berlin",,,
hrb_181990,"romain-rolland-strasse 14 - 24, 13089 berlin","romain-rolland-strasse 14 - 24, 13089 berlin","gehringstrasse 63, 13088 berlin",,
hrb_182350,"müllerstrasse 156a, 2. hinterhof, aufgang 12, 13353 berlin","müllerstrasse 156 a, 13353 berlin","müllerstrasse 156a, 2. hinterhof, aufgang 12, 13353 berlin","müllerstrasse 156 a, 13353 berlin","berlinicke strasse 10, 12165 berlin"
hrb_182371,"magnusstrasse 11, 12489 berlin","magnusstrasse 11, 12489 berlin","magnusstrasse 11, 12489 berlin","magnusstrasse. 11, 12489 berlin",
hrb_182667,"heiligenseestrasse 63, 13503 berlin","heiligenseesttrasse 63, 13503 berlin","heiligenseestrasse 63, 13503 berlin",,
hrb_182798,,,"ernst-abbe-strasse 17, 14612 falkensee","ernst-abbe-strasse, 17, 14612 falkensee","ernst-abbe-strasse 17, 14612 falkensee"
hrb_183103,,,,"westerwaldstrasse 20, 13589 berlin","blasewitzer ring 31, 13593 berlin"
hrb_183942,,"holzmarktstrasse 25, 10243 berlin","holzmarktstrasse 25, 10243 berlin","holzmarktstrasse 25, 10179 berlin",
hrb_183974,"ringbahnstrasse 10-14, 12099 berlin","ringbahnstrasse 12, 12099 berlin",,,
hrb_184067,,"kapweg 4, 13405 berlin","kapweg 4, 13403 berlin",,
hrb_184501,"forster strasse 8, 10999 berlin","forster strasse 8, 10999 berlin","forster strasse 8, 10999 berlin","forsterstrasse 8, 10999 berlin","forster strasse 8, 10999 berlin"
hrb_184583,,,"wilhelm-kabus-strasse 42-44 haus 6.2, 10829 berlin","wilhelm-kabus-strasse 42-44, haus 6.2, 10829 berlin",
hrb_184732,,"marchstrasse 12 pf / f9, ai: aerospace institute gmbh, 10587 berlin","marchstrasse 12 pf / f6, ai: aerospace institute gmbh, 10587 berlin",,
hrb_184914,"waldstrasse 32, 10551 berlin","waldstrasse 32, 10551 berlin","waldsstrasse 32, 10551 berlin","waldstrasse 32, 10551 berlin","waldstrasse 32, 10551 berlin"
hrb_184989,"karl-marx-strasse 20, 12043 berlin",,,"katzengraben 19, 12555 berlin","karl-marx-strasse 20, 12043 berlin"
hrb_185093,"bismarckstrasse 10-12, 10625 berlin","bismarckstrasse 10-12, 10625 berlin",,"invalidenstrasse 34, 10115 berlin",
hrb_185161,"schwedter strasse 249, 10119 berlin","torstrasse 177, 10115 berlin","torstrasse 177, 10115 berlin","torstrasse 177, 10115 berlin","torstrasse 177, 10115 berlin"
hrb_185242,,"köpenicker strasse 148, 10997 berlin","glogauer strasse 6, 10999 berlin",,
hrb_185640,"schützenstrasse 8, 10117 berlin","oranienstrasse 185, 10999 berlin","oranienstrasse 185, 10999 berlin","oranienstrasse 185, 10999 berlin","oranienstrasse 185, 10999 berlin"
hrb_185882,"hauptstrasse 30 - c/o mavision, 10827 berlin","hauptstrasse 30 - c/o mavision, 10827 berlin","hauptstrasse 30, 10827 berlin","hauptstrasse 30 - c/o mavision, 10827 berlin",
hrb_185944,,,"apostel paulus strasse 32, 10823 berlin","apostel-paulus-strasse 32, 10823 berlin",
hrb_186846,"alexander-meissner-strasse 54, 12526 berlin",,,"alexander meissner strasse 54, 12526 berlin",
hrb_186931,,"c/o ben-ari anklamer strasse 18, 10115 berlin",,"anklamer strasse 18, 10115 berlin",
hrb_186965,"c/o colaborator (bayer), building s141, müllerstrasse 178, 13353 berlin",,,"müllerstrasse 178, colaborator s141, 13353 berlin",
hrb_187277,"rosenthaler strasse 46/47, 10178 berlin",,"gerichtstrasse 23, 13347 berlin",,
hrb_187494,,"münzstrasse 5, 10178 berlin",,"schwedter strasse 9b, 10119 berlin",
hrb_187497,"brunnenstrasse 165, 10119 berlin",,"pfuelstrasse 5, 10997 berlin","pfuelstrasse 5, 10997 berlin","pfuelstrasse 5, 10997 berlin"
hrb_187537,"schivelbeiner strasse 6, 10439 berlin","schivelbeiner strasse 6, 10439 berlin","schivelbeiner strasse 6, 10439 berlin","karl-marx-strasse 78, 12043 berlin",
hrb_187841,,"köpenicker strasse 154a, 10997 berlin","köpenicker strasse 154 a, 10997 berlin",,"köpenicker strasse 154 a, 10997 berlin"
hrb_187859,,"greifswalder strasse 31, 10405 berlin",,"wollenberger strasse 4f, 13053 berlin",
hrb_187925,,"köpenicker strasse 148, 10997 berlin","köpenicker strasse 148-149 aufgang a, 10997 berlin",,
hrb_187943,"johann-hittorf-strasse 8, 12489 berlin",,,"wolfenerstrasse 32-34, 12681 berlin",
hrb_188248,,"vulkanstrasse 13, 10367 berlin","vulkanstrasse 13, 10367 berlin","irenenstrasse 20, 10317 berlin",
hrb_188430,"obentrautstrasse 16 - 18, 12679 berlin","landsberger allee 467 b, 12679 berlin","rhinstrasse 137 a, 10315 berlin","rhinstrasse 137 a, 10315 berlin",
hrb_188868,"oberlandstrasse 52-65, 12099 berlin","oberlandstrasse 52 – 65, 12099 berlin",,,
hrb_189546,"lindenstrasse 31d, 12555 berlin","lindenstrasse 31 d, 12555 berlin",,"lindenstrasse 31d, 12555 berlin","lindenstrasse 31d, 12555 berlin"
hrb_190249,,"holzhauserstrasse 158b, 13509 berlin","holzhauserstrasse 158 b, 13509 berlin","holzhauser strasse 158 b, 13509 berlin",
hrb_190561,"markomannenstrasse 73, 12524 berlin","markomannenstrasse 73, 12524 berlin",,"markomannenstrasse 73, 12524 berlin","ewaldstrasse 115a, 12524 berlin"
hrb_190644,"lindenstrasse 73, 10969 berlin",,"ritterstrasse 24-27, 10969 berlin",,
hrb_191013,"erkelenzdamm 59-61 (portal 3a, eg), 10178 berlin","erkelenzdamm 59-61, 10999 berlin",,,
hrb_191338,"bänschstrasse 85, 10247 berlin",,,"eldenaer strasse 35, 10247 berlin",
hrb_192250,,"pfarrer-theile-strasse 122, 13591 berlin","soorstrasse 86, 14050 berlin","soorstrasse 86, 14050 berlin","soorstrasse 86, 14050 berlin"
hrb_192566,"koepenicker strasse 148, 10997 berlin",,,,"köpenicker strasse 148, 10997 berlin"
hrb_192796,,,,"prinzenstrasse 85 f, 10969 berlin","prinzenstrasse, 10969 berlin"
hrb_193403,"kadiner strasse 20a, 10243 berlin","kadiner strasse 20a, 10243 berlin","revaler strasse 99, 10245 berlin","revaler strasse 99 / haus 23, 10245 berlin","revaler strasse 99, 10245 berlin"
hrb_193587,"friedrichstrasse 120, 10117 berlin","friedrichstrasse 120, 10117 berlin","friedrichstrasse 120, 10117 berlin","friedrichstrasse 120, 10117 berlin","pettenkoferstrasse 4c, 10247 berlin"
hrb_193924,"conradstrasse 75, 13509 berlin","conradstrasse 75, 13509 berlin","conradstrasse 75, 13509 berlin","eichborndamm 32, 13403 berlin","eichborndamm 32, 13403 berlin"
hrb_193978,"tiniusstrasse 9-11, 13089 berlin","seydelstrasse 7, 10117 berlin",,,
hrb_194319,"borsigstrasse 8, 10115 berlin",,,"grosse hamburger strasse 17, 10115 berlin","grosse hamburger strasse 17, 10115 berlin"
hrb_194525,"josef-orlopp-strasse 56, 10365 berlin",,,"siegfriedstrasse 152, 10365 berlin",
hrb_194528,"rudower chaussee 12b, 12489 berlin","rudower chaussee 12b, 12489 berlin","rudower chaussee 12 b, 12489 berlin",,
hrb_194727,,"möllendorffstarsse 49, 10367 berlin","möllendorfstrasse 49, 10367 berlin","möllendorfstrasse 49, 10367 berlin",
hrb_195254,"wisbyer strasse 16 / 17, 10439 berlin","wisbyer strasse 16 / 17, 10439 berlin",,"wisbyer strasse 16 - 17, 10439 berlin",
hrb_195278,"gutenbergstrasse 6, 10587 berlin",,"bessemerstrasse 24/26, 12103 berlin",,
hrb_195410,,"prenzlauer allee 53, 10405 berlin","prenzlauer allee 53, 10405 berlin","heinrich-roller-strasse 15, 10405 berlin",
hrb_195411,"zietenstrasse 24, 10783 berlin","zietenstrasse 24, 10783 berlin",,"charlottenstrasse 16, 10117 berlin",
hrb_195439,"schöneberger ufer 71, 10785 berlin","schöneberger ufer 71, 10785 berlin","karlsburger weg 18, 12621 berlin",,
hrb_195444,"am treptower park 50, 12435 berlin","am treptower park 50, 12435 berlin","am treptower park 50, 12435 berlin","rosenthalerstrasse 40-41, 10178 berlin",
hrb_195887,,,,"bornholmer strasse 14, 10439 berlin","roelckestrasse 9a, 13086 berlin"
hrb_196055,"germaniastrasse 141, 12099 berlin","volkmarstrasse 22b, 12099 berlin",,"colditzstrasse 34/36, 12099 berlin","colditzstrasse 34-36, 12099 berlin"
hrb_196207,"chausseestrasse 52, 10115 berlin","albrechtstrasse 18, 10117 berlin",,"albrechtstrasse 18, 10117 berlin",
hrb_196333,,,"richard-willstätter-strasse 11, 12489 berlin","scharnhorststrasse 24, 10115 berlin",
hrb_196577,"lobeckstrasse 35, 10963 berlin","pyramidenring 12, 12681 berlin",,,
hrb_197096,"alt-stralau 32 c, 10245 berlin",,,"karl-marx-allee 92, 10243 berlin",
hrb_197128,"holzhauser strasse 139, 13059 berlin","holzhauser strasse 139, 13509 berlin",,,
hrb_197374,"lettestrasse 6a, 10437 berlin",,,,"sredzkistrasse 16, 10435 berlin"
hrb_197388,"rudower chaussee 29, 12489 berlin","rudower chaussee 29, 12489 berlin","rudower chausee 29, 12489 berlin","rudower chaussee 29, 12489 berlin",
hrb_198099,,"keithstrasse 10, 10787 berlin",,,"viktoria-luise-platz 7, 10777 berlin"
hrb_198538,"reichenberger strasse 125, 10999 berlin","hedemannstrasse 14, 10969 berlin","hedemannstrasse 14, 10969 berlin",,
hrb_198611,"lohmühlenstrasse 65, 12435 berlin",,,,"fehrbelliner strasse 50, 10119 berlin"
hrb_199010,,"singerstrasse, 10179 berlin",,,"singerstrasse 111, 10179 berlin"
hrb_199050,"zeughofstrasse 20, 10997 berlin","leuschnerdamm 13, 10999 berlin",,,
hrb_199122,"müllerstrasse 134 a, 13349 berlin","müllerstrasse 134a, 13349 berlin","am steinberg 20, 13086 berlin","müllerstrasse 134 a, 13349 berlin",
hrb_199186,,"flämmingstrasse 122, 12689 berlin","flämingstrasse 122, 12689 berlin",,"mehrower allee 34, 12687 berlin"
hrb_199566,"albestrasse 13/14, 12159 berlin","albertstrasse 13/14, 12159 berlin",,,
hrb_199767,"lohmühlenstrasse 65, 12435 berlin",,,"blücherstrasse 22, 10961 berlin",
hrb_199800,"paul-lincke-ufer 8 b, 10999 berlin","paul-lincke-ufer 8b, 10999 berlin",,"paul-lincke-ufer 8 b, 10999 berlin",
hrb_200053,,,"wilhelmine-gemberg-weg 6, 10179 berlin","wilhelmine-gemberg-weg 6, 10179 berlin","wilhelmine-gemberg-weg 6, haus i, 10179 berlin"
hrb_200064,"c/o the drivery, mariendorfer damm 1, 12099 berlin","mariendorfer damm 1, 12099 berlin",,,
hrb_200397,"hobrechtstrasse 65, 12047 berlin",,"crellestrasse 12 / hinterhof 3.og, 10827 berlin",,
hrb_200432,"borsigstrasse 8, 10115 berlin",,,"kurfürstendamm 167-168, 10707 berlin","kurfürstendamm 167-168, 10707 berlin"
hrb_200509,"heidenelkenweg 55, 10365 berlin",,"lindower strasse 18, 13347 berlin",,"lindower strasse 18, 13347 berlin"
hrb_200658,,,,"choriner strasse 4, 10119 berlin","wrangelstrasse 100, 10997 berlin"
hrb_200660,,"gitschiner strasse 94, 10969 berlin","cuvrystrasse 3-4, 10997 berlin","cuvrystrasse 3-4, 10997 berlin",
hrb_200769,"bismarckstrasse 10 - 12, 10625 berlin","bismarckstrasse 10-12, 10625 berlin",,,
hrb_200829,"görlitzer strasse 57, 10997 berlin","müggelstrasse 11a, 10247 berlin","müggelstrasse 11a, 10247 berlin",,
hrb_201206,"prinzenstrasse 84, 10969 berlin","christstrasse 19, 10969 berlin",,,
hrb_201303,"pascalstrasse 5, 10587 berlin","pascalstrasse 5, 10587 berlin","pascalstrasse 5, 10717 berlin","pascalstrasse 5, 10717 berlin","pascalstrasse 5, 10717 berlin"
hrb_201463,"immanuelkirchstrasse 19, 10405 berlin","immanuelkirchstrasse 19, 10405 berlin","wackenbergstrasse 95, 13156 berlin",,
hrb_202064,,"helmholtzstrasse 13/14, 10587 berlin","helmholtzstrasse 13/14, 10589 berlin","helmholtzstrasse 13/14, 10587 berlin",
hrb_202099,"görlitzer strasse 52, 10997 berlin","paradiesstrasse 210, 12526 berlin",,,
hrb_202240,,"friedrichstrasse 23 a, 10969 berlin","friedrichstrasse 23 a, 10969 berlin","friedrichstrasse 130, 10969 berlin",
hrb_202263,"isingstrasse 8, 12435 berlin","prenzlauer allee 189, 10405 berlin",,"prenzlauer allee 189, 10405 berlin","karl-kunger-strasse 59, 12435 berlin"
hrb_202543,"chariteplatz 1, 10117 berlin","charitéplatz 1, 10117 berlin","schwedenstrasse 14, 13357 berlin",,
hrb_202879,,"luisenstrasse 53, 10117 berlin","wegedornstrasse 32, 12524 berlin",,
hrb_203254,"wühlischstrasse 56, 10245 berlin","james franck strasse 13, 12489 berlin","wühlischstrasse 56, 10245 berlin",,
hrb_203261,"lohmühlenstrasse 65, 12435 berlin","bismarckstrasse 10-12, 10625 berlin",,,
hrb_203303,"berliner strasse 25, 13467 berlin","namslaustrasse 23, 13507 berlin",,,
hrb_203479,,"louis-lewin-strasse 96, 12627 berlin",,"justus-von-liebig-strasse 11, 12486 berlin",
hrb_203571,"augustenburger platz 1 (campus virchow klinikum - cranach haus), 13353 berlin",,,"augustenburger platz 1 (campus virchow klinikum, cranach haus), 13353 berlin","augustenburger platz 1, 13353 berlin"
hrb_203584,,"westhafenstrasse 1, 13353 berlin",,,"westhafenstrasse 1, 13086 berlin"
hrb_203649,,"zepernicker strasse 2, haus 13, 13125 berlin","zepernicker strasse 2, haus 13, 13125 berlin","zepernicker strasse 2, haus 13.2, 13125 berlin","zepernicker strasse, 13125 berlin"
hrb_203661,"stübbenstrasse 13, 10779 berlin","reichsstrasse 73, 14052 berlin","reichsstrasse 73, 14052 berlin","reichsstrasse 73, 14052 berlin","reichsstrasse 73, 14052 berlin"
hrb_204102,"rheinsberger strasse 76/77, 10115 berlin",,,"grossbeerenstrasse 33, 10965 berlin","grossbeerenstrasse 33, 10965 berlin"
hrb_204138,"volmerstrasse 9 b, 12489 berlin","volmerstrasse 9b, 12489 berlin","volmerstrasse 9 b, 12489 berlin","volmerstrasse 9 b, 12489 berlin","volmerstrasse 9 b, 12489 berlin"
hrb_204308,"albertinenstrasse 20, 13086 berlin","keithstrasse 2-4, 10787 berlin",,,
hrb_204513,"luisenstrasse 53, 10117 berlin",,"rodenbergstrasse 15, 10439 berlin",,
hrb_204744,"alexandrinenstrasse 2-3, 10969 berlin",,,"strassburgerstrasse 43, 10405 berlin",
hrb_204832,"hardenbergstrasse 38 c/o tu berlin, sekr. am1, 10623 berlin","bouchéstrasse 12 | hall 20, 12435 berlin","bouchéstrasse 12 | hall 20, 12435 berlin","c/o motionlab. berlin, bouchéstrasse 12/hall 20, 12435 berlin","niemetzstrasse 47 - 49, 12055 berlin"
hrb_205007,"pettenkoferstrasse 6, 10247 berlin","erkelenzdamm 59-61, 10999 berlin","erkelenzdamm 59-61, 10999 berlin",,
hrb_205378,"reinhardtstrasse 47 a, 10117 berlin","reinhardtstrasse 47a, 10117 berlin",,,
hrb_205638,,"boxhagener strasse 21, 10245 berlin",,"eberswalder strasse 22, 10437 berlin",
hrb_205654,,"südkreuzateliers werner-voss-damm 62, 12101 berlin","grossbeerenstrasse 30, 10965 berlin",,
hrb_205737,"bismarckstrasse 10-12, 14109 berlin","bismarckstrasse 10-12, 10625 berlin",,"bismarckstrasse 10-12, 10625 berlin",
hrb_205902,"c/o schwarz partnerschaft von rechtsanwälten, kantstrasse 149, 10623 berlin","weddigenstrasse 36, 26123 oldenburg",,,
hrb_205931,"theklastrasse 21, 12205 berlin","theklastrasse 21, 12205 berlin","bismarckstrasse 10-12, 10625 berlin",,
hrb_206004,"bismarckstrasse 10-12, 10625 berlin","bismarckstrasse 10-12, 10625 berlin",,,"methfesselstrasse 43, 10965 berlin"
hrb_206120,"köpenicker strasse 325, haus 11, 12555 berlin",,"rudower strasse 20, 12557 berlin",,
hrb_206188,,"chausseestrasse 16, 10115 berlin","am hamburger bahnhof 1, 10557 berlin",,
hrb_206244,"kurfürstendamm 11, 10719 berlin","lützowplatz 7, 10785 berlin","lützowplatz 7, 10785 berlin",,
hrb_206376,"bessemerstrasse 2-14, 12103 berlin",,,,"bessemer strasse 2-14, 12103 berlin"
hrb_206425,,"leipziger platz 11, 10117 berlin","selerweg 17, 12169 berlin","leipziger platz 11, 10117 berlin","leipziger platz 11, 10117 berlin"
hrb_206432,"plauener strasse 163 165 haus c 7, 13053 berlin","plauener strasse 163 165 haus c7, 13053 berlin","plauener strasse 163-165, haus g aufgang 7, 13053 berlin",,
hrb_207243,"hausburgstrasse 22, 10249 berlin",,,"ohmstrasse 7, 10179 berlin","ohmstrasse 7, 10179 berlin"
hrb_207464,"kurfürstendamm 125 a, 10711 berlin","kurfürstendamm 125a, 10711 berlin",,"kurfürstendamm 125 a, 10711 berlin",
hrb_207489,"mollstrasse 32, 10249 berlin","schönhauser allee 149, 10435 berlin",,"mollstrasse 32, 10249 berlin",
hrb_207634,"gubener strasse 43, 10243 berlin",,"falckensteinstrasse 49, 10997 berlin",,
hrb_207747,"ackerstrasse 76 / ack384, 13355 berlin",,,"bismarckstrasse 10-12, 10625 berlin",
hrb_208309,,"potsdamer platz 1, 10785 berlin","axenstrasse 66, 13089 berlin",,
hrb_208429,"bernadottestrasse 6, 14193 berlin","an der urania 15, 10787 berlin","an der urania 15, 10787 berlin","oberlandstrasse 26-35 haus 2, 12099 berlin",
hrb_208647,,"strelitzerstrasse 22, 10115 berlin","linienstrasse 145, 10115 berlin",,
hrb_208790,"sybelstrasse 7, 10629 berlin",,,"kantstrasse 26, 10623 berlin",
hrb_208865,,,"europa-center, tauentzienstrasse 9 - 12, 10789 berlin","tauentzienstrasse 9-12, 10789 berlin","tauentzienstrasse 9-12, 10789 berlin"
hrb_209101,"euref campus 4, 10829 berlin","torgauerstrasse 12-15 (euref-campus 4/5), 10829 berlin",,,
hrb_209254,,"georg-knorr-strasse 4, 12681 berlin",,"georg-knorr-strasse 4, haus 10, 12681 berlin","georg-knorr-strasse 4 haus 10, 12681 berlin"
hrb_209288,"sparrstrasse 20, 13353 berlin","nollendorfstrasse 20, 10777 berlin",,,
hrb_209482,"christian-henkel-strasse 9, 12349 berlin","ringbahnstrasse 16-20, 12099 berlin","ringbahnstrasse 16-20, 12099 berlin","ringbahnstrasse 16-20, 12099 berlin",
hrb_209535,"südostallee 106, 12487 berlin","südostallee 106, 12487 berlin","südostallee 106, 12487 berlin",,"wallstrasse 10-13, 10179 berlin"
hrb_209681,,"joseph-orlopp-strasse 56, 10365 berlin","alt-reinickenorf 23-24, 13407 berlin","alt-reinickenorf 23-24, 13407 berlin","alt-reinickendorf 23-24, 13407 berlin"
hrb_209714,,"urbanstrasse 64, 10967 berlin","urbanstrasse 64 (hinterhof), 10967 berlin",,
hrb_209717,"danziger strasse 3, 10435 berlin","danziger strasse 3, 10435 berlin",,"herzbergstrasse 82-84, 10365 berlin",
hrb_209853,"dora-benjamin-park 14, 10245 berlin","dora-benjamin-park 14, 10245 berlin","dora-benjamin-park 14, 10245 berlin",,"alt-stralau 5b, 10245 berlin"
hrb_209939,"mittenwalderstrasse 1a, 12629 berlin",,"schmiedehof 23, 10965 berlin",,
hrb_210119,,"schivelbeinerstrasse 10, 10439 berlin","schivelbeiner strasse 10, 10439 berlin","c/o atelier gardens, oberlandstrasse 26-35, 12099 berlin","c/o atelier gardens, oberlandstrasse 26-35, 12099 berlin"
hrb_210582,"altensteinstrasse 40, 14195 berlin","prenzlauer allee 36g, 10405 berlin","prenzlauer allee 221, 10405 berlin",,
hrb_210787,,"ebereschenallee, 14050 berlin","ebereschenallee 48, 14050 berlin",,
hrb_210871,"hardenbergstrasse 38, 10623 berlin","bismarckstrasse 10-12, 10625 berlin",,"bismarckstrasse 10-12, 10625 berlin",
hrb_210880,"nostitzstrasse 20, 10961 berlin",,,,"dessauer strasse 28-29, 10963 berlin"
hrb_211108,"im dol 63b, 14195 berlin","im dol 63b, 14195 berlin","reichensteiner weg 33, 14195 berlin","reichensteiner weg 33, 14195 berlin","reichensteiner weg 33, 14195 berlin"
hrb_211254,"friedelstrasse 40, 12047 berlin",,"friedelstrasse 40, c/o kreuzkoelln office, 12047 berlin",,
hrb_211301,"c/o db mindbox, holzmarktstrasse 6-9, 10179 berlin",,,"linienstrasse 126, 10115 berlin",
hrb_211326,"luisenstrasse 53, 10117 berlin","luisenstrasse 53, 10117 berlin",,"luisenstrasse 53, 10117 berlin","rudower chaussee 29, 12489 berlin"
hrb_211365,"rheinsberger strasse 9, 10115 berlin","rheinsberger strasse 9, 10115 berlin","rheinsberger strasse 9, 10115 berlin","c/o ruf, rheinsberger strasse 9, 10115 berlin","c/o ruf, rheinsberger strasse 9, 10115 berlin"
hrb_211409,"altensteinstrasse 40, 14195 berlin","altensteinstrasse 40, 14195 berlin","schlesische strasse 28, aufgang a, 1. og, 10997 berlin",,
hrb_211477,,,"unter den linden 17, 10117 berlin","unter den linden 17, 10117 berlin","glinkastrasse 28, 10117 berlin"
hrb_211553,,"brunnenstrasse 172, 10119 berlin","brunnenstrasse 172, 10115 berlin",,
hrb_211823,"mühlenstrasse 8 a, 14167 berlin","mühlenstrasse 8 a, 14167 berlin","mühlenstrasse 8a, 14167 berlin","mühlenstrasse 8a, 14167 berlin","mühlenstrasse 8a, 14167 berlin"
hrb_211973,"weisestrasse 35, 12049 berlin","weisestrasse 35, 12049 berlin","weisestrasse 35, 12049 berlin","köpenicker strasse 187-188, 10997 berlin",
hrb_212321,"altensteinstrasse 40, 14195 berlin","bismarckstrasse 10-12, 10625 berlin",,,
hrb_212465,"barfusstrasse 5, 13349 berlin","c/o benedikt stolze, barfusstrasse 5, 13349 berlin","gotlandstrasse 2, 10439 berlin",,
hrb_212572,"harzer strasse 51, 12059 berlin",,,,"harzer strasse 51/52, 12059 berlin"
hrb_212774,"c/o schade goethestrasse 34, 12459 berlin","edisonstrasse 52, 12459 berlin","edisonstrasse 52, 12459 berlin",,
hrb_212825,"oranienstrasse 183, 10999 berlin","oranienstrasse 183, 10999 berlin","oranienstrasse 183, 10999 berlin","oranienstrasse 183, 10999 belrin","oranienstrasse 183, 10999 berlin"
hrb_212921,,"bouchéstrasse 12 / halle 20, 12435 berlin",,"bouchéstrasse 12/halle 20, 12435 berlin",
hrb_213078,,"kyllmannstrasse 8a, 14109 berlin","schwäbische strasse 3, 10781 berlin",,
hrb_213121,,"reichenberger strasse 36, 10999 berlin","reichenberger strasse 36, 10999 berlin","wienerstrasse 10, 10999 berlin",
hrb_213210,,"schlesische strasse 20, 10997 berlin","schlesische strasse 20, 10997 berlin","schlesischestrasse 20, 10997 berlin",
hrb_213213,"altensteinstrasse 40, 14195 berlin","altensteinstrasse 40, 14195 berlin","altensteinstrasse 40, 14195 berlin","schlesische strasse 28, 10997 berlin","schlesische strasse 28, 10997 berlin"
hrb_213234,,"alt moabit 104, 10559 berlin",,"alt moabit 104, 10587 berlin","alt moabit 104, 10587 berlin"
hrb_213345,"pappelallee 63, 10437 berlin","kopenhagener strasse 76, 10437 berlin",,"kopenhagener strasse 76, 10437 berlin",
hrb_213348,"schillerstrasse 4-5, 10625 berlin","euref-campus 7-8, 10829 berlin",,,
hrb_213539,"marienburger strasse 8, 10405 berlin","schwarze-pumpe-weg 16, 12681 berlin","schwarze-pumpe-weg 16, 12681 berlin","c/o motionlab.berlin, schwarze-pumpe-weg 16, 12681 berlin",
hrb_213567,"potsdamer strasse 143, 10783 berlin","zähringer strasse 26, 10707 berlin",,"zähringer strasse 26, 10707 berlin",
hrb_213636,"boxhagener strasse 71 d, 10245 berlin","boxhagener strasse 71d, 10245 berlin","boxhagener strasse 71 d, 10245 berlin","boxhagener strasse 71d, 10245 berlin",
hrb_213850,"grossbeerenstrasse 89, 10963 berlin","amn data solutions #51957x, glogauer strasse 5, 10999 berlin",,,
hrb_213866,"exerzierstrasse 14, 13357 berlin","exerzierstrasse 14, 13357 berlin","lucy-lameck-strasse 32, 12049 berlin","lucy-lameck-strasse 32, 12049 berlin","lucy-lameck-strasse, 32, 12049 berlin"
hrb_214020,"oranienstrasse 6, 10997 berlin","oranienstrasse 6, 10997 berlin","lobeckstrasse 30/35, 10969 berlin","lobeckstrasse 30/35, 10969 berlin","lobeckstrasse 30/35, 10969 berlin"
hrb_214027,,,"choriner strasse 56, 10435 berlin","choriner strasse 56, 10435 berlin","choriner strasse 54, 10435 berlin"
hrb_214274,,"kirchhofstrasse 45, 12055 berlin","kirchhofstrasse 45, 12055 berlin","kirchhofstrasse 45 hh, 12055 berlin","kirchhofstrasse 45, 12055 berlin"
hrb_214371,,"droysenstrasse 7, 10629 berlin","skalitzer strasse 33, 10999 berlin",,
hrb_214543,"blücherstrasse 10, 10961 berlin","mariendorfer damm 1, 12099 berlin","mariendorfer damm 1, 12099 berlin",,
hrb_214571,,"altensteinstrasse 40, 14195 berlin",,"fasanenstrasse 85, 10623 berlin","fasanenstrasse 85, 10623 berlin"
hrb_214659,,"c/o unicorn.berlin wem gmbh, prinzessinnenstrasse 19, 10969 berlin",,,"schlegelstrasse 26 a, 10155 berlin"
hrb_214936,"lohmühlenstrasse 65, c/o factory, 12435 berlin","c/o factory görlitzer park, lohmühlenstrasse 65, 12435 berlin","allerstrasse 37, c/o pontalti, 12094 berlin",,
hrb_215103,"lohmühlenstrasse 65, 12435 berlin","lohmühlenstrasse 65, 12435 berlin","kottbusser damm 25 - 26, 10967 berlin",,
hrb_215137,"pascalstrasse 10, 10587 berlin","pascalstrasse 10, 10587 berlin",,"am borsigturm 13, 13507 berlin",
hrb_215163,,"grossbeerenstrasse 52, 10965 berlin","grossbeerenstrasse 52, 10965 berlin","jüterboger strasse 10, 10965 berlin","jüterboger strasse 10, 10965 berlin"
hrb_215260,,,,"kaiserin-augusta-strasse 12 a, 12103 berlin","kaiserin-augusta-strasse 12a, 12103 berlin"
hrb_215747,"kurfürstendamm 125 a, 10711 berlin","fehrbelliner strasse 22, 10119 berlin","fehrbelliner strasse 22, 10119 berlin",,
hrb_216122,,"bundesallee 210, 10719 berlin","salzufer 15/16, 10587 berlin","salzufer 15/16, 10587 berlin","salzufer 15/16, 10587 berlin"
hrb_216337,,"schwedter strasse 266 c/o kateryna levina, 10119 berlin",,"schwedter strasse 266, c/o kateryna levina, 10119 berlin",
hrb_216411,"lohmühlenstrasse 65, 12435 berlin","wönnichstrasse 68/70, 10317 berlin","lohmühlenstrasse 65, 12435 berlin","lohmühlenstrasse 65, 12435 berlin",
hrb_216632,,"gerichtstrasse 23, 13347 berlin","osloer strasse 16, 13359 berlin","osloer strasse 16, 13359 berlin","osloer strasse 16, 13359 berlin"
hrb_216846,"werrastrasse 46, 12059 berlin","besselstrasse 14, 10696 berlin",,,
hrb_217194,"köpenicker strasse 10, 10997 berlin",,,,"budapester strasse 46, 10787 berlin"
hrb_217540,,"dietzgenstrasse 36a, 13156 berlin",,,"triftstrasse 52, 13353 berlin"
hrb_217746,,,"karlsruher strasse 18, 10711 berlin","mertensstrasse 63-115, 13587 berlin",
hrb_217893,"grossbeerenstrasse 32, 10965 berlin","grossbeerenstrasse 32, 10965 berlin","hohenzollerndamm 152, 14199 berlin","hohenzollerndamm 152, 14199 berlin","hohenzollerndamm 152, 14199 berlin"
hrb_218080,,"nordlichtstrasse 75, 13405 berlin","nordlichtstrasse 75, 13405 berlin","propststrasse 8, 10178 berlin",
hrb_218133,,"georg-löwenstein-strasse 10, 10317 berlin",,"urbanstrasse 71, 10967 berlin","urbanstrasse 71, 10967 berlin"
hrb_218206,,"am lustgarten c/o berliner dom, 10178 berlin",,"kastanienallee 10, 10435 berlin",
hrb_218377,,,,"mühlenstrasse 62-65, haus 4, 13187 berlin","mühlenstrasse 65, 13187 berlin"
hrb_218619,,"stolzingstrasse 44, 13465 berlin",,"stolzingstrasse 44, 13465 berlin","schönhauser allee 36, 10435 berlin"
hrb_219283,,"münchener strasse 4, 10777 berlin",,"gervinusstrasse 7a, 10629 berlin",
hrb_219479,,"inselstrasse 1b, 10179 berlin",,,"inselstrasse 1 b, 10179 berlin"
hrb_219511,,"gneisenaustrasse 41, 10961 berlin","gneisenaustrasse 41, 10961 berlin","gneisenaustrasse 41, 10997 berlin","gneisenaustrasse 41, 10997 berlin"
hrb_220372,,"albrechtstrasse 18, 10117 berlin","habersaathstrasse 58, 10115 berlin",,
hrb_220480,,"bülowstrasse 68, 10783 berlin",,"bülowstrasse 68, 10783 berlin","paul-lincke-ufer 39-40, 10999 berlin"
hrb_220502,,"torellstrasse 7, 10234 berlin",,,"karl-marx-allee 90, 10243 berlin"
hrb_220562,,"c/o factory works gmbh, lohmühlenstrasse 65, 12435 berlin",,,"methfesselstrasse 43, 10965 berlin"
hrb_220672,,"beskidenstrasse 18a, 14129 berlin",,"beskidenstrasse 18 a, 14129 berlin",
hrb_220753,,"max-urich-strasse 3, 13355 berlin",,,"friedrichstrasse 125, 10117 berlin"
hrb_221095,,,"prenzlauer allee 36 f, 10405 berlin",,"greifswalder strasse 208, 10405 berlin"
hrb_221192,,"nicolaistrasse 27, 12247 berlin","nicolaistrasse 27, 12247 berlin","belziger strasse 35, 10823 berlin",
hrb_221562,,"elsenstrasse 13a, 12623 berlin","elsenstrasse 13 a, 12623 berlin","elsenstrasse 13 a, 12623 berlin",
hrb_221730,,,"crellestrasse 26, 10827 berlin",,"grunewaldstrasse 18, 10823 berlin"
hrb_221809,,"honöwer strasse 34, 10318 berlin","hönower strasse 34, 10318 berlin",,
hrb_221974,,"alt reinickendorf 25, 13407 berlin","alt reinickendorf 25, 13407 berlin","alt-reinickendorf 25, 13407 berlin","alt reinickendorf 25, 13407 berlin"
hrb_221997,,"ackerstrasse 3e, 10115 berlin",,"ackerstrasse 3e, 10115 berlin","ackerstrasse 3 e, 10115 berlin"
hrb_222002,,"tübinger strasse 5, 10715 berlin","hertzstrasse 67, 13158 berlin",,"tübinger strasse 5, 10715 berlin"
hrb_222038,,"grünberger strasse 35, 10245 berlin",,"alt-müggelheim 17, 12559 berlin",
hrb_222108,"langenscheidtstrasse 12 b, 10827 berlin",,"hauptstrasse 151, 10827 berlin",,
hrb_222584,,"strassmannstrasse 46, 10249 berlin","sonnenallee 223, 12059 berlin",,
hrb_222769,"am friedrichshain 12, 10407 berlin",,,"fanny-zobel-strasse 11, 12435 berlin",
hrb_222969,"bamberger strasse 18, 10779 berlin","bamberger strasse 18, 10779 berlin","bamber strasse 18, 10779 berlin",,
hrb_224928,,"veteranen strasse 11, 10119 berlin","veteranenstrasse 11, 10119 berlin",,
hrb_224987,,"prinzenallee 74, 13357 berlin",,"rollbergstrasse 28 a, 12053 berlin",
hrb_225527,,"c/o michael land, bänschstrasse 88, 10247 berlin",,"urbanstrasse 71, 10967 berlin",
hrb_225620,,"heinrich-roller strasse 15, 10405 berlin","heinrich-roller-strasse 15, 10405 berlin",,
hrb_225656,,,"friedrichstrasse 68, 10117 berlin",,"mariendorfer damm 1, 12099 berlin"
hrb_225775,,"bouchéstrasse 12 / halle 20, 12435 berlin","bouchéstrasse 12 halle 20, 12435 berlin",,
hrb_226357,,"chausseestrasse 86, c/o speedinvest deutschland gmbh, 10115 berlin",,"neue schönhauser strasse 3-5, 10178 berlin",
hrb_226358,,"beusselstrasse 26, 10553 berlin",,,"schwarzer weg 95, 13505 berlin"
hrb_226369,,,"c/o tu berlin, center of entrepreneurship, hardenbergstrasse 38, 10623 berlin","friedrichstrasse 76, 10117 berlin",
hrb_226400,,,"neuköllnische allee 154, 12057 berlin","neuköllnische allee 154, 12057 berlin","neuköllnische allee, 154, 12057 berlin"
hrb_226632,,"torstrasse 85-87, 10119 berlin",,,"münzstrasse 12, 10178 berlin"
hrb_226680,,"neue bahnhofstrasse 19, 10245 berlin",,"obentrautstrasse 53, 10963 berlin",
hrb_226721,,,"immanuelkirchstrasse 31, 10405 berlin","immanuelkirchstrasse 31, 10405 berlin","sredzkistrasse 63, 10405 berlin"
hrb_226906,,,"oberwallstrasse 6, 10117 berlin","leipzigerstrasse 126, 10117 berlin",
hrb_227540,,"bouchéstrasse 12, 12435 berlin","c/o motionlab.berlin, bouchéstrasse 12, halle 20, 12435 berlin","mariendorfer damm 1, 12099 berlin",
hrb_227654,,,"adalbertstrasse 39, 10179 berlin","skalitzer strasse 104, 10997 berlin",
hrb_228103,,"mariendorfer damm 1, 12099 berlin","c/o the drivery gmbh, mariendorfer damm 1, 12099 berlin","mariendorfer damm 1, 12099 berlin","mariendorfer damm 1 c/o the drivery, 12099 berlin"
hrb_228165,,,"mühlenstrasse 8a, 14167 berlin","mühlenstrasse 8 a, 14167 berlin","mühlenstrasse 8 a, 14167 berlin"
hrb_228240,,,"c/o jaroslaw brostowicz, joachimstrasse 3, 10119 berlin",,"joachimstrasse 3, 10119 berlin"
hrb_228648,,"gotenstrasse 11, 10829 berlin",,"c/o frau susana gómez, gotenstrasse 11, 10829 berlin","c/o frau susana gómez, gotenstrasse 11, 10829 berlin"
hrb_228698,,"rankestrasse 32, 10789 berlin",,"c/o leandro vergani prüfer, rankestrasse 32, 10789 berlin","c/o leandro vergani prüfer, rankestrasse 32, 10789 berlin"
hrb_228845,,"blücherstrasse 22, 10961 berlin","blücherstrasse 22, 10961 berlin","brebacher weg 61, 12683 berlin","brebacher weg 61, 12683 berlin"
hrb_229127,,,"karl-marx-strasse 1, 12043 berlin",,"hertzbergstrasse 12, 12055 berlin"
hrb_229269,,,"rheinsberger strasse 76/77, 10115 berlin",,"stargarder strasse 58, 10437 berlin"
hrb_229323,,"herthastrasse 4, 13189 berlin","herthastrasse 4, 13189 berlin","pappelallee 27, 10347 berlin","choriner strasse 51, 10435 berlin"
hrb_229426,,"chausseestrasse 121 a, 10115 berlin","chausseestrasse 121a, 10115 berlin","chausseestrasse 121 a, 10115 berlin",
hrb_230524,,"robert-rössle-strasse 10, 13125 berlin","robert-rössle-strasse 10, haus 79, 13125 berlin","robert-rössle-strasse 10 (haus d79), 13125 berlin",
hrb_230680,,"berliner allee 309-311, 13088 berlin",,,"berliner allee 311, 13088 berlin"
hrb_232416,,,"hedemannstrasse 27, 10963 berlin",,"akazienstrasse 3a, 10823 berlin"
hrb_232424,,,,"mittenwalder strasse 57, 10961 berlin","hubertusstrasse 17, 10365 berlin"
hrb_232943,,,"lohmühlenstrasse 65, 12435 berlin","c/o factory works gmbh, lohmühlenstrasse 65, 12435 berlin","c/o factory works gmbh, lohmühlenstrasse 65, 12435 berlin"
hrb_233151,,"seegefelder weg 454, 13591 berlin","seegefelder weg 454, 13591 berlin","am zeppelinpark 22, 13591 berlin","am zeppelinpark 22, 13591 berlin"
hrb_233201,,"milastrasse 3, 10437 berlin","scharnweberstrasse 25, 13405 berlin",,
hrb_233288,,,,"c/o factory works gmbh, lohmühlenstrasse 65, 12435 berlin","c/o merantix ai campus berlin, max-urich-strasse 3, 13355 berlin"
hrb_233294,,,"am kupfergraben 6 a, 10117 berlin","dircksenstrasse 47, 10178 berlin",
hrb_233369,,"bernkastler strasse 25, 12247 berlin","kurfürstendamm 48/49, 10707 berlin","kurfürstendamm 48/49, 10707 berlin","kurfürstendamm 48/49, 10707 berlin"
hrb_233650,,,,"akazienstrasse 28 (1. hof, linker aufgang), 10823 berlin","akazienstrasse 28 (hinterhof links), 10829 berlin"
hrb_233761,,,,"marienburger strasse 31 a, 10405 berlin","marienburger strasse 31a, 10405 berlin"
hrb_233893,,,"luisenstrasse 53, 10117 berlin","anklamer strasse 38, 10115 berlin",
hrb_233947,,"schliemannstrasse 9, 10437 berlin","grellstrasse 36, 10409 berlin","grellstrasse 36, 10409 berlin",
hrb_234048,,,"scharnhorststrasse 6 a, 10115 berlin","oranienstrasse 10-11, 10997 berlin","oranienstrasse 10 - 11, 10997 berlin"
hrb_235177,,,,"schauensteiner weg 7a, 14089 berlin","schauensteiner weg 7 a, 14089 berlin"
hrb_235190,,,"c/o ecosia gmbh, gerichtstrasse 23, hof 4 / aufgang 4, 13347 berlin",,"c/o ecosia gmbh, gerichtstrasse 23, hof 4/aufgang 4, 13347 berlin"
hrb_235475,,,,"c/o jana schellong, tucholskystrasse 45, 10117 berlin","tucholskystrasse 45, 10117 berlin"
hrb_235674,,,"friedrich-wilhelm-strasse 15, 12103 berlin",,"puschkinallee 39, 12435 berlin"
hrb_235971,,,"adalbertstrasse 32, 10179 berlin","adalberstrasse 32, 10179 berlin","adalbertstrasse 32, 10179 berlin"
hrb_236449,,,,"rheinsberger strasse 74, 10115 berlin","schönhauser allee 141 b, 10437 berlin"
hrb_236997,,,"schwarnweberstrasse 53, 12587 berlin","scharnweberstrasse 53, 12587 berlin","scharnweberstrasse 53, 10587 berlin"
hrb_237497,,,"friedrichstrasse 120, 10117 berlin",,"mahlower strasse 24, 12049 berlin"
hrb_237740,,,"kienitzerstrasse 122, 12049 berlin","kienitzer strasse 122, 12049 berlin",
hrb_237869,,,"eiswerderstrasse 16-18 - loft 130, 13585 berlin","eiswerderstrasse 16-18 - loft 130, 13585 berlin","eiswerderstrasse 14 – loft 130, 13585 berlin"
hrb_237964,,,"c/o factory works lohmühlenstrasse 65, 12435 berlin","lohmühlenstrasse 65, 12435 berlin",
hrb_238112,,,"kreutziger strasse 12, 10247 berlin","bruno-bürgel-weg 69-81, 12439 berlin",
hrb_238149,,,,"c/o m. kober, müllenhoffstrasse 2, 10967 berlin","müllenhoffstrasse 2, 10967 berlin"
hrb_238328,,,"winterfeldtstrasse 18, c/o zimmermann, 10781 berlin",,"c/o zimmermann, winterfeldtstrasse 18, 10781 berlin"
hrb_238354,,,"singerstrasse 111, 10179 berlin","singerstrasse 111, 10179 berlin","c/o amir fattal singerstrasse 111, 10179 berlin"
hrb_238576,,,"c/o antler innovation gmbh, novalisstrasse 10, 10115 berlin",,"c/o antler innovation gmbh, jägerstrasse 32, 10117 berlin"
hrb_240090,,,,"schillerpromenade 29, 12049 berlin","hindenburgdamm 93d, 12203 berlin"
hrb_240308,,,,"kurfürstenstrasse 3/ 3a, 10785 berlin","kurfürstenstrasse 3/3a, 10785 berlin"
hrb_242078,,,,"lützowplatz 7, 10785 berlin","geschwister-scholl-strasse 5, 10117 berlin"
hrb_242238,,,"rheinsberger strasse 76-77, 10115 berlin","torstrasse 110, 10119 berlin","torstrasse 110, 10119 berlin"
hrb_242342,,,"altensteinstrasse 40, 14195 berlin","schwarze-pumpe-weg 16, 12681 berlin","schwarze-pumpe-weg 16, 12681 berlin"
hrb_243191,,,,"lohmühlenstrasse 65, 12435 berlin","c/o impact hub berlin gmbh rollbergstrasse 28a, 12053 berlin"
hrb_243246,,,,"greifswalder strasse 161, 10409 berlin","c/o mindspace, mu?nzstrasse 12, 10178 berlin"
hrb_243260,,,,"zelterstrasse 14, 10439 berlin","würtzstrasse 11, 13187 berlin"
hrb_243755,,,"rheinsberger strasse 35 c.o. psyberlin, 10435 berlin","friedrichstrasse 95, 10117 berlin","friedrichstrasse 95, 10117 berlin"
hrb_244716,,,,"paul-lincke-ufer 39/40, 10999 berlin","universitätsstrasse 2-3 a, 10117 berlin"
hrb_245183,,,,"oberlandstrasse 26-35, 12099 berlin","am treptower park 17, 12435 berlin"
hrb_245462,,,,"hardenbergstrasse 38, 10623 berlin","bismarckstrasse 10-12, 10625 berlin"
hrb_246024,,,,"c/o irene ternes, fidicinstrasse 39, 10965 berlin","fidicinstrasse 39, 10965 berlin"
hrb_246314,,,,"c/o humboldt innovation gmbh, luisenstrasse 53, 10117 berlin","luisenstrasse 53, 10117 berlin"
hrb_246586,,,,"strasse des 17. juni 135, 10623 berlin","strasse des 17. juni 135, c/o tu berlin, sek. h93, 10623 berlin"
hrb_247599,,,,"max-urich-strasse 3, ai campus, 13355 berlin","max-urich-strasse 3, 13355 berlin"
hrb_247600,,,,"hohenzollerndamm 54 a, 14199 berlin","hohenzollerndamm 54a, 14199 berlin"
hrb_248169,,,"schönhauser allee 36 - 39, 10435 berlin","schönhauser allee 36-39, 10435 berlin","schönhauser allee 36-39, 10435 berlin"
hrb_248749,,,,"c/o liz valentina thieme, kronenstrasse 13, 10117 berlin","kulmer strasse 31, 10783 berlin"
hrb_249285,,,,"französische strasse 20, 10117 berlin","französische stra?e 20, 10117 berlin"
hrb_249809,,,,"c/o julian vogels, danziger strasse 122, 10407 berlin","danziger strasse 122, 10407 berlin"
hrb_250093,,,,"holzmarktstrasse 15, 10179 berlin","holmarktstrasse 15, 10179 berlin"
hrb_250483,,,,"kamminer strasse 2, 10589 berlin","strasse des 17. juni 144, 10623 berlin"
hrb_251583,,,,"kurfürstenstrasse 31-32, 10785 berlin","kurfürstenstrasse 31 - 32, 10785 berlin"
hrb_251890,,,,"c/o motionlab.berlin, bouchéstrasse 12, 12435 berlin","c/o berlin green, niemetzstrasse 47-49, 12055 berlin"
hrb_252241,,,,"prenzlauer allee 189, 10405 berlin","ackerstrasse 29, 10115 berlin"
hrb_252552,,,,"charlottenburger strasse 62, 13086 berlin","kochhannstrasse 6, 10249 berlin"
hrb_253826,,,,"co dubrau, köpenicker strasse 94, 10179 berlin","c/o anton dubrau, köpenicker strasse 94, 10179 berlin"
kör_100008,"gallwitzallee 4-6, 12249 berlin","gallwitzallee 6, 12249 berlin","gallwitzallee 4-6, 12249 berlin","gallwitzallee 4-6, 12247 berlin","gallwitzallee 4-6, 12249 berlin"
kör_100013,"georgenkirchstrasse 69, 10249 berlin","sakrower kirchweg 79, 14089 berlin","georgenkirchstrasse 69, 10249 berlin","georgenkirchstrasse 69, 10249 berlin","georgenkirchstrasse 69, 10249 berlin"
kör_100016,"alt karow 55, 13125 berlin","alt karow 55, 13125 berlin","alt karow 13, 13125 berlin","alt karow 13, 13125 berlin","alt karow 13, 13125 berlin"
kör_100022,"nahariyastrasse 19, 12309 berlin","goltzstrasse 33, 12307 berlin","goltzstrasse 33, 12307 berlin","goltzstrasse 33, 12307 berlin","goltzstrasse 33, 12307 berlin"
kör_100050,"hildegardstrasse 3a, 10715 berlin","hildegardstrasse 3a, 10715 berlin","hildegardstrasse 3a, 10715 berlin","bergheimer strasse 1, 14197 berlin",
kör_100059,"einsteinufer 43-53, 10587 berlin","einsteinufer 43-53, 10587 berlin","einsteinufer 43-53, 10587 berlin","einsteinufer 43, 10587 berlin","einsteinufer 43, 10587 berlin"
kör_100061,"kaiserswerther strasse 16-18, 14195 berlin","kaiserswerther strasse 16-18, 14195 berlin","kaiserwerther strasse 16-18, 14195 berlin","kaiserswerther strasse 16-18, 14195 berlin","kaiserswerther strasse 16-18, 14195 berlin"
kör_100063,"kuglerstrasse 11, 10439 berlin","kuglerstrasse 11, 10439 berlin","salierring 23-27, 50677 köln","salierring 23-27, 50677 köln","salierring 23-27, 50677 köln"
kör_100074,"alice-salomon-platz 5, 12627 berlin","alice-salomon-platz 5, 12627 berlin","alice salomon platz 5, 12627 berlin","alice-salomon-platz 5, 12627 berlin",
kör_100102,"südstern 8-10, 10961 berlin","südstern 8-10, 10961 berlin","südstern 8-10, 10961 berlin","südstern 8-10, 10691 berlin","südstern 8-10, 10961 berlin"
kör_100104,"niederwallstrasse 8-9, 10117 berlin","niederwallstrasse 8-9, 10117 berlin","niederwallstrasse 6-7, 10117 berlin","niederwallstrasse 6-7, 10117 berlin","niederwallstrasse 8-9, 10117 berlin"
kör_100107,,"gierkeplatz 2, 10585 berlin","gierkeplatz 2-4, 10585 berlin",,"gierkeplatz 2-4, 10585 berlin"
kör_100110,"bölschestrasse 27-30, 12587 berlin","bölschestrasse 28 a, 12587 berlin","bölschestrasse 27-30, 12587 berlin","bölschestrasse 27-30, 12567 berlin","bölschestrasse 27-30, 12587 berlin"
kör_100111,"bundesallee 76 a, 12161 berlin","bundesallee 76 a, 12161 berlin","bundesallee 76a, 12161 berlin","bundesallee 76a, 12161 berlin","bundesallee 76 a, 12161 berlin"
kör_100115,"thielallee 1-3, 14195 berlin","thielallee 1+3, 14195 berlin","thielallee 1 + 3, 14195 berlin","thiellee 1-3, 14195 berlin","thiellee 1-3, 14195 berlin"
kör_100128,"grüntaler strasse 62, 13359 berlin","grüntaler strasse 62, 13359 berlin","grüntaler strasse 62, 13359 berlin","grüntaler strasse 62, 13359 berlin","grüntalerstrasse 62, 13359 berlin"
kör_100144,,"schlossstrasse 44, 12165 berlin","schlossstrasse 44 a, 12165 berlin","schlossstrasse 44 a, 12165 berlin","schlossstrasse 44a, 12165 berlin"
kör_100146,"heinrichstrasse 31, 10317 berlin",,,"heinrichstrasse 37, 10317 berlin",
kör_100154,"hildegardstrasse 3a, 10715 berlin","hildegardstrasse 3a, 10715 berlin",,,"hildegard strasse 3a, 10715 berlin"
kör_100164,"anna-louisa-karsch strasse 2, 10178 berlin","anna-louisa-karsch-strasse 2, 10178 berlin",,"anna-louisa-karsch-strasse 2, 10178 berlin","anna-louisa-karsch-strasse 2, 10178 berlin"
kör_100176,"teltower damm 118 - 122, 14167 berlin","teltower damm 118 - 122, 14167 berlin","teltower damm 118 - 122, 14167 berlin","teltower damm 118-122, 14167 berlin","teltower damm 118 - 122, 14167 berlin"
kör_100177,"auguste-viktoria-allee 51a, 13403 berlin","auguste-viktoria-allee 51 a, 13403 berlin","auguste-viktoria-allee 51 a, 13403 berlin","auguste-viktoria-allee 51 a, 13403 berlin","auguste-viktoria-allee 51, 13403 berlin"
kör_100181,"köpenicker allee 39 - 57, 10318 berlin","köpenicker allee 39-57, 10318 berlin","köpenicker allee 39-57, 10318 berlin","köpeniscker allee 39-57, 10318 berlin",
kör_100182,"köpenicker strasse 148 / 149, 10997 berlin","köpenicker strasse 148 / 149, 10997 berlin","köpenicker strasse 148/149, 10997 berlin","köpenicker strasse 148/149, 10997 berlin","köpenicker strasse 148 / 149, 10997 berlin"
kör_100201,"wilhelmsaue 118 a, 10715 berlin","wilhelmsaue 118a, 10715 berlin",,"wilhelmsaue 118a, 10715 berlin",
kör_100223,"rübelandstrasse 9, 12053 berlin","hertastrasse 11, 12051 berlin","hertastrasse 11, 12051 berlin","hertastrasse 11, 12051 berlin","hertastrasse 11, 12051 berlin"
kör_100224,,,"alt-tegel 39, 13507 berlin","erholungsweg 64, 13507 berlin","alt-tegel 39, 13507 berlin"
kör_100229,"klixstrasse 2, 10823 berlin","klixstrasse 2, 10823 berlin","klixstrasse 2, 10823 berlin","klixstrasse 2, 10823 berlin","an der apostelkirche 1, 10783 berlin"
kör_100233,"nansenstrasse 4-7, 12047 berlin",,,"briesestrasse 15, 12053 berlin","briesestrasse 15, 12053 berlin"
kör_100236,"köprnicker strasse 25, 12524 berlin","köpenicker strasse 35, 12524 berlin","köpenicker strasse 35, 12524 berlin",,
kör_100248,,"mühlenstrasse 49, 14167 berlin",,"mühlenstrasse 45, 14167 berlin",
kör_100251,"hindenburgdamm 101a, 12203 berlin","hindenburgdamm 101a, 12203 berlin",,"hindenburgdamm 101a, 12203 berlin","hindenburgdamm 101 a, 12203 berlin"
kör_100262,,,"oldenburger strasse 46, 10551 berlin","oldenburger strasse 45, 10551 berlin","oldenburger strasse 46, 10551 berlin"
kör_100263,"matterhornstrasse 37/39, 14129 berlin",,"kirchstrasse 4, 14163 berlin",,
kör_100265,,"sondershauserstrasse 50, 12249 berlin","sonderhauser strasse 50, 12249 berlin","sonderhauser strasse 50, 12249 berlin",
kör_100278,,,"georgenkirchstrasse 69-70, 10249 berlin","georgenkirchstrasse 69/70, 10249 berlin",
kör_100287,,,,"zossener strasse 65, 10961 berlin","klosterstrasse 66, 10179 berlin"
nr_100001,"oranienstrasse 34, 10999 berlin","oranienstrasse 34, 10999 berlin","oranienstrasse 34, 10999 berlin","oranienstrasse 34, hh, 10966 berlin",
nr_100003,"gitschiner strasse 17, 10969 berlin","gitschiner strasse 17, 10969 berlin","gitschiner strasse 17, 10969 berlin","alt lietzow 33, 10587 berlin","gitschiner strasse 17, 10969 berlin"
nr_100006,"charlottenstrasse 68-71, 10117 berlin","charlottenstrasse 68-71, 10117 berlin","charlottenstrasse 68-71, 10117 berlin","charlottenstrasse68-71, 10117 berlin","charlottenstrasse 68-71, 10117 berlin"
nr_100016,,"otto-fleck-schneise 8, 60528 frankfurt","otto-fleck-schneise 8, 60528 frankfurt am main","otto-fleck-schneise 8, 60528 frankfurt am main","otto-fleck-schneise 8, 60528 frankfurt am main"
nr_100017,"otto-fleck-schneise 8, 60528 frankfurt am main","otto-fleck-schneise 8, 60528 frankfurt","otto-fleck-schneise 8, 60528 frankfurt am main","otto-fleck-schneise 8, 60528 frankfurt am main","otto-fleck-schneise 8, 60528 frankfurt am main"
nr_100021,"chauseestrasse 5, 10115 berlin","chausseestrasse 5, 10115 berlin","frankenallee 13, 14052 berlin","frankenallee 13, 14052 berlin","frankenallee 13, 14052 berlin"
nr_100026,"konrad-adenauer-ufer 22, 50668 köln","konrad-adenauer-ufer 21, 50668 köln","konrad-adenauer-ufer 23, 50668 köln",,"konrad-adenauer-ufer 22, 50668 köln"
nr_100032,"tulpenfeld 7, 53113 bonn","tulpenfeld 7, 53113 bonn","friedrich-ebert-allee 40, 53113 bonn",,"friedrich-ebert-allee 40, 53113 bonn"
nr_100037,"jägerstrasse 22/23, 53175 bonn","jägerstrasse 22/23, 10117 berlin","kennedyallee 40, 53175 bonn","kennedyallee 40, 53175 bonn","kennedyallee 40, 53175 bonn"
nr_100040,,"schnellerstrasse 1 - 5, 12439 berlin","heidelberger strasse 65 / 66, 12435 berlin","heidelberger strasse 65 / 66, 12435 berlin",
nr_100043,"fürstenwalder allee 238, 12589 berlin","augustastrasse 3, 12203 berlin","augustastrasse 3, 12203 berlin","fregestrasse 79, 12159 berlin","fregestrasse 79, 12259 berlin"
nr_100068,"godesberger allee 149, 53175 bonn","godesberger allee 149, 53175 bonn","godesberger allee 149, 53175 bonn",,"hiroshimastrasse 17, 11785 berlin"
nr_100073,,"kirschallee 1, 16837 flecken zechlin","kapweg 4, 13405 berlin","keithstrasse 1, 10787 berlin","keithstrasse 1, 10787 berlin"
nr_100083,"renatastrasse 77, 80639 münchen","lehrter strasse 66, 10557 berlin","renatastrasse 77, 80639 münchen","renatastrasse 77, 80639 münchen","renatastrasse 77, 80639 münchen"
nr_100095,"brandaustrasse 10, 34127 kassel","brandaustrasse 10, 34127 kassel","fritz-reuter-allee 138, 12359 berlin","fritz-reuter-allee 138, 12359 berlin","fritz-reuter-allee 138, 12359 berlin"
nr_100139,"lützowufer 1, 10785 berlin","kurfürstenstrasse 131, 10785 berlin","kurt-schumacher-damm 41, 13405 berlin","kurt-schumacher-damm 41, 13405 berlin","kurt-schumacher-damm 41, 13405 berlin"
nr_100162,"holbeinstrasse 13-15, 53175 bonn","holbeinstrasse 13-15, 53175 bonn","holbeinstrasse 13-15, 53175 bonn",,"venusberg-campus1, 53127 bonn"
nr_100180,"obentrautstrasse 16 - 18, 13129 berlin","alt-blankenburg 5, 13129 berlin","alt-blankenburg 5, 13129 berlin","alt-blankenburg 5, 13129 berlin",
nr_100191,"zwinglistrasse 36, 10555 berlin","zwinglistrasse 36, 10555 berlin","zwinglistrasse 36, 10555 berlin","gürtelstrasse 38, 10247 berlin","ilsenburger strasse 10 a, 10589 berlin"
nr_100243,"benzenbergstrasse 2, 40219 düsseldorf","am wehrhahn 18, 40211 düsseldorf","am wehrhahn 18, 40211 düsseldorf","am wehrhahn 18, 40211 düsseldorf","am wehrhahn 18, 40211 düsseldorf"
nr_100271,"altensteinstrasse 15, 14195 berlin","altensteinstrasse, 14195 berlin","altensteinstrasse 15, 14195 berlin",,
nr_100278,"falkenstrasse 4, 15656 brieselang","falkenstrasse 4, 14656 brieselang",,,
nr_100344,"alte jakobstrasse 79/80, 10179 berlin","hegelstrasse 2, 39104 magdeburg","alte jakobstrasse 79/80, 10179 berlin","hegelstrasse 2, 39104 magdeburg","hegelstrasse 2, 39104 magdeburg"
nr_100349,,,"fritz-reichle-ring 4, 78315 radolfzell","fritz-reichle-ring 4, 78315 radolfzell","hackescher markt 4, 10178 berlin"
nr_100358,,,"heidelberger strasse 65/66, 12435 berlin",,"heidelberger strasse 65, 12435 berlin"
nr_100471,"warenerstrasse 7, 12683 berlin",,,"warenerstrasse 7, 12683 berlin","tannenbergstrasse 1, 48147 münster"
nr_100485,"menzinger strasse 68, 80992 münchen","fritz-lesch-strasse 29, 13053 berlin","fritz-lesch-strasse 29, 13053 berlin","fritz-lesch-strasse 29, 13053 berlin","menzinger strasse 68, 80992 münchen"
nr_100527,"granitzstrasse 55-56, 13189 berlin","granitzstrasse 55-56, 13189 berlin","theodor-heuss-allee 7, 60486 frankfurt/main","theodor-heuss-allee 7, 60486 frankfurt/main","theodor-heuss-allee 7, 60486 frankfurt/main"
nr_100528,"markgrafendamm 24, 10245 berlin","markgrafendamm 24, 10245 berlin","pfarrer-perabo-platz 2, 60326 frankfurt/main","pfarrer-perabo-platz 2, 60326 frankfurt/main","pfarrer-perabo-platz 2, 60326 frankfurt/main"
nr_100536,"geschwister-scholl-srasse 7, 15566 schöneiche bei bln.","geschwister-scholl-strasse 7, 15566 schöneiche","geschwister-scholl-strasse 7, 15566 schöneiche","geschwister-scholl-strasse 7, 15566 berlin","geschwister-scholl-strasse 7, 15566 schöneiche"
nr_100556,"koehlhofstrasse 2 a, 50676 köln","rubensstrasse 116, 12157 berlin",,,
nr_100569,"münsterplatz 13, 78462 konstanz","am münsterplatz 13, 78462 konstanz","motzstrasse 30, 10777 berlin - schöneberg",,"motzstrasse 30, 10777 berlin - schöneberg"
nr_100587,"hebelstrasse 6, 60318 frankfurt am main","christinenstrasse 21, 10119 berlin","christinenstrasse 21, 10119 berlin","christinenstrasse 21, 10119 berlin","christinenstrasse 21, 10119 berlin"
nr_100589,"berlepschstrasse 42, 14165 berlin","berlepschstrasse 42, 14165 berlin","berlepschstrasse 42, 14165 berlin","berlepeschstrasse 42, 14165 berlin","berlepeschstrasse 42, 14165 berlin"
nr_100597,"an der lake 21, 14612 falkensee",,,"bahnhofstrasse28, 14624 dallgow-döberitz","bahnhofstrasse 28, 14624 dallgow - döberitz"
nr_100612,"christstrasse 9, 44789 bochum","christstrasse 9, 44789 bochum","christstrasse 9, 44789 bochum","marienstrasse 19-20, 10117 berlin","marienstrasse 19-20, 10117 berlin"
nr_100624,"am maselakepark 21, 13587 berlin","johann-krane-weg 18, 48149 münster","johann-krane-weg 18, 48149 münster","johann-krane-weg 18, 48149 münster","johann-krane-weg 18, 48149 münster"
nr_100657,"eifflerstrasse 43, 22769 hamburg","panorama strasse 1, 10178 berlin",,,
nr_100694,"gabriel-von-seidl-strasse 11, 82031 grünwald",,"gabriel-von-seidl-strasse 11, 82031 grünwald",,"wiebestrasse 36-37, 10553 berlin"
nr_100708,"am baltenring 74, 12619 berlin","am baltenring 74, 12619 berlin","kurfürstendamm 167, 10707 berlin","kurfürstendamm 167, 10707 berlin",
nr_100709,"löbstedter strasse 67, 7749 jena","löbstedter strasse 67, 07749 jena","löbstedter strasse 67, 07749 jena","löbstedter strasse 67, 07749 jena","löbstedter strasse 67, 07749 jena"
nr_100715,"julius-reiber-strasse 5, 64293 darmstadt","julius-reiber-strasse 5, 64293 darmstadt","julius-reiber-strasse 5, 64293 darmstadt","otto-fleck-schneise 8, 60528 frankfurt am main","julius-reiber-strasse 5, 64293 darmstadt"
nr_100805,,"zimmerstrasse 90, 10117 berlin","parkring 4, 85748 garching bei münchen",,
nr_100815,"kirchallee 1, 16837 rheinsberg","kirschallee 2, 16837 flecken zechlin","kirschallee 2, 16837 flecken zechlin","kirschallee 2, 16837 flecken zechlin","kirschallee 2, 16837 flecken zechlin"
nr_100816,"sudetenlandstrasse 18, 37085 göttingen","sudetenland-strasse 18, 37805 göttingen",,,
nr_100834,"landsberger allee 99c, 10407 berlin",,"landsberger allee 99c, 10407 berlin",,"landsberger allee 99 c, 10407 berlin"
nr_100865,"elbestrasse 28/29, 12045 berlin","elbestrasse 28-29, 12045 berlin","elbestrasse 28-29, 12045 berlin",,"neustädtischer markt 7/8, 14776 brandenburg an der havel"
nr_100871,"ferdinand-wilhelm-fricke-weg 10, 30169 hannover","ferdinand-wilhelm-fricke weg 10, 30169 hannover","ferdinand-wilhelm-fricke-weg 10, 30169 hannover","ferdinand-wilhelm-fricke-weg 10, 30169 hannover","ferdinand-wilhelm-fricke-weg 10, 30169 hannover"
nr_100872,,"grossbeerenstrasse 179 179, 14482 potsdam","wetzlarer strasse 18, 14482 potsdam","wetzlarer strasse 18, 14482 potsdam","wetzlarer strasse 18, 14482 potsdam"
nr_100885,,"erkelenzdamm 59, 10999 berlin","erkelenzdamm 59, 10999 berlin","urbanstrasse 115, 10967 berlin",
nr_100930,"dorfstrasse 19, 15377 buckow","dorfstrasse 19, 15377 buckow-hasenholz",,,
nr_100940,,"bleichstrasse 1, 51063 köln","bleichstrasse 1, 51063 köln","bleichstrasse 1, 51063 köln","waterloo-ufer 7, 10961 berlin"
nr_100946,,"paul-lincke-ufer 8b, 10999 berlin",,"planckstrasse 13, 22765 hamburg",
nr_101023,,,,"wilhelmstrasse 17, 34346 hann. münden","schönhausser allee 44a, 10435 berlin"
nr_101026,"landsberger allee 117a, 10407 berlin","schimmelbuschstrasse 55, 40699 erkrath","schimmelbuschstrasse 55, 40699 erkrath","schimmelbuschstrasse 55, 40699 erkrath","schimmelbuschstrasse 55, 40699 erkrath"
nr_101030,,"poelchaukamp 8, 22301 hamburg","flatowallee 16 - 837, 14055 berlin","flatowallee 16 - 837, 14055 berlin","frankfurter allee 53, 10247 berlin"
nr_101083,,,"hafenstrasse 12, 14641 wustermark","platz der vereinten nationen 1, 10249 berlin",
nr_101157,,,"robert-rössle-strasse 10, 13125 berlin","robert-rössle-strasse 10, 13125 berlin","robert-rössle-strasse 10/d79, 13125 berlin"
nr_101168,,,,"promenade 18, 14624 dallgow-döberitz","promenade 18, 14624 dallgow - döberitz"
nr_101189,,"lindenweg 9 a, 15378 berlin","lindenweg 9 a, 15378 rüdersdorf","lindenweg 9a, 15378 rüdersdorf bei berlin",
nr_101218,,"parzivalstrasse 2 b, 76139 karlsruhe","weinmeisterstrasse 16, 10178 berlin",,
nr_101236,,,"fraunhoferstrasse 30a, 80469 münchen","fraunhoferstrasse 30 a, 80469 münchen",
nr_101247,,,"rudolf-breitscheid-strasse 164, 14482 potsdam","ausnahmetatbestand nach nr. 1.5.3.3 av zu § 44 lho, ausna ausnahmetatbestand nach nr. 1.5.3.3 av zu § 44 lho","rudolf-breitscheid-strasse 164, 14482 potsdam"
nr_101297,,,"lützowstrasse 24, 04155 leipzig","lützowstrasse 24, 4155 leipzig","lützowstrasse 24, 04155 leipzig"
nr_101447,,,,"tulpenweg 2-4, 50226 frechen-buschbell","tulpenweg 2, 50226 frechen"
spr_100008,"schönwalder allee 26, 13587 berlin","schönwalder allee 26, 13587 berlin","schönwalder allee 26 / haus 12, 13587 berlin","schönwalder allee 26, 13587 berlin","schönwalder allee 26, 13587 berlin"
spr_100022,"müllerstrasse 74, 13349 berlin","seestrasse 67, 13347 berlin","seestrasse 67, 13347 berlin","seestrasse 67, 13347 berlin","seestrasse 67, 13347 berlin"
spr_100040,"reinhold-würth-strasse 12-17, 74653 künzelau","reinhold-würth-strasse 12-17, 74650 künzelsau","reinhold-würth-strasse 12-16, 74650 künzelsau","reinhold-würth-strasse 12-17, 74653 künzelau","reinhold-würth-strasse 12-16, 74650 künzelau"
spr_100049,"ullsteinhaus, mariendorfer damm 1, 12099 berlin","ullsteinhaus, mariendorfer damm 1, 12099 berlin","ullsteinhaus, mariendorfer damm 1, 12099 berlin","ullsteinhaus, mariendorfer damm 1, 12099 berlin","mariendorfer damm 1, 12099 berlin"
spr_100053,"klingelhöferstrasse 7, 10785 berlin","klingelhöferstrasse 7, 10785 berlin","klingelhöferstrasse 7, 10785 berlin","klingelhöferstrasse 7, 10785 berlin","nymphenburgerstrasse 9, 10825 berlin"
spr_100055,"sophienstrasse 28-29, 10178 berlin",,"sophienstrasse 26 / 29, 10178 berlin","sophienstrasse 28-29, 10178 berlin",
spr_100059,"bernauer strasse 115 - 118, 13355 berlin","bernauer strasse 117, 13355 berlin","bernauer strasse 115-118, 13355 berlin","bodelschwinghstrasse 27, 16321 bernau bei berlin (ot lobetal)","bodelschwinghstrasse 27, 16321 bernau bei berlin (ot lobetal)"
spr_100068,"albrechtstrasse 7, 12165 berlin","albrechtstrasse 7, 12165 berlin",,"drakestrasse 2, 12205 berlin","drakestrasse 2, 12205 berlin"
spr_100074,"pariser platz 7, 10117 berlin","pariser platz 7, 10117 berlin","max liebermann haus, pariser platz 7, 10117 berlin","pariser platz 7, 10117 berlin","pariser platz 7, 10117 berlin"
spr_100076,"richard-sorge-strasse 21 a, 10249 berlin","schwiebusser strasse 18, 10965 berlin","schwiebusser strasse 18, 10965 berlin","schwiebusser strasse 18, 10965 berlin","schwiebusser strasse 18, 10965 berlin"
spr_100083,"albrechtstrasse 14e, 10117 berlin","albrechtstrasse 14b, 10117 berlin","albrechtstrasse 14b, 10117 berlin","albrechtstrasse 14b, 10117 berlin","albrechtstrasse 14b, 10117 berlin"
spr_100108,"heidemühle 12, 15366 berlin","heidemühle 12, 15366 hoppegarten",,,
spr_100113,"grosse müllroser strasse 51 a, 15232 frankfurt (oder)","briesener strasse 4, 15230 berlin","briesener strasse 4, 15230 frankfurt/oder",,"briesener strasse 4, 15230 frankfurt/oder"
spr_100127,"reinbeckstrasse 17, 12459 berlin",,"reinbeckstrasse 11, 12459 berlin","reinbeckstrasse 17, 12459 berlin","reinbeckstrasse 17, 12459 berlin"
spr_100133,"siegfriedstrasse 204 c, 10365 berlin","scharnweberstrasse 25, 13405 berlin","wiesenstrasse 55, 13357 berlin","wiesenstrasse 55, 13357 berlin","wiesenstrasse 55, 13357 berlin"
spr_100156,,,,"genthiner strasse 13, 10719 berlin","genthiner strasse 13, 10785 berlin"
sör_100001,"obentrautstrasse 55, 10963 berlin","obentrautstrasse 55, 10963 berlin","obentrautstrasse 55, 10963 berlin","obentrautstrasse 55, 10963 berlin","ostseestrasse 109, 10409 berlin"
sör_100009,"von-der-heydt-strasse 16-18, 10785 berlin","von-der-heydt-strasse 16 - 18, 10785 berlin","von-der-heydt-strasse 16-18, 10785 berlin","von-der-heydt-strasse 16-18, 10785 berlin","von-der-heydt-strasse 16 - 18, 10785 berlin"
sör_100015,"lindenstrasse 9 - 14, 10969 berlin","lindenstrasse 14, 10969 berlin",,,
sör_100017,"alte jacobstrasse 124-128, 10969 berlin","alte jakobstrasse 124 - 128, 10969 berlin",,,"alte jakobstrasse 124-128, 10969 berlin"
sör_100018,,"allee nach sanssaouci 5, 14471 berlin","allee nach sanssaouci 5, 14471 berlin","allee nach sanssouci 5, 14471 berlin",
sör_100020,"poststrasse 13-14, 10178 berlin","poststrasse 13-14, 10178 berlin","poststrasse 13 - 14, 10178 berlin",,
vr_000122,"bismarkstrasse 70/72, 14109 berlin","bismarckstrasse 70 / 72, 14109 berlin","bismarckstrasse 70/72, 14109 berlin","bismarckstrasse 70/72, 14109 berlin","bismarckstrasse 70/72, 14109 berlin"
vr_000216,,"neuendorfer strasse 20, 13585 berlin","neuendorfer strasse 60, 13585 berlin",,
vr_000222,"blücherstrasse 62, 10961 berlin","blücherstrasse 62, 10961 berlin","blücherstrasse 62, 10961 berlin","blücherstrasse 62, 10961 berlin","hallesches ufer 30 a, 10963 berlin"
vr_000285,"sophienstrasse 28/29, 10178 berlin","sophienstrasse 28/29, 10178 berlin","chausseestrasse 84, 10115 berlin","chausseestrasse 84, 10115 berlin","chausseestrasse 84, 10115 berlin"
vr_000288,"saatwinkler damm 42/43, 13627 berlin","burggrafenstrasse 6, 10787 berlin","burggrafenstrasse 6, 10787 berlin","burggrafenstrasse 6, 10787 berlin","burggrafenstrasse 6, 10787 berlin"
vr_000372,,"schrockstrasse 1, 14165 berlin","schrockstrasse 1, 14165 berlin","schrockstrasse 1, 14165 berlin","markelstrasse 59, 12163 berlin"
vr_000375,"gerstäckerweg 7 a, 14089 berlin","gerstäckerweg 7 a, 14089 berlin","gerstäckerweg 7 a, 14089 berlin","gerstäckerweg 7a, 14089 berlin","gerstäckerweg 7 a, 14089 berlin"
vr_000533,"händelstrasse 98, 14513 berlin","händelstrasse 98, 14513 berlin","bismarckstrasse 2, 14109 berlin","bismarckstrasse 2, 14109 berlin","händelstrasse 98, 14513 berlin"
vr_000560,"postfach 39 01 55, 14091 berlin","postfach 39 01 55, 14091 berlin","alsenstrasse 17, 14109 berlin","alsenstrasse 17, 14109 berlin","alsenstrasse 17, 14109 berlin"
vr_000594,"scharfe lanke 67, 13595 berlin","scharfe lanke 67, 13595 berlin",,"scharfe lanke 67-69, 13595 berlin",
vr_000644,"lindenstrasse 64, 12529 schönefeld","lindenstrasse 64, 12529 schönefeld","warthestrasse 41a, 12051 berlin","warthestrasse 41a, 12051 berlin","warthestrasse 41a, 12051 berlin"
vr_000646,"landsberger allee 201, 13055 berlin","holiday inn, landsberger allee 201, 13055 berlin","landsberger allee 201, 13055 berlin","landsberger allee 201, 13055 berlin","landsberger allee 201, 13055 berlin"
vr_000647,"finnentroper weg 38, 13507 berlin","finnentroper weg 38 a, 13507 berlin","finnentroper weg 38 a, 13507 berlin","finnentroper weg 38a, 13507 berlin","finnentroper weg 38 a, 13507 berlin"
vr_000648,"fährstrasse 16, 13503 berlin","verlängerte fährstrasse 56, 13503 berlin","verlängerte fährstrasse 56, 13503 berlin","verlängerte fährstrasse 56, 13503 berlin","fährstrasse 16, 13503 berlin"
vr_000657,"sandhauser strasse 46 a, 13505 berlin","sandhauser strasse 46 a, 13505 berlin","sandhauser strasse 46 a, 13505 berlin","sandhauser strasse 46a, 13505 berlin","sandhauser strasse 46 a, 13505 berlin"
vr_000662,"strasse 136, nr. 7, 14089 berlin","strasse 136, nr. 7, 14089 berlin","strasse 136, nr. 7, 14089 berlin","strasse 136 nr. 7, 14089 berlin","strasse 136, nr. 7, 14089 berlin"
vr_000674,"hennigsdorfer strasse 125-135, 13503 berlin","hennigsdorfer strasse 125, 13503 berlin","hennigsdorfer strasse 125, 13503 berlin","hennigsdorfer strasse 125-135, 13503 berlin","hennigsdorfer strasse 125, 13503 berlin"
vr_000715,"haarlemer strasse 45 e, 12359 berlin","haarlemer strasse 45 e, 12359 berlin","haarlemer strasse 45 e, 12359 berlin","haarlemer strasse 45e, 12359 berlin","haarlemer strasse 45 e, 12359 berlin"
vr_000846,"humboldtstrasse 8a, 14193 berlin","humboldtstrasse 8a, 14193 berlin","humboldtstrasse 8a, 14193 berlin","humboldtstrasse 8a, 14193 berlin","humboldtstrasse 8 a, 14193 berlin"
vr_000857,"rudolfstrasse 9, 10245 berlin","rudolfstrasse 9, 10245 berlin","rudolfstrasse 9, 10245 berlin","am köllnischen park 1, 10179 berlin","am köllnischen park 1, 10179 berlin"
vr_000869,"klopstockstrasse 36/42, 14129 berlin","klopstockstrasse 36 / 42, 14129 berlin","klopstockstrasse 36/42, 14129 berlin","klopstockstrasse 36/42, 14129 berlin","klopstockstrasse 36/42, 14129 berlin"
vr_000874,"fritz-wildung-strasse 7 a, 14199 berlin","fritz-wildung-strasse 7 a, 14199 berlin","fritz-wildung-strasse 7 a, 14199 berlin","fritz-wildung-strasse 7a, 14199 berlin","fritz-wildung-strasse 7 a, 14199 berlin"
vr_000888,"flinsberger platz 8, 14193 berlin","flinsberger platz 8, 14193 berlin","flinsberger platz 8, 14139 berlin","flinsberger platz 8, 14193 berlin","flinsberger platz 8, 14193 berlin"
vr_000937,"göschenstrasse 9 - 28, 13437 berlin","göschenstrasse 9 - 28, 13437 berlin","göschenstrasse 9 - 28, 13437 berlin","göschenstrasse 9-28, 13437 berlin","göschenstrasse 9-28, 13437 berlin"
vr_000959,"schönerlinder strasse 108, 16341 panketal","schönerlinder strasse 108, 16341 panketal",,"schönerlinder strasse 108, 16341 panketal","schwarzspechtweg 42-44, 13505 berlin"
vr_000991,"kurzebracker weg 58, 13503 berlin","wilmersdorfer strasse 8a, 10585 berlin","wilmersdorfer strasse 8a, 10585 berlin","wilmersdorfer strasse 8a, 10585 berlin","hennigsdorfer strasse 87-89, 13503 berlin"
vr_001033,"onkel-tom-strasse 52 a - 54 a, 14169 berlin","onkel-tom-strasse 52 a - 54 a, 14169 berlin","onkel-tom-strasse 52 a - 54 a, 14169 berlin","onkel-tom-strasse 52a-54a, 14169 berlin","onkel-tom-strasse 52 a - 54 a, 14169 berlin"
vr_001035,"auerbacher strasse 7, 14193 berlin","auerbacher strasse 7, 14193 berlin","auerbacher strasse 7, 14193 berlin","auerbachstrasse 7, 14193 berlin","auerbachstrasse 7, 14193 berlin"
vr_001040,"alte jacobstrasse 149, 10969 berlin","karl-marx-strasse 145, 12043 berlin","karl-marx-strasse 145, 12043 berlin","karl-marx-strasse 145, 12043 berlin","karl-marx-strasse 145, 12043 berlin"
vr_001083,"markgrafenstrasse 11, 10969 berlin","seydlitzstrasse 1 k, 10557 berlin","seydlitzstrasse 1 k, 10557 berlin","seydlitzstrasse 1k, 10557 berlin","seydlitzstrasse 1 k, 10557 berlin"
vr_001094,"stephanstrasse 15, 10559 berlin","stephanstrasse 15, 10559 berlin","stephanstrasse 15, 10559 berlin","sonnenstrasse 45, 14612 falkensee","sonnenstrasse 45, 14612 falkensee"
vr_001102,"weissenburger strasse 19, 13595 berlin","weissenburger strasse 19, 13595 berlin","weissenburger strasse 19, 13595 berlin","paul-heyse-strasse 29, 10407 berlin","weissenburger strasse 19, 13595 berlin"
vr_001107,"ostpreussendamm 85 b, 12207 berlin","ostpreussendamm 85 b, 12207 berlin","ostpreussendamm 85 b, 12207 berlin","ostpreussendamm 85b, 12207 berlin","ostpreussendamm 85 b, 12207 berlin"
vr_001137,"kruppstrasse 16, 10557 berlin","kruppstrasse 16, 10557 berlin","kruppstrasse 16, 10557 berlin","kruppstrasse 15b, 10557 berlin","kruppstrasse 16, 10557 berlin"
vr_001141,"eichholzbahn 114, 13591 berlin","am kleinen platz 10, 13591 berlin","am kleinen platz 10, 13591 berlin","franzstrasse 6, 13595 berlin","eichholzbahn 114, 13591 berlin"
vr_001176,"regattastrasse 217, 12527 berlin","regattastrasse 217, 12527 berlin","regattastrasse 217, 12527 berlin","alte allee 35, 14055 berlin","alte allee 35, 14055 berlin"
vr_001221,"postfach 37 02 24, 14132 berlin",,,"postfach 370224, 14132 berlin","postfach 37 02 24, 14132 berlin"
vr_001241,"hannemannstrasse 1, 12347 berlin","hannemannstrasse 1, 12347 berlin","hannemannstrasse 1, 12347 berlin","hannemannstrasse 21, 12347 berlin","hannemannstrasse 1, 12347 berlin"
vr_001242,"postfach 33 01 10, 14171 berlin","postfach 33 01 10, 14171 berlin","postfach 33 01 10, 14171 berlin","fritz-wildung-strasse 9, 14171 berlin","fritz-wildung-strasse 9, 14199 berlin"
vr_001245,"schönfliesser strasse 11 a, 13465 berlin","schönfliesser strasse 11 a, 13465 berlin","schönfliesser strasse 11 a, 13465 berlin","schönfliesser strasse 11a, 13465 berlin","schönfliesser strasse 11 a, 13465 berlin"
vr_001249,"boumannstrasse 11-13 und 15 a, 13467 berlin","boumannstrasse 11-13 und 15 a, 13467 berlin","boumannstrasse 11-13 und 15 a, 13467 berlin","boumannstrasse 11-13, 13467 berlin","boumannstrasse 11-13 und 15 a, 13467 berlin"
vr_001253,"sigismundkorso 51, 13465 berlin","sigismundkorso 51, 13465 berlin","gabrielenstrasse 74, 13507 berlin","gabrielenstrasse 74, 13507 berlin","sigismundkorso 51, 13465 berlin"
vr_001265,"hanns-braun-strasse / turnhaus, 14053 berlin","hanns-braun-strasse/ turnhaus, 14053 berlin","hanns-braun-strasse/turnhaus, 14053 berlin","hanns-braun-strasse/ turnhaus, 14053 berlin","hanns-braun-strasse / turnhaus, 14053 berlin"
vr_001287,"mindener strasse 2, 10589 berlin","grafenwalder weg 5, 13587 berlin","grafenwalder weg 5, 13587 berlin","grafenwalder weg 5, 13587 berlin","grafenwalder weg 5, 13587 berlin"
vr_001291,"hindenburgdamm 81/82, 12203 berlin","hindenburgdamm 81/82, 12203 berlin","hindenburgdamm 81/82, 12203 berlin","schmargendorfer strasse 18, 12159 berlin","schmargendorfer strasse 18, 12159 berlin"
vr_001300,"glockenturmstrasse 3+5, 14053 berlin","glockenturmstrasse 3+5, 14053 berlin","glockenturmstrasse 3+5, 14053 berlin","glockenturmstrasse 3-5, 14053 berlin","glockenturmstrasse 3/5, 14053 berlin"
vr_001315,"wielandstrasse 33, 10629 berlin","forstweg 73 a, 13465 berlin","forstweg 73 a, 13465 berlin","forstweg 73a, 13465 berlin","fennstrasse 1, 13347 berlin"
vr_001331,"veitstrasse 36 a, 13507 berlin","veitstrasse 36 a, 13507 berlin","veitstrasse 36 a, 13507 berlin","veitstrasse 36a, 13507 berlin","veitstrasse 36 a, 13507 berlin"
vr_001392,"sandbacher weg 107, 12526 berlin","hollabergweg 3, 12107 berlin","hollabergweg 3, 12107 berlin","hollabergweg 3, 12107 berlin","hollabergweg 3, 12107 berlin"
vr_001427,"gabelweihstrasse 2 a, 13505 berlin","gabelweihstrasse 2 a, 13505 berlin","gabelweihstrasse 2 a, 13505 berlin","gabelweihstrasse 2a, 13505 berlin","gabelweihstrasse 2 a, 13505 berlin"
vr_001440,"forckenbeckstrasse 14 a, 14199 berlin","forckenbeckstrasse 14 a, 14199 berlin","forckenbeckstrasse 14 a, 14199 berlin","forckenbeckstrasse 14a, 14199 berlin","forckenbeckstrasse 14 a, 14199 berlin"
vr_001513,"hanns-braun-strasse / kursistenflügel, 14053 berlin","hanns-braun-strasse/ kursistenflügel, 14053 berlin","hanns-braun-strasse/kursistenflügel, 14053 berlin","hanns-braun-strasse/ kursistenflügel, 14053 berlin","hanns-braun-strasse / kursistenflügel, 14053 berlin"
vr_001533,"ullsteinstrasse 156, 12105 berlin","ullsteinstrasse 156, 12105 berlin","dorfstrasse 13, 13597 berlin","dorfstrasse 13, 13597 berlin","dorfstrasse 13, 13597 berlin"
vr_001553,"hatzfeldallee 29, 13509 berlin","hatzfeldtallee 29, 13509 berlin","hatzfeldtallee 29, 13509 berlin","hatzfeldtallee 29, 13509 berlin","hatzfeldtallee 29, 13509 berlin"
vr_001557,"ortlerweg 29 b, 12207 berlin","ortlerweg 29 b, 12207 berlin","ortlerweg 29 b, 12207 berlin","ortlerweg 29b, 12207 berlin","ortlerweg 29 b, 12207 berlin"
vr_001636,"ollenhauerstrasse 64 e, 13403 berlin","ollenhauerstrasse 64e, 13403 berlin","ollenhauerstrasse 64 e, 13403 berlin","ollenhauerstrasse 64e, 13403 berlin","ollenhauerstrasse 64e, 13403 berlin"
vr_001662,"marlenestrasse 16 - 19, 13505 berlin","marlenestrasse 16-19, 13505 berlin",,"marlenestrasse 16-19, 13505 berlin","marlenestrasse 16-19, 13505 berlin"
vr_001664,"am pichelssee 20/21, 13595 berlin","am pichelssee 20-21, 13595 berlin","am pichelssee 20-21, 13595 berlin","am pichelssee 20-21, 13595 berlin","am pichelssee 20/21, 13595 berlin"
vr_001771,"haus des sports, jesse-qwens-allee 2, 14053 berlin","jesse-owens-allee 2/ haus des sports, 14053 berlin","jesse-owens-allee 2, 14053 berlin","jesse-owens-allee 2/ haus des sports, 14053 berlin","jesse-owens-allee 2, 14053 berlin"
vr_001885,,,,"malteser strasse 74-100, 12249 berlin","malteserstrasse 74-100 haus l r452, 12249 berlin"
vr_001905,"sommerstrasse 43a, 13409 berlin","sommerstrasse 43a, 13409 berlin","sewanstrasse 11, 10319 berlin","sewanstrasse 11, 10319 berlin",
vr_001951,"eisenhammerweg 22a, 13507 berlin","eisenhammerweg 22 a, 13507 berlin","eisenhammerweg 22 a, 13507 berlin","eisenhammerweg 22a, 13507 berlin","eisenhammerweg 22 a, 13507 berlin"
vr_002036,"starnberger strasse 3, 10781 berlin","starnberger strasse 3, 10781 berlin",,"starnberger strasse 3, 10787 berlin",
vr_002072,"quermatenweg 6, 14163 berlin","quermatenweg 6, 14163 berlin","quermatenweg 6, 14163 berlin","quermatenweg 3, 14163 berlin","argentinische allee 9, 14163 berlin"
vr_002074,"frankenwaldstrasse 28, 13589 berlin","grimmstrasse 10 a, 10967 berlin","grimmstrasse 10 a, 10967 berlin","grimmstrasse 10a, 10967 berlin","grimmstrasse 10 a, 10967 berlin"
vr_002127,"weissenseer weg 51-55, 13053 berlin","weissenseer weg 51-55, 13053 berlin","weissenseer weg 51-55, 13053 berlin","weissenseer weg 53, 13053 berlin","weissenseer weg 51-55, 13053 berlin"
vr_002131,"claszeile 60, 14165 berlin","claszeile 56, 14165 berlin","claszeile 60, 14165 berlin","claszeile 60, 14165 berlin","claszeile 60, 14165 berlin"
vr_002182,"haeselerstrasse 25 a, 14050 berlin","haeselerstrasse 25 a, 14050 berlin","haeselerstrasse 25 a, 14050 berlin","haeselerstrasse 25a, 14050 berlin","haeselerstrasse 25 a, 14050 berlin"
vr_002214,"halker zeile 11 a, 12305 berlin","halker zeile 11 a, 12305 berlin","halker zeile 11 a, 12305 berlin","halker zeile 11a, 12305 berlin",
vr_002247,"exiner strasse 31a, 12355 berlin","exiner strasse 31a, 12355 berlin","reinhardtstrasse 1, 12103 berlin","reinhardtstrasse 1, 12103 berlin","reinhardtstrasse 1, 12103 berlin"
vr_002292,"schätzelbergstrasse 1-3/ haus 2b, 12099 berlin","lehrter strasse 59, 10557 berlin","lehrter strasse 59, 10557 berlin","lehrter strasse 59, 10557 berlin","lehrter strasse 59, 10557 berlin"
vr_002302,"fehrbelliner strasse 15 a, 14612 falkensee","fehrbelliner strasse 15 a, 14612 falkensee","fehrbelliner strasse 15 a, 14612 falkensee","fehrbelliner strasse 15a, 14612 falkensee","fehrbelliner strasse 15 a, 14612 falkensee"
vr_002389,,"lehrter strasse 59-poststadion, 10557 berlin","lehrter strasse 59, 10557 berlin","lehrter strasse 59, 10557 berlin","lehrter strasse 59, 10557 berlin"
vr_002436,"blücherstrasse 22 a, 12207 berlin",,,"blücherstrasse 22a, 12207 berlin","blücherstrasse 22 a, 12207 berlin"
vr_002487,"friedrich-willhelm-strasse 68, 12103 berlin","friedrich-willhelm-strasse 68, 12103 berlin","rixdorfer strasse 130, 12109 berlin","rixdorfer strasse 130, 12109 berlin","rixdorfer strasse 130, 12109 berlin"
vr_002494,,"c/o kinderring schwedter strasse 232-234, 10435 berlin",,"schwedter strasse 234, 10435 berlin","schwedter strasse 234, 10435 berlin"
vr_002543,"lichterfelder ring 111, 12279 berlin","lichterfelder ring 111, 12279 berlin","greizer strasse 2, 12279 berlin","greizer strasse 2, 12279 berlin","gallwitzallee 146, 12249 berlin"
vr_002633,"elstergasse 3 b, 13505 berlin","elstergasse 3 b, 13505 berlin","elstergasse 3 b, 13505 berlin","elstergasse 3b, 13505 berlin","elstergasse 3 b, 13505 berlin"
vr_002656,"obstallee 22 d/e, 13593 berlin","obstallee 22 d/e, 13593 berlin","obstallee 22 d/e, 13593 berlin","obstallee 22 e, 13593 berlin","obstallee 22 e, 13593 berlin"
vr_002660,"bürgerheimstrasse 20, 10365 berlin","bürgerheimstrasse 20, 10365 berlin","eiswerderstrasse 15, 13585 berlin","eiswerderstrasse 15, 13585 berlin","eiswerder strasse 15, 13585 berlin"
vr_002692,"hanns-braun-strasse, 14053 berlin","hanns-braun-strasse, 14053 berlin","hanns-braun-strasse/kursistenflügel, 14053 berlin","hanns-braun-strasse/ kursistenflügel, 14053 berlin","hanns-braun-strasse / kursistenflügel, 14053 berlin"
vr_002744,"weihenzeller steig 5, 14089 berlin","weihenzeller steig 5, 14089 berlin","küfersteig 16, 13595 berlin","küfersteig 16, 13595 berlin","weiter blick 48, 14089 berlin"
vr_002780,"franz- künstler- strasse 9, 10969 berlin","franz- künstler- strasse 9, 10969 berlin","franz-künstler-strasse 9, 10969 berlin","raduhner strasse 50, 12355 berlin",
vr_002805,,"clayallee 355, 14169 berlin","clayallee 355, 14169 berlin","clayallee 355, 14163 berlin","clayallee 355, 14129 berlin"
vr_002840,"lindenstrasse 20-25, 10969 berlin","schlangenbader strasse 18, 14197 berlin","schlangenbader strasse 18, 14197 berlin","schlangenbader strasse 18, 14197 berlin","schlangenbader strasse 18, 14197 berlin"
vr_002848,"weissenseer weg 51-54, 13053 berlin","weissenseer weg 51-54, 13053 berlin","weissenseer weg 51-54, 13053 berlin","weissenseer weg 53, 13053 berlin","weissenseer weg 51-54, 13053 berlin"
vr_002899,"kellenzeile 15 d, 13437 berlin","kellenzeile 15 d, 13437 berlin","kellenzeile 15 d, 13437 berlin","kellenzeile 15d, 13437 berlin","kellenzeile 15 d, 13437 berlin"
vr_002908,"assmannshauser strasse 23 a, 14197 berlin","assmannshauser strasse 23 a, 14197 berlin","assmannshauser strasse 23 a, 14197 berlin","assmannshauser strasse 23a, 14197 berlin","assmannshauser strasse 23 a, 14197 berlin"
vr_002913,"königstrasse 3 a, 14109 berlin","königstrasse 3 a, 14109 berlin","königstrasse 3 a, 14109 berlin","königstrasse 3a, 14109 berlin","königstrasse 3 a, 14109 berlin"
vr_002917,"genthiner strasse 50, 10785 berlin","elisabeth-flickenschildt-strasse 18, 13599 berlin","genthiner strasse 50, 10785 berlin","genthiner strasse 50, 10785 berlin","genthiner strasse 50, 10785 berlin"
vr_002920,,"gottfried- von-cramm-weg 47-55, 14193 berlin","gottfried- von-cramm-weg 47-55, 14193 berlin","gottfried-von-cramm weg 47-55, 14193 berlin","gottfried-von-cramm-weg 47-55, 14193 berlin"
vr_002924,"im spektefeld 27 a, 13589 berlin","im spektefeld 27 a, 13589 berlin","im spektefeld 27 a, 13589 berlin","im spektefeld 27a, 13589 berlin","im spektefeld 27 a, 13589 berlin"
vr_002945,"grossgörschenstrasse 35, 10827 berlin","grossgörschenstrasse 35, 10827 berlin","hohensteiner strasse 3, 14197 berlin","hohensteiner strasse 3, 14197 berlin","homuthstrasse 6, 14197 berlin"
vr_003052,"alberichstieg 4a, 22559 hamburg",,"alberichstieg 4a, 22559 hamburg","habelschwerdter allee 45, 14195 berlin","habelschwerdter allee 45, 14195 berlin"
vr_003088,"pohlstrasse 91, 10785 berlin","pohlstrasse 91, 10785 berlin","pohlstrasse 91, 10785 berlin","schlossstrasse 21, 13507 berlin","schlossstrasse 21, 13507 berlin"
vr_003146,"tietzstrasse 33 - 41, 13509 berlin","tietzstrasse 33 - 41, 13509 berlin","tietzstrasse 33 - 41, 13509 berlin","tietzstrasse 33-41, 13509 berlin","tietzstrasse 33-41, 13509 berlin"
vr_003212,"jägerstrasse 22/23 (bbaw), 10117 berlin","jägerstrasse 22/23, 10117 berlin","jägerstrasse 22/23, 10117 berlin","jägerstrasse 22/23, 10117 berlin","jägerstrasse 22/23, 10117 berlin"
vr_003225,"falkplatz 1, 10437 berlin","am falkplatz 1, 10437 berlin","am falkplatz 1, 10437 berlin","falkplatz 1, 10437 berlin","falkplatz 1, 10437 berlin"
vr_003263,"buddestrasse 1a, 13507 berlin","kurze strasse 2 a, 16552 schildow","kurze strasse 2 a, 16552 schildow","kurze strasse 2a, 16552 schildow","kurze strasse 2 a, 16552 schildow"
vr_003311,"soorstrasse 85, 14050 berlin","soorstrasse 85, 14050 berlin","zillestrasse 54, 10585 berlin","zillestrasse 54, 10585 berlin","zillestrasse 54, 10585 berlin"
vr_003329,"am stichkanal 53a, 14167 berlin","am stichkanal 53a, 14167 berlin","am stichkanal 53a, 14167 berlin","am stichkanal 53a, 14167 berlin","am stichkanal 53 a, 14167 berlin"
vr_003332,"kufsteiner strasse, 82, 10825 berlin","kufsteiner strasse 82, 10825 berlin",,,
vr_003357,"winterfeldtstrasse 13, 10781 berlin","steinstrasse 21, 12169 berlin","steinstrasse 21, 12169 berlin","steinstrasse 21, 12169 berlin","steinstrasse 21, 12169 berlin"
vr_003493,"mühlenstrasse 8b, 14167 berlin","mühlenstrasse 8b, 14167 berlin","ahornhof 3, 14532 kleinmachnow","ahornhof 3, 14532 kleinmachnow","ahornhof 3, 14532 kleinmachnow"
vr_003503,"schönfliesser strasse 12a, 13465 berlin","schönfliesser strasse 12a, 13465 berlin","schönfliesser strasse 12a, 13465 berlin","schönfliesser strasse 12a, 13465 berlin","schönfliesser strasse 12 a, 13465 berlin"
vr_003557,"schönfliesser strasse 12 a, 13465 berlin","schönfliesser strasse 12 a, 13465 berlin","schönfliesser strasse 12 a, 13465 berlin","schönfliesser strasse 12a, 13465 berlin","schönfliesser strasse 12 a, 13465 berlin"
vr_003582,"danckelmannstrasse 9, 14059 berlin","danckelmannstrasse 9, 14059 berlin","danckelmannstrasse 9, 14069 berlin","danckelmannstrasse 9, 14059 berlin","danckelmannstrasse 9, 14059 berlin"
vr_003607,"suarezstrasse 57, 14057 berlin","suarezstrasse 57, 14057 berlin","suarezstrasse 57, 14057 berlin","motzstrasse 59, 10777 berlin","suarezstrasse 57, 14057 berlin"
vr_003690,,"drakestrasse 64a, 12205 berlin","drakestrasse 64 a, 12205 berlin","drakestrasse 64 a, 12205 berlin","drakestrasse 64 a, 12205 berlin"
vr_003712,"gustav-freytag-strasse 8 (li.vhs.), 10827 berlin","gustav-freytag-strasse 8 (li.vhs.), 10827 berlin","gustav-freytag-strasse 8, 10827 berlin","gustav-freytag-strasse 8, 10827 berlin","beymestrasse 14, 12167 berlin"
vr_003718,"lindenthaler allee 14-16, 14163 berlin","lindenthaler allee 14-16, 14163 berlin","lindenthaler allee 14, 14163 berlin",,"lindenthaler allee 14-16, 14163 berlin"
vr_003748,"schillerpromenade 8, 12049 berlin","schillerpromenade 8, 12049 berlin","schillerpromenade 8, 12049 berlin","von-wettstein-strasse 11, 14195 berlin","von-wettstein-strasse 11, 14195 berlin"
vr_003776,"postfach 330429, 14174 berlin","postfach 330429, 14174 berlin","postfach 33 04 29, 14174 berlin","waldmeisterstrasse 10-20, 14193 berlin","waldmeisterstrasse 10-20, 14193 berlin"
vr_003839,"krokusstrasse 33a, 12357 berlin","krokusstrasse 33a, 12357 berlin","krokusstrasse 33a, 12357 berlin","kornradenstrasse 38, 12357 berlin","konradenstrasse 38, 12357 berlin"
vr_003849,"kirschenallee 25, 14050 berlin","kirschenallee 25, 14050 berlin","kirschenallee 25, 14050 berlin","hermannstrasse 186, 12049 berlin","hermannstrasse 186, 12049 berlin"
vr_003854,"friedrichsruher strasse 26, 14193 berlin","friedrichsruher strasse 26, 14193 berlin","hirzbacher weg 13, 12249 berlin","hirzbacher weg 13, 12249 berlin","hirzbacher weg 13, 12249 berlin"
vr_004001,"postfach 67 02 05, 10207 berlin","postfach 67 02 05, 10207 berlin","postfach 67 02 05, 10207 berlin","postfach 670205, 10207 berlin","postfach 67 02 05, 10207 berlin"
vr_004008,"am borsigturm 9, 13507 berlin","am borsigturm 9, 13507 berlin","am borsigturm 9, 13507 berlin","am borsigturm 9, 13507 berlin","am sudhaus 2, 12053 berlin"
vr_004051,"scheelestrasse 45 c, 12209 berlin","scheelestrasse 45 c, 12209 berlin","scheelestrasse 45 c, 12209 berlin","scheelestrasse 45c, 12209 berlin","scheelestrasse 45 c, 12209 berlin"
vr_004079,"oranienstrasse 25, 10999 berlin","oranienstrasse 25, 10999 berlin","oranienstrasse 25, 10999 berlin","karl-liebknecht-strasse 11/13, 10178 berlin","karl-liebknecht-strasse 11/13, 10178 berlin"
vr_004098,"hanns-braun-strasse / am adlerplatz, 14053 berlin","hanns-braun-strasse/ am adlerplatz, 14053 berlin","hanns-braun-strasse/am adlerplatz, 14053 berlin","hanns-braun-strasse/ am adlerplatz, 14053 berlin","hanns-braun-strasse / am adlerplatz, 14053 berlin"
vr_004140,,"reginhardstrasse 99, 13409 berlin","lehnitzstrasse 13, 16562 hohen neuendorf","lehnitzstrasse 13, 16562 hohen neuendorf",
vr_004155,"ahornallee 33, 14050 berlin","ahornallee 33, 14050 berlin","ahornallee 33, 14050 berlin","ahornallee 33, 14055 berlin",
vr_004192,"königshorster strasse 11a, 13439 berlin","königshorster strasse 11 a, 13439 berlin","königshorster strasse 11a, 13439 berlin","königshorster strasse 11 a, 13439 berlin",
vr_004197,"hanns-braun-strasse, 14053 berlin","hanns-braun-strasse, 14053 berlin","hanns-braun-strasse, 14053 berlin","hanns-braun-strasse 1, 14053 berlin","hanns-braun-strasse, 14053 berlin"
vr_004218,"askanierring 155 - 156, 13585 berlin",,,"askanierring 155-156, 13585 berlin","askanierring 155-156, 13585 berlin"
vr_004250,"blissestrasse 20 b, 10713 berlin","strasse am schoelerpark 39, 10715 berlin","strasse am schoelerpark 39, 10715 berlin","strasse am schoelerpark 39, 10715 berlin","strasse am schoelerpark 39, 10715 berlin"
vr_004275,"klingelhöferstrasse 14, 10785 berlin","klingelhöferstrasse 14, 10785 berlin","schillerstrasse 9, 10625 berlin","klingelhöfer strasse 14, 10785 berlin","klingelhöfer strasse 14, 10785 berlin"
vr_004310,,"oranienstrasse 2 a, 10997 berlin",,"oranienstrasse 2a, 10997 berlin","oranienstrasse 2a, 10997 berlin"
vr_004486,"sonnenallee 223 a, 12059 berlin","sonnenallee 223a, 12059 berlin","sonnenallee 223a, 12059 berlin","sonnenallee 223a, 12059 berlin","sonnenallee 223a, 12059 berlin"
vr_004714,"haewererweg 13, 12349 berlin","buckower damm 260/262, 12349 berlin","buckower damm 260/262, 12349 berlin","buckower damm 260-262, 12349 berlin","buckower damm 260-262, 12349 berlin"
vr_004752,,"elkartweg 28, 13587 berlin",,"erna-koschitz-weg 25, 13587 berlin",
vr_004836,"buchsteinweg 32/34, 12107 berlin","buchsteinweg 32/34, 12107 berlin","buchsteinweg 32/34, 12107 berlin","buchsteinweg 32-34, 12107 berlin","buchsteinweg 32-34, 12107 berlin"
vr_004840,"gabrielenstrasse siedlung am fliess 27b, 13507 berlin","gabrielenstrasse/ siedlung am fliess 27b, 13507 berlin","gabrielenstrasse, siedlung am fliess 27b, 13507 berlin","gabrielenstrasse/ siedlung am fliess 27b, 13507 berlin","gabrielenstrasse, siedlung am fliess 27b, 13507 berlin"
vr_004969,"petkusser strasse 15, 12307 berlin","petkusser strasse 15, 12307 berlin","petkusser strasse 15, 12307 berlin","kosleckweg 23, 12109 berlin","kosleckweg 23, 12109 berlin"
vr_005027,"kottbusser strasse 3, 10999 berlin",,"buschkrugallee 23, 12359 berlin",,
vr_005050,"männertreuweg 4 a, 12357 berlin","männertreuweg 4 a, 12357 berlin","männertreuweg 4 a, 12357 berlin","männertreuweg 4a, 12357 berlin","männertreuweg 4 a, 12357 berlin"
vr_005065,"mariendorfer damm 161 a, 12107 berlin","mariendorfer damm 161 a, 12107 berlin","mariendorfer damm 161a, 12107 berlin","mariendorfer damm 161a, 12107 berlin","mariendorfer damm 161a, 12107 berlin"
vr_005213,"viktoriastrasse 10-18, 12105 berlin","viktoriastrasse 10-18, 12105 berlin","viktoriastrasse 10-18, 12105 berlin","viktoriastrasse 10 - 18, 12105 berlin","viktoriastrasse 10-18, 12105 berlin"
vr_005276,"ferienwalder allee 8-10, 16356 werneuchen","freienwalder allee 8-10, 16356 werneuchen","freienwalder allee 8-10, 16356 werneuchen","freienwalder allee 8-10, 16356 werneuchen","freienwalder allee 8-10, 16356 werneuchen"
vr_005353,"teltower damm 20, 14169 berlin","teltower damm 20, 14169 berlin","teltower damm 20, 14169 berlin","teltower damm 20, 14169 berlin","potsdamer chaussee 69, 14129 berlin"
vr_005395,"körnerstrasse 11, 12169 berlin","lentzeallee 8 / 14, 14195 berlin","körnerstrasse 11, 12169 berlin","körnerstrasse 11, 12169 berlin","lentzeallee 8 / 14, 14195 berlin"
vr_005441,"hanns-braun-strasse, 14053 berlin","hanns-braun-strasse, 14053 berlin","hanns-braun-strasse, 14053 berlin","hanns-braun-strasse 27, 14053 berlin","hanns-braun-strasse, 14053 berlin"
vr_005452,"beethovenstrasse 39, 12247 berlin","beethovenstrasse 39, 12247 berlin","beethovenstrasse 39, 12247 berlin","beethovenstrasse 39, 12247 berlin","beethovenstrasse39, 12247 berlin"
vr_005455,"hanns-braun-strasse 1, 10587 berlin","hanns-braun strasse 1, 14053 berlin","hanns-braun strasse 1, 14053 berlin","hanns-braun-strasse 1, 14053 berlin","hanns-braun-strasse 1, 14053 berlin"
vr_005532,"roedeliusplatz 1, 10365 berlin",,"roedeliusplatz 1, 10365 berlin","propsteistrasse 1a, 37617 höxter","propsteistrasse 1a, 37671 brenkhausen"
vr_005548,,"postfach 20 02 19, 13512 berlin","postfach 20 02 19, 13512 berlin","postfach 200219, 13512 berlin","postfach 20 02 19, 13512 berlin"
vr_005569,"lipschitzallee 80, 12351 berlin","lipschitzallee 80, 12351 berlin","lipschitzallee 80, 12353 berlin","lipschitzallee 80, 12353 berlin","lipschitzallee 80, 12353 berlin"
vr_005581,,,,"postfach 450243, 12172 berlin","postfach 45 02 43, 12172 berlin"
vr_005600,,,"danzigerstrasse 119, 10407 berlin",,"c/o m. ritter danzigerstrasse 119, 10407 berlin"
vr_005735,"adalbertstrasse 95 a, 10999 berlin","adalbertstrasse 95 a, 10999 berlin","adalbertstrasse 95 a, 10999 berlin","adalbertstrasse 95a, 10999 berlin","adalbertstrasse 95 a, 10999 berlin"
vr_005771,"postfach 20 07 57, 13517 berlin","postfach 20 07 57, 13517 berlin","postfach 20 07 57, 13517 berlin","postfach 20 07 57, 13517 berlin","postfach 200757, 13517 berlin"
vr_005949,"birkenwerderstrasse 33, 13439 berlin","birkenwerderstrasse 33, 13439 berlin","birkenwerderstrasse 33, 13439 berlin","birkenwerderstrasse 33, 13439 berlin","tempelhofer damm 228, 12099 berlin"
vr_005993,"wildenbruchstrasse 34 a, 12045 berlin","wildenbruchstrasse 34 a, 12045 berlin","wildenbruchstrasse 34 a, 12045 berlin","wildenbruchstrasse 34a, 12045 berlin","wildenbruchstrasse 34 a, 12045 berlin"
vr_006187,,,"c/o vista ggmbh, donaustrasse 38, 12043 berlin","c/o vista ggmbh, donaustrasse 38, 12043 berlin","c/o vista ggmbh, donaustrasse 83, 12043 berlin"
vr_006266,"lübecker strasse 23, 10559 berlin","karl-marx-strasse 145, 12043 berlin","karl-marx-strasse 145, 12043 berlin","karl-marx-strasse 145, 12043 berlin","karl-marx-strasse 145, 12043 berlin"
vr_006284,"will-meisel-weg 1, 12355 berlin","will-meisel-weg 1, 12355 berlin","will-meisel-weg 1, 12355 berlin","bröndbystrasse 30c, 12207 berlin","bröndbystrasse 30 c, 12207 berlin"
vr_006329,"kirchstrasse 4, 14163 berlin","kirchstrasse 4, 14163 berlin","kirchstrasse 4, 14163 berlin","kirchstrasse 4, 14163 berlin","beusselstrasse 35, 10553 berlin"
vr_006389,"fahrenheitstrasse 10, 12207 berlin","fahrenheitstasse 10, 12207 berlin","lichtenrader damm 179, 12305 berlin","lichtenrader damm 179, 12305 berlin","lichtenrader damm 179, 12305 berlin"
vr_006420,"uferstrasse 23 c/o tanzfabrik berlin, 13357 berlin","uferstrasse 23 c/o tanzfabrik berlin, 13357 berlin","uferstrasse 23 c/o tanzfabrik berlin, 13357 berlin","uferstrasse 23, 13357 berlin","uferstrasse 23, 13357 berlin"
vr_006530,"griebener weg 18, 16766 berlin","griebenerweg 18, 16766 berlin","griebener weg 18, 16766 berlin","postfach 520450, 12594 berlin","griebenerweg 18, 16766 berlin"
vr_006569,"pionierstrasse 159 a, 13589 berlin","pionierstrasse 159 a, 13589 berlin","pionierstrasse 159 a, 13589 berlin","pionierstrasse 159a, 13589 berlin","pionierstrasse 159 a, 13589 berlin"
vr_006646,"bornhagenweg 7, 12309 berlin","bornhagenweg 7, 12309 berlin","john-locke strasse 41, 12305 berlin",,"john-locke-strasse 41, 12305 berlin"
vr_006748,,,"muskauerstrasse 43, 10997 berlin","muskauerstrasse 48, 10997 berlin",
vr_006886,"löwensteinring 22, 12353 berlin","löwensteinring 22 a, 12353 berlin","löwensteinring 22, 12353 berlin","löwensteinring 22 a, 12353 berlin","löwensteinring 22, 12353 berlin"
vr_006930,"karl-marx-strasse 131, 12043 berlin","karl-marx-strasse 131, 12043 berlin",,"schumannstrasse 3, 10177 berlin","karl-marx-strasse 131, 12043 berlin"
vr_006959,"dircksenstrasse 47, 10178 berlin","friedrichstrasse 231, 10969 berlin","friedrichstrasse 231, 10969 berlin","friedrichstrasse 231, 10969 berlin","friedrichstrasse 231, 10969 berlin"
vr_007002,"droysenstrasse 16, 10629 berlin","carl-scheele strasse 14, 12489 berlin","seestrasse 98, 15738 zeuthen","seestrasse 98, 15738 zeuthen","seestrasse 98, 15738 zeuthen"
vr_007038,"danckelmannstrasse 20, 14059 berlin","danckelmannstrasse 20, 14059 berlin","danckelmannstrasse 14, 14059 berlin","danckelmannstrasse 14, 14059 berlin","danckelmannstrasse 13, 14059 berlin"
vr_007133,"hranitzkystrasse 34, 12277 berlin","hranitzkystrasse 34, 12277 berlin","hranitzkystrasse 34, 12277 berlin","bolchener strasse 5, 14167 berlin","hindenburgdamm 93e, 12203 berlin"
vr_007167,"sebastianstrasse 21, 10179 berlin","sebastianstrasse 21, 10179 berlin","sebastianstrasse 21, 10179 berlin","olivaer platz 16, 10707 berlin","olivaer platz 16, 10707 berlin"
vr_007210,"hartmannsweilerweg 45, 14163 berlin","hartmannsweilerweg 45, 14163 berlin","hartmannsweilerweg 45, 14163 berlin","sven-hedin-strasse 85, 14163 berlin","berlepschstrasse 66, 14165 berlin"
vr_007376,"kottbusser damm 79, 10967 berlin","pflügerstrasse 82, 12047 berlin","pflügerstrasse 82, 12047 berlin","pflügerstrasse 82, 12047 berlin",
vr_007405,,"stegerwaldstrasse 8 a, 12277 berlin","stegerwaldstrasse 8 a, 12277 berlin","stegerwaldstrasse 8a, 12277 berlin","stegerwaldstrasse 8 a, 12277 berlin"
vr_007490,"taubenstrasse 1, 10117 berlin","taubenstrasse 1, 10117 berlin","kluckstrasse 38, 10785 berlin","kluckstrasse 38, 10785 berlin","kluckstrasse 38, 10785 berlin"
vr_007591,"erich steinfurth strasse 8, 10243 berlin","erich steinfurth strasse 8, 10243 berlin","erich-steinfurth-strasse 8, 10243 berlin","erich-steinfurth-strasse 8, 10243 berlin","erich-steinfurth-strasse 8, 10243 berlin"
vr_007751,"postfach 41 02 66, 12112 berlin","postfach 41 02 66, 12112 berlin","postfach 410266, 12112 berlin","postfach 410266, 12112 berlin","postfach 410266, 12112 berlin"
vr_007814,"wriezener strasse 10-11, 13359 berlin","wriezener strasse 10-11, 13359 berlin","wriezener strasse 10 - 11, 13359 berlin","wriezener strasse 10 - 11, 13359 berlin","wriezener strasse 10 - 11, 13359 berlin"
vr_007825,"sandinostrasse 18a, 13055 berlin","sandinostrasse 18a, 13055 berlin","sandinostrasse 18a, 13055 berlin","sandinostrasse 18a, 13055 berlin","sandinostrasse 18 a, 13055 berlin"
vr_007828,"manfred-von-richthofen-strasse 2 2, 12101 berlin","manfred-von-richthofen-strasse 22, 12101 berlin",,"manfred-von-richthofen-strasse 2, 12101 berlin",
vr_007903,"lauenburger strasse 30, 12157 berlin",,,"parallelstrasse 11, 12209 berlin","parallelstrasse 11, 12209 berlin"
vr_008115,"dresdener strasse 110, 10115 berlin","dresdener strasse 110, 10179 berlin","dresdener strasse 110, 10179 berlin","dresdener strasse 110, 10179 berlin","dresdener strasse 110, 10179 berlin"
vr_008201,"droysenstrasse 5, 10629 berlin","droysenstrasse 5, 10629 berlin","droysenstrasse 5, 10629 berlin","sellinstrasse 3, 13189 berlin","sellinstrasse 3, 13189 berlin"
vr_008225,"cuvrystrasse 25, 10997 berlin",,,,"cuvrystrasse 24, 10997 berlin"
vr_008244,"kurfürstenstrasse 130, 10178 berlin","kurfürstenstrasse 130, 10785 berlin","kurfürstenstrasse 130, 10785 berlin","kurfürstenstrasse 130, 10785 berlin","kurfürstenstrasse 130, 10785 berlin"
vr_008466,"fasanenstrasse 24, 10719 berlin","fasanenstrasse 24, 10719 berlin","spandauer damm 10, 14059 berlin","spandauer damm 10, 14059 berlin","spandauer damm 10, 14059 berlin"
vr_008503,,,,"neuendorfer strasse 68, 13585 berlin","hohenzollernring 101, 13585 berlin"
vr_008515,,"alt-tempelhof, 28, 12103 berlin","alt-tempelhof 28, 12103 berlin",,
vr_008587,,"kaiser-friedrich-strasse 60, 10627 berlin","kaiser-friedrich-strasse 60, 10627 berlin","kaiser-freidrich-strasse 60, 10627 berlin",
vr_008592,"rigaer strasse 103, 10247 berlin","rigaer strasse 103, 10247 berlin","rigaer strasse 103, 10247 berlin","rigaer strasse, 103, 10247 berlin","rigaer strasse, 103, 10247 berlin"
vr_008748,"tübinger strasse 5, 10715 berlin",,,"kurhausstrasse 30, 13467 berlin",
vr_008903,"neufertstrasse 14, 14059 berlin","neufertstrasse 14, 14059 berlin","neufertstrasse neufertstrasse, 14059 berlin","neufertstrasse 14, 14059 berlin","neufertstrasse 14, 14059 berlin"
vr_009005,"karl schrader strasse 7/8, 10781 berlin","barabarossastrasse 65, 10781 berlin",,,
vr_009120,"reichnerweg 34, 12305 berlin","reichnerweg 34, 12305 berlin","eythstrasse 45, 12105 berlin","eythstrasse 45, 12105 berlin","eythstrasse 45, 12105 berlin"
vr_009226,,"alt-rudow 60, 12355 berlin",,"freigutweg 10, 12355 berlin",
vr_009333,"opitzstrasse 8, 12163 berlin","opitzstrasse 8, 12163 berlin","opitzstrasse 8 c/o susanne vogt, 12163 berlin","opitzstrasse 8 c/o susanne vogt, 12163 berlin","opitzstrasse 8 c/o susanne vogt, 12163 berlin"
vr_009694,,"heerstrasse 12-14, 14052 berlin","heerstrasse 12-14, 14502 berlin",,
vr_009724,"gneisenaustrasse 2a, 10961 berlin","gneisenaustrasse 2a, 10961 berlin","gneisenaustrasse 2a, 10961 berlin","gneisenaustrasse 2a, 10961 berlin","gneisenaustrasse 2 a, 10961 berlin"
vr_009936,,"waldemarstrasse 8a, 10999 berlin","waldemarstrasse 8-10, 10999 berlin","waldemarstrasse 8-10, 10999 berlin","waldemarstrasse 8-10, 10999 berlin"
vr_009949,"mariannenplatz 2, 10997 berlin","mariannenplatz 2, 10997 berlin","mariannenplatz 2, 10439 berlin","mariannenplatz 2, 10997 berlin","mariannenplatz 2, 10997 berlin"
vr_009968,"glasower strasse 44, 12051 berlin","glasgower strasse 44-46, 12051 berlin","glasower strasse 44, 12051 berlin","glasower strasse 44, 12051 berlin","glasower strasse 44-46, 12051 berlin"
vr_010047,"wissmannstrasse 20, 12049 berlin","lucy-lameck-strasse 20, 12049 berlin",,,
vr_010311,"eisenacher strasse 19, 12109 berlin","eisenacher strasse 19, 12109 berlin","eisenacher strasse 19, 12109 berlin","hochkirchstrasse 3, 10829 berlin","hochkirchstrasse 3, 10829 berlin"
vr_010456,"viktoriastrasse 13-18, 12105 berlin","viktoriastrasse 13-18, 12105 berlin","viktoriastrasse 13-18, 12105 berlin","heerstrasse 2, 14052 berlin","viktoriastrasse 13-18, 12105 berlin"
vr_010495,"pfarrsiedlung 15, 12355 berlin","peter-gast-weg 2a, 12557 berlin","peter-gast-weg 2a, 12557 berlin","peter-gast-weg 2a, 12557 berlin","gartenstrasse 54, 12557 berlin"
vr_010520,"malteserstrasse 118/120, 12249 berlin","malteserstrasse 118/120, 12249 berlin","malteserstrasse 118/120, 12249 berlin","malteserstrasse 118-120, 12249 berlin","malteserstrasse 118/120, 12249 berlin"
vr_010554,"oderberger strasse 23, 10435 berlin","oderberger strasse 23, 10435 berlin","oderberger strasse 23, 10435 berlin","hermann-hesse-strasse 82, 13156 berlin","hermann-hesse-strasse 82, 13156 berlin"
vr_010594,"memlingstrasse 1 a, 12203 berlin","rudeloffweg 9, 14195 berlin","rudeloffweg 9, 14195 berlin","rudeloffweg 9, 14195 berlin","rudeloffweg 9, 14195 berlin"
vr_010609,"saarower weg 12 a, 12589 berlin","saarower weg 12 a, 12589 berlin","saarower weg 12 a, 12589 berlin","saarower weg 12a, 12589 berlin","saarower weg 12 a, 12589 berlin"
vr_010624,"niebuhrstrasse 59/60, 10629 berlin","niebuhrstrasse 59-60, 10629 berlin","niebuhrstrasse 59-60, 10629 berlin","niebuhrstrasse 59-60, 10629 berlin","niebuhrstrasse 59-60, 10629 berlin"
vr_010625,"duncker strasse 16/17, 10437 berlin","duncker strasse 16/17, 10437 berlin","dunckerstrasse 16, 10437 berlin","dunckerstrasse 16/17, 10437 berlin","dunckerstrasse 16/17, 10437 berlin"
vr_010637,,,"friedrichshagener strasse 8m, 12555 berlin","friedrichshagener strasse 8m, 12555 berlin","friedrichshagener strasse 8 m, 12555 berlin"
vr_010644,"gäbler strasse 4, 13086 berlin","gäblerstrasse 4, 13086 berlin","gäblerstrasse 4, 13086 berlin","gäblerstrasse 4, 13086 berlin","gäblerstrasse 4, 13086 berlin"
vr_010677,"amselstrasse 10 a, 13125 berlin","amselstrasse 10 a, 13125 berlin","amselstrasse 10 a, 13125 berlin","amselstrasse 10a, 13125 berlin","amselstrasse 10 a, 13125 berlin"
vr_010707,"rodensteinstrasse 11, 13593 berlin","betckestrasse 7, 13595 berlin","betckestrasse 7, 13593 berlin","betckestrasse 7, 13595 berlin","betckestrasse 7, 13595 berlin"
vr_010745,"neue-schönholzer-strasse 32, 13187 berlin","neue-schönholzer-strasse 32, 13187 berlin","neue-schönholzer-strasse 32, 13187 berlin","neue schönholzer strasse 32, 13187 berlin","neue-schönholzer-strasse 32, 13187 berlin"
vr_010795,"sterndamm 241, 12487 berlin","eibenweg 48, 12487 berlin","eibenweg 48, 12487 berlin","eibenweg 48, 12487 berlin","eibenweg 48, 12487 berlin"
vr_010802,"franz-mehring-platz 1, 10243 berlin","franz-mehring-platz 1, 10243 berlin","franz-mehring-platz 1, 10243 berlin","strasse der pariser kommune 8a, 10243 berlin",
vr_010816,"kablower weg 89, 12526 berlin","kablower weg 89, 12526 berlin","kablower weg 89, 12526 berlin","sportpromenade 3, 12527 berlin","sportpromenade 3, 12527 berlin"
vr_010846,"gallwitzallee 123 - 143, 12249 berlin","gallwitzallee 123-143, 12249 berlin",,"gallwitzallee 123 - 143, 12249 berlin","gallwitzallee 123 - 143, 12249 berlin"
vr_010848,"am berl 15, 13051 berlin","am berl 15, 13051 berlin","am berl 15, 13051 berlin","am berl 15, 13051 berlin","am berl 13-15, 13051 berlin"
vr_010872,,"zum hechtgraben 1, 13051 berlin",,"dönhoffstrasse 2, 10318 berlin",
vr_010876,"friedrichstrasse 176 - 179, 10117 berlin","friedrichstrasse 176-179, 10117 berlin","lindower strasse 18, 13347 berlin","lindower strasse 18, 13347 berlin","lindower strasse 18, 13347 berlin"
vr_010880,,"friedrich-list-strasse 2 b, 12487 berlin",,"friedrich-list-strasse 2b, 12487 berlin",
vr_010924,,,,"grünauer strasse 211, 12557 berlin","grünauer strasse 211, 10433 berlin"
vr_011001,"lindenhof 11, 12555 berlin","lindenhof 11, 12555 berlin","lindenhof 11, 12555 berlin","lindenhof 11, 12555 berlin","waldschützpfad 4, 12589 berlin"
vr_011017,"friedrich-franz-strasse 11 b, 12103 berlin",,,"friedrich-franz-strasse 11b, 12103 berlin",
vr_011105,"an der wuhle 89 e, 12621 berlin","an der wuhle 89 e, 12621 berlin","engelhardstrasse 27, 12487 berlin","engelhardstrasse 27, 12487 berlin","engelhardstrasse 27, 12487 berlin"
vr_011107,"c/o kulturzentrum forum, gelsenkircher strasse 20, 13583 berlin","gelsenkircher strasse 20, 13583 berlin","gelsenkircher strasse 20, 13583 berlin","gelsenkircher strasse 20, 13583 berlin","gelsenkircher strasse 20, 13583 berlin"
vr_011118,"alt stralau 40/41, 10245 berlin","alt stralau 40/41, 10245 berlin","alt stralau 40/41, 10245 berlin","alt-stralau 40/41, 10245 berlin","alt stralau 40/41, 10245 berlin"
vr_011146,"heinrich-grüber-strasse 132, 12621 berlin",,,"fichtestrasse 30f, 16356 ahrensfelde","fichtestrasse 30f, 16356 ahrensfelde"
vr_011172,"samariterstrasse 19/20, 10247 berlin","samariterstrasse 19/20, 10247 berlin","samariterstrasse 19/20, 10247 berlin","samariterstrasse 19-20, 10247 berlin","samariterstrasse 19/20, 10247 berlin"
vr_011209,"ribnitzer strasse 1 b, 13051 berlin","ribnitzer strasse 1 b, 13051 berlin","ribnitzer strasse 1 b, 13051 berlin","ribnitzer strasse 1 b, 13051 berlin","ribnitzer strasse 1b, 13051 berlin"
vr_011226,"mauritiuskirchstrasse 3, 10365 berlin","mauritiuskirchstrasse 3, 10365 berlin","mauritiuskirchstrasse 3, 10365 berlin","mauritiuskirchstrasse 3, 10365 berlin","frankfurter allee 218, 10365 berlin"
vr_011232,,"bornitzstrasse 73 - 75, 10365 berlin",,,"berliner allee 125, 13088 berlin"
vr_011234,"beethovenstrasse 22, 12683 berlin","beethovenstrasse 22, 12683 berlin","beethovenstrasse 22, 12683 berlin","beuthstrasse 24, 13156 berlin","beuthstrasse 24, 13156 berlin"
vr_011248,"hämmerlingstrasse 80 - 88, 12555 berlin","hämmerlingstrasse 80 - 88, 12555 berlin","hämmerlingstrasse 80-88, 12555 berlin","hämmerlingstrasse 80-88, 12555 berlin","hämmerlingstrasse 80-88, 12555 berlin"
vr_011249,"friedrichshagener strasse 8 f, 12555 berlin","friedrichshagener strasse 8f, 12555 berlin","friedrichshagener strasse 8 f, 12555 berlin","friedrichshagener strasse 8f, 12555 berlin","friedrichshagener strasse 8 f, 12555 berlin"
vr_011264,,"pichelswerder strasse 7, 13187 berlin","pichelswerder strasse 7, 13187 berlin","pichelswerderstrasse 7, 13187 berlin","pichelswerderstrasse 7, 13187 berlin"
vr_011284,"grossbeerenstrasse 88, 10963 berlin","grossbeerenstrasse 88-89, 10963 berlin","grossbeerenstrasse 89, 10963 berlin","grossbeerenstrasse 89, 10963 berlin","grossbeerenstrasse 89, 10963 berlin"
vr_011344,"esplanade 38, 13187 berlin","esplanade 38, 13187 berlin","thulestrasse 42, 13189 berlin","thulestrasse 42, 13189 berlin","thulestrasse 42, 13189 berlin"
vr_011356,"rummelsburgerstrasse 25d, 10315 berlin",,,,"beilsteiner strasse 45, 12681 berlin"
vr_011384,"kattenstrasse 12, 12524 berlin","kattenstrasse 12, 12524 berlin","sieboldstrasse 25, 12524 berlin","sieboldstrasse 25, 12524 berlin","uranusstrasse 11a, 12524 berlin"
vr_011394,"baumschulenstrasse 1 a, 12437 berlin","baumschulenstrasse 1 a, 12437 berlin","baumschulenstrasse 1 a, 12437 berlin","baumschulenstrasse 1a, 12437 berlin","baumschulenstrasse 1 a, 12437 berlin"
vr_011489,"wendenschlossstrasse 31, 12555 berlin",,,,"salvador-allende-strasse 82, 12555 berlin"
vr_011494,"torstrasse 112, 10119 berlin","torstrasse 112, 10119 berlin","torstrasse 112, 10119 berlin","ebersstrasse 58, 10827 berlin",
vr_011503,,,,"avenue charles de gaulle 3a, 13469 berlin","am wechsel 5 c, 13469 berlin"
vr_011538,"postfach 730007, 13062 berlin","postfach 730007, 13062 berlin","postfach 73 00 07, 13062 berlin","holzkircher strasse 2a, 13086 berlin","postfach 73 00 07, 13062 berlin"
vr_011548,,"köpenickerstrasse 187/188, 10997 berlin","köpenicker strasse 187/188, 10997 berlin","köpenickerstrasse 187/188, 10997 berlin","köpenickerstrasse 187/188, 10997 berlin"
vr_011621,"heinrich-grüber-strasse 187 a, 12621 berlin","heinrich-grüber-strasse 187 a, 12621 berlin","heinrich-grüber-strasse 187 a, 12621 berlin","heinrich-grüber-strasse 187a, 12621 berlin","heinrich-grüber-strasse 187 a, 12621 berlin"
vr_011634,"hausotterstrasse 49, 13409 berlin","pfarrstrasse 119, 10317 berlin","pfarrstrasse 119, 10317 berlin","pfarrstrasse 119, 10317 berlin","pfarrstrasse 119, 10317 berlin"
vr_011680,"droysenstrasse 1, 10629 berlin","droysenstrasse 1, 10629 berlin",,"droysenstrasse 1, 10629 berlin","droysenstrasse 1 (laden), 10629 berlin"
vr_011710,"tschudistrasse 25, 12621 berlin","eisenacher strasse 125, 12685 berlin","eisenacher strasse 125, 12685 berlin","eisenacher strasse 125, 12685 berlin","eisenacher strasse 125, 12685 berlin"
vr_011723,"homeyer strasse 27, 13156 berlin","homeyer strasse 27, 13156 berlin","homeyer strasse 27, 13156 berlin","homeyerstrasse 27, 13156 berlin","homeyer strasse 27, 13156 berlin"
vr_011724,"tangermünder strasse 46, 12627 berlin","tangermünder strasse 46, 12627 berlin","simon-bolivar-strasse 37, 13055 berlin","simon-bolivar-strasse 37, 13055 berlin","simon-bolivar-strasse 37, 13055 berlin"
vr_011733,"dorfstrasse 24, 16515 zühlsdorf","milastrasse 6, 10437 berlin","milastrasse 6, 10437 berlin","milastrasse 6, 10437 berlin","milastrasse 6, 10437 berlin"
vr_011765,"klepschweg 1 a, 12557 berlin","klepschweg 1 a, 12557 berlin","klepschweg 1 a, 12557 berlin","banater strasse 7, 12623 berlin","banater strasse 7, 12623 berlin"
vr_011832,"badstrasse 20, 13357 berlin","badstrasse 20, 13357 berlin","kreuzschnabelstrasse 16, 12683 berlin","kreuzschnabelstrasse 16, 12683 berlin","kreuzschnabelstrasse 16, 12683 berlin"
vr_011859,,"sonntagsstrasse 15, 10245 berlin","sonntagsstrasse 15, 10245 berlin","sonntagsstrasse 15, 10245 berlin","pestalozzistrasse 37, 10627 berlin"
vr_011864,,,,"karower chaussee 169c, 13125 berlin","karower chaussee 169 c, 13125 berlin"
vr_011895,,,"gutenbergstrasse 4/5, 12557 berlin",,"gutenbergstrasse 4/5, 12555 berlin"
vr_011916,"postfach 84 02 06, 12532 berlin","postfach 84 02 06, 12532 berlin","otto-franke-strasse 97, 12489 berlin","otto-franke-strasse 97, 12489 berlin","otto-franke-strasse 97, 12489 berlin"
vr_011924,"wolfgang-steinitz-strasse 13 a, 12589 berlin","wolfgang-steinitz-strasse 13 a, 12589 berlin","wolfgang-steinitz-strasse 13 a, 12589 berlin","wolfgang-steinitz-strasse 13a, 12589 berlin",
vr_011929,"wendenschlossstrasse 6, 12559 berlin","wendenschlossstrasse 6, 12559 berlin","firlstrasse 34, 12459 berlin","firlstrasse 34, 12459 berlin","firlstrasse 34, 12459 berlin"
vr_011933,,"boxhagener strasse 18, 10245 berlin",,,"rigaer strasse 77, 10247 berlin"
vr_012012,"sebastianstrasse 21 b, 10179 berlin","sebastianstrasse 21 b, 10179 berlin","sebastianstrasse 21 b, 10179 berlin","sebastianstrasse 21b, 10179 berlin","kochhannstrasse 29, 10249 berlin"
vr_012030,"corinthstrasse 41, 10245 berlin","corinthstrasse 41, 10245 berlin","danneckerstrasse 17, 10245 berlin","danneckerstrasse 17, 10245 berlin","danneckerstrasse 17, 10245 berlin"
vr_012057,"eggersdorfer strasse 33, 10315 berlin","eggersdorfer strasse 33, 10315 berlin","seehausener strasse 5, 13057 berlin","seehausener strasse 5, 13057 berlin","seehausener strasse 5, 13057 berlin"
vr_012062,"siverstorstrasse 29, 13125 berlin","möserstrasse 5, 13125 berlin","karowerstrasse 11, 13125 berlin",,
vr_012097,"hasselwerder strasse 38/40, 12439 berlin","hasselwerderstrasse 38-40, 12439 berlin","hasselwerder strasse 38/40, 12439 berlin","hasselwerderstrasse 38-40, 12439 berlin","hasselwerderstrasse 38-40, 12439 berlin, 12439 berlin"
vr_012129,"postfach 1, 12416 berlin","postfach 1, 12416 berlin","köpenicker landstrasse 186, 12416 berlin","köpenicker landstrasse 186, 12437 berlin","köpenicker landstrasse 186, 12437 berlin"
vr_012130,"rhabarberweg 21, 12524 berlin","rhabarberweg 21, 12357 berlin","rhabarberweg 21, 12357 berlin","rhabarberweg 21, 12524 berlin","rhabarberweg 21, 12357 berlin"
vr_012132,"gundelfinger strasse 3, 10318 berlin","gundelfinger strasse 3, 10318 berlin","gundelfinger strasse 3, 10318 berlin","gundelfinger strasse 3, 10318 berlin","dönhoffstrasse 7, 10318 berlin"
vr_012151,"berkenbrücker steig 14 d, 13055 berlin","postfach 88 01 19, 13107 berlin","postfach 88 01 19, 13107 berlin","postfach 880119, 13107 berlin","postfach 88 01 19, 13107 berlin"
vr_012199,"alt-köpenick 31-33, 12555 berlin","alt-köpenick 31-33, 12555 berlin","alt köpenick 31-33, 12555 berlin","alt köpenick 31-33, 12555 berlin","alt köpenick 31-33, 12555 berlin"
vr_012205,"kapweg 4, 13405 berlin","kapweg 4, 13405 berlin","lorenzweg 5, 12099 berlin","lorenzweg 5, 12099 berlin","lorenzweg 5, 12099 berlin"
vr_012276,"alkenweg 6, 12527 berlin","gerhart-hauptmann-strasse 28, 15537 erkner","gerhart-hauptmann-strasse 28, 15537 erkner","schwarzer weg 2, 12527 berlin","schwarzer weg 2, 12527 berlin"
vr_012314,"salvador-allende-strasse 63, 12559 berlin","salvador - allende - strasse 63, 12559 berlin","salvador-allende-strasse 63, 12559 berlin","salvador-allende-strasse 63, 12559 berlin","salvador-allende-strasse 63, 12559 berlin"
vr_012349,"porzer strasse 33, 12524 berlin","porzer strasse 33, 12524 berlin","porzer strasse 33, 12524 berlin","glienicker weg 125, 12489 berlin","glienicker weg 125, 12489 berlin"
vr_012392,"muskauer strasse 20 a, 10997 berlin","muskauer strasse 20a, 10997 berlin",,,"muskauer strasse 20 a, 10997 berlin"
vr_012412,"neue krugallee 219-231, 12437 berlin","neue krugallee 219-231, 12437 berlin","neue krugallee 219-231, 12435 berlin","neue krugallee 219-231, 12437 berlin","neue krugallee 219-231, 12437 berlin"
vr_012428,"postfach 73 00 05, 13062 berlin","postfach 73 00 05, 13062 berlin","postfach 73 00 05, 13062 berlin","pistoriusstrasse 107, 13086 berlin","postfach 73 00 05, 13062 berlin"
vr_012515,"postfach 23549, 10127 berlin","postafach 23549, 10127 berlin","hasselwerderstrasse 22a, 12439 berlin","hasselwerderstrasse 22a, 10315 berlin","weinbergstrasse 1, 12555 berlin"
vr_012572,"binzstrasse 61 c, 13189 berlin","binzstrasse 61 c, 13189 berlin","binzstrasse 61 c, 13189 berlin","binzstrasse 61c, 13189 berlin","binzstrasse 61 c, 13189 berlin"
vr_012574,"dorfstrasse 10 c, 12589 berlin","dorfstrasse 10 c, 12589 berlin","dorfstrasse 10 c, 12589 berlin","dorfstrasse 10c, 12589 berlin","dorfstrasse 10 c, 12589 berlin"
vr_012578,"philippstrasse 13 haus 16, 10115 berlin","philippstrasse 13 - haus 16, 10115 berlin","philippstrasse 13 - haus 16, 10115 berlin","philippstrasse 13 - haus 16, 10115 berlin",
vr_012635,"bartschiner strasse 26a, 12355 berlin","bartschiner strasse 26a, 12355 berlin","bartschiner strasse 26a, 12355 berlin","bartschiner strasse 26a, 12355 berlin","bartschiner strasse 26 a, 12355 berlin"
vr_012649,,"klosterstrasse 68, 10179 berlin",,"colbestrasse 18, 10247 berlin","colbestrasse 18, 10247 berlin"
vr_012742,"axel-springer-strasse 40/41, 10969 berlin","axel-springer-strasse 40 / 41, 10969 berlin","axel-springer-strasse 40 / 41, 10969 berlin","axel - springer - strasse 40 / 41, 10969 berlin","axel-springer-strasse 40/41, 10969 berlin"
vr_012749,,,"schnellerstrasse 81, 12439 berlin","schnellerstrasse 81, 12437 berlin","schnellerstrasse 81, 12439 berlin"
vr_012767,,"kladower damm 217 h, 14089 berlin","kladower damm 217 h, 14089 berlin","kladower damm 217h, 14089 berlin","kladower damm 217 h, 14089 berlin"
vr_012844,"landsberger allee 225, 13055 berlin","landsberger allee 225, 13055 berlin","landsberger allee 225, 13055 berlin","landsberger allee 225, 13055 berlin-hohenschönhausen","landsberger allee 225, 13055 berlin"
vr_012857,"rathausstrasse 10 a, 12105 berlin","rathausstrasse 10 a, 12105 berlin","rathausstrasse 10 a, 12105 berlin","rathausstrasse 10a, 12105 berlin","rathausstrasse 10 a, 12105 berlin"
vr_012926,"ernst-reuter-siedlung 11, 13355 berlin","ernst-reuter-siedlung 11, 13355 berlin","ernst-reuter-siedlung 11, 12157 berlin","thorwaldsenstrasse 4, 12157 berlin","königin-elisabeth-strasse 60, 14059 berlin"
vr_012960,"saarower weg 12b, 12589 berlin","saarower weg 12b, 12589 berlin","saarower weg 12 b, 12589 berlin","saarower weg 12b, 12589 berlin","saarower weg 12b, 12589 berlin"
vr_012980,"schmidstrasse 8, 10179 berlin",,,"schmidstrasse 8, 10179 berlin","schmidstrasse 08, 10179 berlin"
vr_013056,"ruhrstrasse 12 a, 10709 berlin","ruhrstrasse 12 a, 10709 berlin","ruhrstrasse 12 a, 10709 berlin","ruhrstrasse 12a, 10709 berlin","ruhrstrasse 12 a, 10709 berlin"
vr_013083,"bondickstrasse 8/9, 13469 berlin","bondickstrasse 8-9, 13469 berlin","bondickstrasse 8-9, 13469 berlin","bondickstrasse 8-9, 13469 berlin","bondickstrasse 8/9, 13469 berlin"
vr_013127,"sewanstrasse 43, 10319 berlin","marzahner strasse 17, 13053 berlin","herzbergstrasse 128-139, 10365 berlin","herzbergstrasse 128-139, 10365 berlin","herzbergstrasse 128-139, 10365 berlin"
vr_013174,"kreuzstrasse 3/4, 13187 berlin","kreuzstrasse 3/4, 13187 berlin","kreuzstrasse 3/4, 13187 berlin","kreuzstrasse 3-4, 13187 berlin","kreuzstrasse 3/4, 13187 berlin"
vr_013185,,,,"bahnhofstrasse 10, 15353 erkner","(c/o w. schön) nossener strasse 79, 12627 berlin"
vr_013192,"anton-saefkow-platz14, 10369 berlin","anton-saefkow-platz 14, 10369 berlin","anton-saefkow-platz 14, 10369 berlin","scheffelstrasse 29, 10367 berlin","scheffelstrasse 29, 10367 berlin"
vr_013215,"proskauer strasse 7, 10247 berlin","proskauer strasse 7, 10247 berlin","proskauer 7, 10247 berlin","proskauer strasse 7, 10247 berlin","proskauer strasse 7, 10247 berlin"
vr_013266,"minzeweg 11, 12357 berlin","minzeweg 11, 12357 berlin","minzeweg 11, 12357 berlin","tauernallee 76, 12107 berlin","minzeweg 11, 12357 berlin"
vr_013282,"mauritius-kirch-strasse 3, 10365 berlin","mauritius-kirch-strasse 3, 10365 berlin","mauritius-kirch-strasse 3, 10365 berlin","konrad-wolf-strasse 12/12a, 13055 berlin","konrad-wolf-strasse 12/12a, 13055 berlin"
vr_013295,"paul-robeson-strasse 37, 10439 berlin","paul-robeson-strasse 37, 10439 berlin","paul-robeson-strasse 37, 10439 berlin","paul-robeson-strasse 37, 10439 berlin","pappelallee 27, 10437 berlin"
vr_013342,"dietzgenstrasse 187-189, 13158 berlin","dietzgenstrasse 187, 13158 berlin","dietzgenstrasse 187-189, 13158 berlin","dietzgenstrasse 187, 13158 berlin","dietzgenstrasse 187-189, 13158 berlin"
vr_013384,"wilhelmshöher strasse 7, 12161 berlin","wilhelmshöher strasse 7, 12161 berlin","wilhelmshöher strasse 7, 12161 berlin","wilhelmshöher strasse 7, 12161 berlin","wilhelmshoeher strasse 7, 12161 berlin"
vr_013407,"konrad-wolf-strasse 13, 13055 berlin",,,,"gehrenseestrasse 64, 13053 berlin"
vr_013411,"postfach 84 03 49, 12533 berlin","postfach 84 03 49, 12533 berlin","postfach 84 03 49, 12533 berlin","postfach 840349, 12533 berlin","postfach 84 03 49, 12533 berlin"
vr_013415,"frankenholzer weg 4, 12683 berlin","frankenholzer weg 4, 12683 berlin",,"frankenholzer weg 4, 12683 berlin","frankenholzer weg 4, 12863 berlin"
vr_013560,"loreleystrasse 12, 10318 berlin","an der wuhlheide 161, 12459 berlin","an der wuhlheide 161, 12549 berlin","an der wuhlheide 161, 12459 berlin","an der wuhlheide 161, 12459 berlin"
vr_013617,,"greifswalder strasse 4, 10405 berlin","zwieseler strasse 4, 10318 berlin","greifswalder strasse 4, 10405 berlin","greifswalder strasse 4, 10405 berlin"
vr_013696,"obentrautstrasse 57, 10963 berlin","obentrautstrasse 57, 10963 berlin","obentrautstrasse 57, 10963 berlin","obentrautstrasse 57, 10963 berlin","axel-springer-strasse 40 - 41, 10969 berlin"
vr_013711,"rüsternallee 34, 12623 berlin","rüsternallee 34, 12623 berlin","wendenschlossstrasse 404, 12557 berlin","rüsternallee 34, 12623 berlin","rüsternallee 34, 12623 berlin"
vr_013718,"strasse zum löwen 2 a, 14109 berlin","strasse zum löwen 2 a, 14109 berlin","strasse zum löwen 2a, 14109 berlin","strasse zum löwen 2a, 14109 berlin","strasse zum löwen 2a, 14109 berlin"
vr_013725,,"bahnhofstrasse 7, 14624 dallgow","falstaffweg 53, 13593 berlin","falstaffweg 53, 13593 berlin","falstaffweg 53, 13593 berlin"
vr_013777,,,"storkower strasse 139b, 10407 berlin","storkower strasse 139 b, 10407 berlin",
vr_013781,"petersburger strasse 76 a, 10249 berlin","petersburger strasse 76 a, 10249 berlin","petersburger strasse 76a, 10249 berlin","petersburger strasse 76 a, 10249 berlin","petersburger strasse 76 a, 10249 berlin"
vr_013825,"knobelsdorffstrasse 74, 14059 berlin","knobelsdorffstrasse 74, 10059 berlin","knobelsdorffstrasse 74, 10059 berlin","knobelsdorffstrasse 74, 14059 berlin","knobelsdorffstrasse 74, 14059 berlin"
vr_013839,"hubertusallee 19, 16548 glienicke/nordbahn","hubertusallee 19, 16548 glienicke/nordbahn","hubertusallee 19, 16548 glienicke/nordbahn","hubertusallee 19, 16548 glienicke/ nordbahn","hubertusallee 19, 16548 glienicke"
vr_013855,"wangenheimstrasse 37 - 39, 14193 berlin","hohenzollerndamm 184, 10713 berlin","hohenzollerndamm 184, 10713 berlin","hohenzollerndamm 184, 10713 berlin","hohenzollerndamm 184, 10713 berlin"
vr_013866,"strasse 45 nr. 4, 13125 berlin","strasse 45 nr. 4, 13125 berlin","strasse 45 nr. 4, 13125 berlin","spinolastrasse 25, 13125 berlin","strasse 45 nr. 4, 13125 berlin"
vr_013870,"am berl 25, 13051 berlin","am berl 25, 13051 berlin","dönhoffstrasse 2, 10318 berlin","dönhoffstrasse 2, 10318 berlin","dönhoffstrasse 2, 10318 berlin"
vr_013906,"warschauer strasse 58a/59a, 10243 berlin",,,"bersarinplatz 4, 10249 berlin",
vr_013960,"togostrasse 74, 13551 berlin","togostrasse 74, 13351 berlin","togostrasse 74, 13351 berlin","togostrasse 74, 13351 berlin","togostrasse 74, 13351 berlin"
vr_014007,"puschkinallee 16 a, 12435 berlin","puschkinallee 16 a, 12435 berlin","puschkinallee 16 a, 12435 berlin","puschkinallee 16a, 12435 berlin","puschkinallee 16 a, 12435 berlin"
vr_014050,,"bruno-bürgel-weg 9, 12439 berlin","bruno-bürgel-weg 9, 12439 berlin","bruno-bürgel-weg 9, 12439 berlin","bruno-brügel-weg 9, 12439 berlin"
vr_014064,"raoul-wallenberg-strasse 40 - 1503, 12679 berlin","c/o frauentreff hellma, marzahner promenade 41, 12679 berlin","c/o frauentreff hellma, marzahner promenade 41, 12679 berlin","c/o frauentreff hellma, marzahner promenade 41, 12679 berlin","c/o frauentreff hellma, marzahner promenade 41, 12679 berlin"
vr_014066,"liepnitzstrasse 54, 10318 berlin","buckower ring 1, 12683 berlin","buckower ring 1, 12683 berlin","buckower ring 1, 12683 berlin","buckower ring 1, 12683 berlin"
vr_014096,"waldemarstrasse 57, 10997 berlin","schönleinstrasse 23, 10967 berlin","schönleinstrasse 23, 10967 berlin","schönleinstrasse 23, 10967 berlin","schönleinstrasse 23, 10967 berlin"
vr_014109,"schillerstrasse 59, 10627 berlin","schillerstrasse 59, 10627 berlin","am sudhaus 2, 12053 berlin","am sudhaus 2 | altbau | 3. og, 12053 berlin","am sudhaus 2, 12053 berlin"
vr_014125,,"köpenicker strasse 174, 10997 berlin","eisenbahnstrasse 21, 10997 berlin",,
vr_014184,"monbijouplatz 12, 10178 berlin","monbijouplatz 12, 10178 berlin",,"kleine hamburger strasse 6, 10115 berlin",
vr_014236,,"kurfürstendamm 225, 10719 berlin","kurfürstendamm 225, 10719 berlin","kurfürstendamm 225, 10719 berlin","stralauer allee 2, 10245 berlin"
vr_014402,"gehringstrasse 39, 13088 berlin","gehringstrasse 39, 13088 berlin","gehringstrasse 39, 13088 berlin","mahlerstrasse 20, 13088 berlin","mahlerstrasse 20, 13088 berlin"
vr_014410,"holsteinische strasse 39 - 40, 12161 berlin","holsteinische strasse 39-40, 12161 berlin","holsteinische strasse 39-40, 12161 berlin","holsteinische strasse 39-40, 12161 berlin","holsteinische strasse 39-40, 12161 berlin"
vr_014429,,,,"weinmeinsterhornweg 109, 13593 berlin","erna-koschwitz-strasse 28, 13587 berlin"
vr_014457,"dorfstrasse 4 / 4a, 13057 berlin","dorfstrasse 4 / 4a, 13057 berlin","dorfstrasse 4 / 4 a, 13057 berlin",,"dorfstrasse 4 / 4a, 13057 berlin"
vr_014520,"keplerstrasse 10, 12559 berlin","keplerstrasse 10, 12459 berlin","keplerstrasse 10, 12459 berlin","seelenbinderstrasse 49, 12555 berlin","seelenbinderstrasse 49, 12555 berlin"
vr_014703,"lemkestrasse 98 b, 12623 berlin","lemkestrasse 98 b, 12623 berlin","lemkestrasse 98 b, 12623 berlin","lemkestrasse 98b, 12623 berlin","lemkestrasse 98 b, 12623 berlin"
vr_014790,"ernststrasse 14/16, 12437 berlin","ernststrasse 14 / 16, 12437 berlin","ernststrasse 14 / 16, 12437 berlin","ernststrasse 14 / 16, 12437 berlin","ernststrasse 14 / 16, 12437 berlin"
vr_014886,,,"berolinastrasse 14, 10178 berlin",,"mehmhardstrasse 2, 10178 berlin"
vr_014903,"eisenacher strasse 121, 12685 berlin","eisenacher strasse 121-125, 12685 berlin","eisenacher strasse 121-125, 12685 berlin","eisenacher strasse 121, 12685 berlin","eisenacher strasse 121, 12685 berlin"
vr_015008,"spandauer damm 65, 14059 berlin","kaiserdamm 21, 14057 berlin","kaiserdamm 21, 14057 berlin","kaiserdamm 21, 14057 berlin","kaiserdamm 21, 14057 berlin"
vr_015012,"potsdamer strasse 144, 10783 berlin","potsdamer strasse 144, 10783 berlin","potsdamer strasse 144, 10783 berlin",,"hermannstrasse 90, 12051 berlin"
vr_015100,"nahariastrasse 13-17, 12309 berlin",,"nahariyastrasse 13-17, 12309 berlin",,"nahariyastrasse 13-17, 12309 berlin"
vr_015143,"breite strasse 19, 16552 schildow","breite strasse 19, 16552 berlin","breite strasse 19, 16552 schildow","breite strasse 19, 16552 schildow","breite strasse 19, 16552 schildow"
vr_015154,"ullsteinstrasse 73, 12109 berlin","lahnstrasse 25, 12055 berlin",,,
vr_015187,"paul-heyse strasse 29, 10407 berlin","paul-heyse strasse 29, 10407 berlin","paul-heyse-strasse 29, 10407 berlin","paul-heyse-strasse 29, 10407 berlin","paul-heyse-strasse 29, 10407 berlin"
vr_015204,"dörpfeldstrasse 114, 12489 berlin","dörpfeldstrasse 114, 12489 berlin","dörpfeldstrasse 114, 12489 berlin","dörpfeldstrasse 114, 12489 berlin","niehofer strasse 53, 13053 berlin"
vr_015231,"wilhelminenhofstrasse 83-85, 12459 berlin","wilhelminenhofstrasse 83-85, 12459 berlin","otto-franke-strasse 97, 12489 berlin","otto-franke-strasse 97, 12489 berlin","otto-franke-strasse 97, 12489 berlin"
vr_015258,"coppistrasse 10/501, 10365 berlin","coppistrasse 10/501, 10365 berlin","coppistrasse 10, 10365 berlin","coppistrasse 10, 10365 berlin","coppistrasse 10/501, 10365 berlin"
vr_015266,"durlacher strasse 11a, 10715 berlin","durlacher strasse 11a, 10715 berlin","durlacher strasse 11a, 10715 berlin","durlacher strasse 11a, 10715 berlin","durlacher strasse 11 a, 10715 berlin"
vr_015289,"beusselstrasse 35, 10553 berlin","beusselstrasse 35, 10553 berlin","beusselstrasse 35, 10553 berlin","kopernikusstrasse, 2. hh, 2. stock 23, 10245 berlin","kopernikusstrasse 23, 10245 berlin"
vr_015353,,"fröbelstrasse 17, 10405 berlin","fröbelstrasse 17, 10405 berlin","fröbelstrasse 17, 10405 berlin","fröbelstrasse 17, haus 2, c/o tic projektbüro, 10405 berlin"
vr_015482,"paul-lincke-ufer 8b, 10999 berlin","paul-lincke-ufer 8b, 10999 berlin","paul-lincke-ufer 8b, 10999 berlin","paul?lincke?ufer 8b, 10999 berlin","paul-lincke-ufer 8 b, 10999 berlin"
vr_015546,"kiefholzstrasse 274, 12437 berlin","krumme strasse 8, 12526 berlin","krumme strasse 8, 12526 berlin","krumme strasse 8, 12526 berlin","buntzelstrasse 12, 12526 berlin"
vr_015553,"friedrichshagener strasse 10, 12555 berlin","an der wuhlheide 256, 12555 berlin","an der wuhlheide 256, 12555 berlin","an der wuhlheide 256, 12555 berlin","an der wuhlheide 256, 12555 berlin"
vr_015617,"hanns-braun-strasse / friesenhaus ii, 14053 berlin","hanns-braun-strasse / friesenhaus ii, 14053 berlin","hanns-braun-strasse, friesenhaus ii, 14053 berlin","hanns-braun-strasse/ friesenhaus 2, 14053 berlin","hanns-braun-strasse / friesenhaus ii, 14053 berlin"
vr_015625,"karolinenstrasse 21 c, 13507 berlin","karolinenstrasse 21 c, 13507 berlin","karolinenstrasse 21 c, 13507 berlin","karolinenstrasse 21c, 13507 berlin","karolinenstrasse 21 c, 13507 berlin"
vr_015895,"herbert-tschäpe-strasse 2-4, 10369 berlin","herbert-tschäpe-strasse 2-4, 10369 berlin","herbert-tschäpe-strasse 2-4, 10369 berlin","herbert-tschäpe-strasse 2, 10369 berlin",
vr_015907,"alt müggelheim 21, 12559 berlin","alt-müggelheim 21, 12559 berlin","alt-müggelheim 21, 12559 berlin","alt müggelheim 21, 12559 berlin","alt-müggelheim 21, 12559 berlin"
vr_016053,"kranzer strasse 6 - 7, 14199 berlin","kranzer strasse 6 - 7, 14199 berlin","kranzer strasse 6-7, 14199 berlin","kranzer strasse 6-7, 14199 berlin","kranzer strasse 6 - 7, 14199 berlin"
vr_016146,"leinestrasse 51, 12049 berlin","leinestrasse 51, 12049 berlin","leinestrasse 51, 12049 berlin","tempelhofer damm 160, 12099 berlin","tempelhofer damm 160, 12099 berlin"
vr_016166,"immanuelkirchstrasse 10, 10405 berlin","scharnweberstrasse 31, 10247 berlin","scharnweberstrasse 31, 10247 berlin","scharnweberstrasse 31, 10247 berlin",
vr_016197,"sebastianstrasse 21, 10179 berlin","sebastianstrasse 21, 10179 berlin","planckstrasse 20, 10117 berlin","planckstrasse 20, 10117 berlin","planckstrasse 20, 10117 berlin"
vr_016258,,,"ahrenhooper strasse 69, 13051 berlin","ahrenshopper strasse 59, 13051 berlin",
vr_016262,,,"seelenbinderstrasse150, 12555 berlin","seelenbinderstrasse 150, 12555 berlin",
vr_016263,"strausberger strasse 44, 10243 berlin","strausberger strasse 44, 10243 berlin","strausberger strasse 39, 10243 berlin","strausberger strasse 39, 10243 berlin","strausberger strasse 39, 10243 berlin"
vr_016269,"friedrichshagener strasse 8 r, 12555 berlin","wilhelminenhofstrasse 89 a, 12459 berlin","wilhelminenhofstrasse 89 a, 12459 berlin","wilhelminenhofstrasse 89a, 12459 berlin","wilhelminenhofstrasse 89 a, 12459 berlin"
vr_016276,"waterloo-ufer 5-7, 10961 berlin",,,"waterloo-ufer 7, 10961 berlin","waterloo-ufer 7, 10961 berlin"
vr_016394,"schützenstrasse 18, 10117 berlin","schützenstrasse 18, 10117 berlin","schützenstrasse 18, 10117 berlin","pariser strasse 1, 10719 berlin","pariser strasse 1, 10719 berlin"
vr_016440,,,"fuggerstrasse 7, 10777 berlin","fugger strasse 7, 10777 berlin","fuggerstrasse 7, 10777 berlin"
vr_016470,,,"nassauische strasse 6, 10717 berlin","nassauische stasse 6, 10717 berlin","nassauische strasse 6, 10717 berlin"
vr_016596,"goethestrasse 37, 10625 berlin","goethestrasse 37, 10625 berlin","goethestrasse 37, 10625 berlin","c/o rachel kohn, goethestrasse 37, 10625 berlin",
vr_016598,"simplonstrasse 41, 10245 berlin","simplonstrasse 41, 10245 berlin","simplonstrasse 41, 10245 berlin","scharnweberstrasse 19, 10247 berlin","simplonstrasse 41, 10245 berlin"
vr_016611,,"obentrautstrasse 57, 10963 berlin","kollwitzstrasse 35, 10405 berlin","kollwitzstrasse 35, 10405 berlin","kollwitzstrasse 35, 10405 berlin"
vr_016692,"luise-zietz-strasse 43, 12683 berlin","holzmarktstrasse 55, 10178 berlin","luise-zietz-strasse 43, 12683 berlin","luise-zietz-strasse 43, 12683 berlin","luise-zietz-strasse 43, 12683 berlin"
vr_016751,,"greifswalder strasse 4, 10405 berlin",,"marienburger strasse 6, 10405 berlin",
vr_016789,"wilhelmstrasse 115, 10963 berlin","wilhelmstrasse 115, 10963 berlin","wilhelmstrasse 115, 10963 berlin","alt-moabit 23a, 10559 berlin","alt-moabit 23a, 10559 berlin"
vr_016809,"marienfelder allee 66-80, 12277 berlin","marienfelder allee 66-80, 12277 berlin","marienfelder allee 66-80, 12277 berlin","glockenstrasse 8, 14163 berlin","glockenstrasse 8, 14163 berlin"
vr_016826,"friedrichstrasse 12, 10969 berlin","friedrichstrasse 12, 10969 berlin","friedrichstrasse 12, 10969 berlin","friedrichstrasse 12, 10969 berlin","falkenhagener strasse 47 a, 13585 berlin"
vr_016993,"virchowstrasse 7, 10249 berlin","virchowstrasse 6, 10249 berlin","virchowstrasse 6, 10249 berlin","virchowstrasse 6, 10249 berlin","virchowstrasse 6, 10249 berlin"
vr_017085,"postfach 74 02 35, 13092 berlin","postfach 74 02 35, 13092 berlin","postfach 74 02 35, 13092 berlin","postfach 740235, 13092 berlin","postfach 74 02 35, 13092 berlin"
vr_017223,"an der wuhlheide 232 a, 12459 berlin","seelenbinder strasse 112-124, 12555 berlin","seelenbinder strasse 112-124, 12555 berlin","seelenbinderstrasse 112-124, 12555 berlin","seelenbinder strasse 112-124, 12555 berlin"
vr_017229,"am juliusturm 64, 13599 berlin","am juliusturm 64, 13599 berlin","am juliusturm 64, 13599 berlin","am juliusturm 64, 13599 berlin","am juliusturm 64 (haus 4), 13599 berlin"
vr_017250,,"nauener strasse 52 a, 14612 falkensee","nauener strasse 52 a, 14612 falkensee","gatower strasse 59, 13595 berlin","gatower strasse 59, 13595 berlin"
vr_017253,"teltower damm 87 - 93, 14167 berlin","teltower damm 87 - 93, 14167 berlin","teltower damm 87 - 93, 14167 berlin","teltower damm 87-93, 14167 berlin","teltower damm 87-93, 14167 berlin"
vr_017282,"schwanebecker chaussee 50, 13125 berlin","schwanebecker chaussee 50, 13125 berlin","schwanebecker chausee 50, 13125 berlin","schwanebecker chausee 50, 13125 berlin","schwanebecker chausee 50, 13125 berlin"
vr_017521,"eisenhammerweg 22a, 12587 berlin","eisenhammerweg 22a, 13507 berlin","eisenhammerweg 22a, 13507 berlin",,"eisenhammerweg 22 a, 13507 berlin"
vr_017736,"koloniestrasse 133 - 136, 13359 berlin","koloniestrasse 133 - 136, 13359 berlin","koloniestrasse 133 - 136, 13359 berlin","koloniestrasse 133-136, 13359 berlin","koloniestrasse 133-136, 12527 berlin"
vr_017801,"normannenstrasse 5 a, 10367 berlin","normannenstrasse 5 a, 10367 berlin","normannenstrasse 5 a, 10367 berlin","normannenstrasse 5 a, 10367 berlin","normannenstrasse 5a, 10367 berlin"
vr_018144,"prignitzstrasse 163, 12683 berlin","prignitzstrasse 163 c, 12683 berlin",,"prignitzstrasse 163, 12683 berlin","prignitzstrasse 163, 12683 berlin"
vr_018159,"domagkstrasse 5, 12277 berlin","domagkstrasse 5, 12277 berlin",,"prechtlstrasse 21+23, 12277 berlin","prechtlstrasse 21+23, 12277 berlin"
vr_018165,"wittstocker strasse 1, 16837 zechlin",,,,"erkstrasse 4, 12043 berlin"
vr_018172,"yorckstrasse 9-11, 10965 berlin","yorckstrasse 4-11, 10965 berlin","yorckstrasse 9-11, 10965 berlin","yorckstrasse 9-11, 10965 berlin","yorckstrasse 9-11, 10965 berlin"
vr_018182,"lipschitzalee 77, 12353 berlin",,,"lipschitzallee 77, 12353 berlin","lipschitzallee 77, 12353 berlin"
vr_018245,"görlitzer strasse 70, 10997 berlin","görlitzer strasse 70, 10997 berlin","görlitzer strasse 70, 10997 berlin","rigaer strasse 101, 10247 berlin","rigaer strasse 101, 10247 berlin"
vr_018366,,,"fuggerstrasse 17, 10777 berlin","postfach 304152, 10724 berlin","barbarossastrasse 4, 10781 berlin"
vr_018426,,,"gotzkowskystrasse 11, 10555 berlin",,"dannenwalder weg 163, 13439 berlin"
vr_018466,"meierottostrasse 6, 10719 berlin","meierottostrasse 6, 10719 berlin","meierottostrasse 6, 10179 berlin","meierottostrasse 6, 10179 berlin","meierottostrasse 6, 10719 berlin"
vr_018658,,"heeruferweg 11, 13465 berlin","heerruferweg 11, 13465 berlin",,
vr_018809,"horstweg 13 a, 14059 berlin","horstweg 13 a, 14059 berlin","horstweg 13 a, 14059 berlin","horstweg 13a, 14059 berlin","horstweg 13 a, 14059 berlin"
vr_018866,"holsteinische strasse 33 b, 12161 berlin","holsteinische strasse 33 b, 12161 berlin","holsteinische strasse 33b, 12161 berlin","holsteinische strasse 33b, 12161 berlin","holsteinische strasse 33b, 12161 berlin"
vr_019129,"paul-heyse-strasse 25, 10407 berlin","paul-heyse-strasse 25, 10407 berlin","paul-heyse-strasse 25, 10407 berlin","paul-heyse-strasse 29, 10407 berlin","paul-heyse-strasse 29, 10407 berlin"
vr_019132,"jessnerstrasse 4, 10247 berlin","jessnerstrasse 4, 10247 berlin","jessnerstrasse 4, 10247 berlin","jessnerstrasse 4, 10247 berlin","richard-sorge-strasse 17, 10249 berlin"
vr_019145,"potsdamer strasse 139, 10783 berlin","potsdamer strasse 139, 10783 berlin","potsdamer strasse 139, 10783 berlin","potsdamerstrasse 139, 10783 berlin",
vr_019224,"vierwaldstätter weg 7, 13407 berlin","vierwaldstätter weg 7, 13407 berlin","vierwaldstätter weg 7, 13407 berlin","vierwaldstätter weg 7, 13407 berlin","rütlistrasse 17, 13407 berlin"
vr_019257,"lemkestrasse 98 b, 12623 berlin","lemkestrasse 98 b, 12623 berlin","lemkestrasse 98 b, 12623 berlin","lemkestrasse 98b, 12623 berlin","lemkestrasse 98 b, 12623 berlin"
vr_019329,"hanns-braun-strasse kursistenflügel, 14053 berlin","hanns-braun-strasse/ kursistenflügel, 14053 berlin","hanns-braun-strasse/kursistenflügel, 14053 berlin","hanns-braun-strasse/ kursistenflügel, 14053 berlin","hanns-braun-strasse / haus des sports, 14053 berlin"
vr_019350,,,"ahrensfelder chaussee 39/41, 13057 berlin","ahrensfelder chaussee 41, 13057 berlin","ahrensfelder chaussee 41, 13057 berlin"
vr_019400,"körtestrasse 10, 10967 berlin",,"körtestrasse 10, 10967 berlin","körtestrasse 10, 10967 berlin","frankfurter allee 3, 10247 berlin"
vr_019569,"genter strasse 53, 13353 berlin","schönstedtstrasse 7, 12043 berlin","schönstedtstrasse 7, 12043 berlin","schönstedtstrasse 11, 12043 berlin","markgrafendamm 24, 10245 berlin"
vr_019696,"bölschestrasse 86, 12587 berlin","bölschestrasse 86, 12587 berlin","bölschestrasse 86, 12587 berlin","bölschestrasse 86, 12587 berlin","bölschestrasse 129, 12587 berlin"
vr_019811,"kantstrasse 164, 10623 berlin","kantstrasse 164, 10623 berlin","celsiusstrasse 66, 12207 berlin","celsiusstrasse 66, 12207 berlin","kantstrasse 164, 10623 berlin"
vr_019918,"mehringplatz 9, 10969 berlin","mariendorfer weg 7, 12051 berlin","mariendorfer weg 7, 12051 berlin","mariendorfer weg 7, 12051 berlin","mariendorfer weg 7, 12051 berlin"
vr_019935,"lübeckerstrasse 30, 10559 berlin","lübecker strasse 30, 10559 berlin","lübeckerstrasse 30, 10559 berlin","lübeckerstrasse 30, 10559 berlin","lübeckerstrasse 30, 10559 berlin"
vr_020030,"krummestrasse 10, 10585 berlin","krummestrasse 10, 10585 berlin","krumme strasse 10, 10585 berlin",,"krumme strasse 10, 10585 berlin"
vr_020097,"buschiner strasse 38 a, 12683 berlin","buschiner strasse 38 a, 12683 berlin","buschiner strasse 38 a, 12683 berlin","buschiner strasse 38a, 12683 berlin","buschiner strasse 38 a, 12683 berlin"
vr_020221,"am festungsgraben 1, 10117 berlin","franz-mehring-platz 1, 10243 berlin","franz-mehring-platz 1, 10243 berlin","franz-mehring-platz 1, 10243 berlin","franz-mehring-platz 1, 10243 berlin"
vr_020298,"postfach 84 01 29, 12531 berlin","postfach 84 01 29, 12531 berlin","postfach 84 01 29, 12531 berlin","postfach 840129, 12531 berlin","postfach 84 01 29, 12531 berlin"
vr_020320,"tangermünder strasse 127, 12627 berlin","tangermünder strasse 127, 12627 berlin","tangermünder strasse 127, 12627 berlin","tangermünder strasse 27, 12627 berlin",
vr_020322,"gleditschstrasse 39, 10781 berlin",,"c/o salome beber, gleditschstrasse 39, 10781 berlin",,
vr_020342,"kurt-schumacher-damm 207-214, 13405 berlin","kurt-schumacher-damm 207-214, 13405 berlin","kurt-schumacher-damm 207-214, 13405 berlin","allée du stade/ kurt-schumacher-damm 207-214, 13405 berlin","kurt-schumacher-damm 207-214, 13405 berlin"
vr_020419,"rudower strasse 48, 12351 berlin","rudower strasse 48, 12351 berlin","rudower strasse 48, 12351 berlin","rudower strasse 48, pavillon 12, 12351 berlin","rudower strasse 48, pavillon 12, 12351 berlin"
vr_020554,"teltower damm 4, 14169 berlin","potsdamer strasse 1, 14163 berlin","potsdamer strasse 1, 14163 berlin","potsdamer strasse 1, 14163 berlin","potsdamer strasse 1, 14163 berlin"
vr_020714,"binzstrasse 61 c, 13189 berlin","binzstrasse 61 c, 13189 berlin","binzstrasse 61 c, 13189 berlin","binzstrasse 61c, 13189 berlin","binzstrasse 61 c, 13189 berlin"
vr_020780,,"marienburger strasse 30a, 10405 berlin",,,"anton saefkow-strasse 64b, 10407 berlin"
vr_020785,"maybachufer 9, 12047 berlin","maybachufer 9, 12047 berlin","c/o sabrina nürnberger, wilsnacker strasse 43, 10559 berlin","c/o sabrina nürnberger, wilsnacker strasse 43, 10559 berlin","c/o sabrina nürnberger, wilsnacker strasse 43, 10559 berlin"
vr_020801,,,,"herzbergstrasse 79 (haus 29), 10365 berlin","herzbergstrasse 79, 10365 berlin"
vr_020916,"minzeweg 11a, 12357 berlin","minzeweg 11a, 12357 berlin","minzeweg 11a, 12357 berlin","minzeweg 11a, 12357 berlin","minzeweg 11 a, 12357 berlin"
vr_021035,"mariannenplatz 2, 10997 berlin","uferstrasse 23, 13357 berlin","uferstrasse 23, 13357 berlin","uferstrasse 23, 13357 berlin","uferstrasse 23, 13357 berlin"
vr_021086,"ackerstrasse 3 a, 10115 berlin","ackerstrasse 3a, 10115 berlin","ackerstrasse 3 a, 10115 berlin","ackerstrasse 3a, 10115 berlin","neuköllnische allee 80, 12057 berlin"
vr_021171,"fritz-wildung-strasse 9, 14199 berlin","fritz wildungstrasse 9, 14199 berlin","fritz wildung-strasse 9, 14199 berlin","fritz-wildung-strasse 9, 14199 berlin","fritz-wildung-strasse 9, 14199 berlin"
vr_021217,"ludwigkirchplatz 12, 10719 berlin","ludwigkirchplatz 12, 10719 berlin","laubacher strasse 18, 14197 berlin","laubacher strasse 18, 14197 berlin","laubacher strasse 18, 14197 berlin"
vr_021269,,,"alt-rudow 60, 12355 berlin","alt rudow 60, 12355 berlin","alt-rudow 60, 12355 berlin"
vr_021393,,"heidenheimer strasse 53, 13407 berlin","heidenheimer strasse 53, 13467 berlin",,
vr_021444,"stadtrandstrasse 555/ haus 16b, 13589 berlin","stadtrandstrasse 555/ haus 16b, 13589 berlin","stadtrandstrasse 555/ haus 16b, 13589 berlin","stadtrandstrasse 555, 13589 berlin","stadtrandstrasse 555/ haus 16b, 13589 berlin"
vr_021478,"weissenseer weg 51-55, 13053 berlin","weissenseer weg 51- 55, 13053 berlin","weissenseer weg 51-55, 13053 berlin","weissenseer weg 53, 13053 berlin","weissenseer weg 51-55, 13053 berlin"
vr_021622,"frankfurter allee 35 - 37, aufgang c, 10247 berlin","kantstrasse 33, 10625 berlin","kantstrasse 33, 10625 berlin","kantstrasse 33, 10625 berlin","kantstrasse 33, 10625 berlin"
vr_021761,"nordhauser strasse 30, 10589 berlin","frankenallee 6, 14052 berlin",,,
vr_021943,"lobitzweg 1 - 5, 12557 berlin","lobitzweg 1 - 5, 12557 berlin","lobitzweg 1 - 5, 12557 berlin","lobitzweg 1-5, 12557 berlin","lobitzweg 1 - 5, 12557 berlin"
vr_022062,"adalberstrasse 7, 10999 berlin","kestenzeile 11 b, 12349 berlin","kestenzeile 11 b, 12349 berlin","adalberstrasse 7, 10999 berlin","adalberstrasse 7, 10999 berlin"
vr_022077,"hultschiner damm 87, 12623 berlin","hultschiner damm 87, 12623 berlin","nixenstrasse 2, 12459 berlin","nixenstrasse 2, 12459 berlin","nixenstrasse 2, 12459 berlin"
vr_022264,,,,"bethaniendamm 25, 10997 berlin","markgrafendamm 24, haus 16, 10245 berlin"
vr_022405,"buschiner strasse 25 b, 12683 berlin","buschiner strasse 25 b, 12683 berlin","buschiner strasse 25 b, 12683 berlin","buschiner strasse 25b, 12683 berlin","buschiner strasse 25 b, 12683 berlin"
vr_022501,"achenseeweg 9, 12209 berlin","achenseeweg 9, 12209 berlin","achenseeweg 9, 12209 berlin","friedenfelser strasse 23, 12279 berlin","dessauerstrasse 63, 12249 berlin"
vr_022692,"goethestrasse 26-30, 10625 berlin","goethestrasse 26-30, 10625 berlin","goethestrasse 26 - 30, 10625 berlin","goethestrasse 26 - 30, 10625 berlin","goethestrasse 26 - 30, 10625 berlin"
vr_022772,"alt-moabit 89, 10559 berlin","alt-moabit 89, 14165 berlin",,"mauerstrasse 83-84, 10117 berlin",
vr_022787,"saarbrücker strasse 18, 10405 berlin","saarbrücker strasse 18, 10405 berlin","saarbrücker strasse 18, 10405 berlin","hansastrasse 190, 13088 berlin","hansastrasse 190, 13088 berlin"
vr_022917,,"alt-friedrichsfelde 102, 10315 berlin",,"ahrenshooper strasse 5, 13051 berlin",
vr_022979,"altmarkstrasse 26, 12169 berlin","altmarkstrasse 26, 12169 berlin","altmarkstrasse 26, 12169 berlin","jungfernstieg 27e, 12207 berlin",
vr_023029,"keilerstrasse 17 a, 13503 berlin","ruppiner chaussee 209-211, 13503 berlin","ruppiner chaussee 209-211, 13503 berlin","ruppiner chaussee 209-211, 13503 berlin",
vr_023187,,,"treskowallee 159, 10318 berlin","treskowallee 129, 10318 berlin","treskowallee 159, 10318 berlin"
vr_023222,"grosskopfstrasse 6 - 7, 13403 berlin","grosskopfstrasse 6-7, 13403 berlin","grosskopfstrasse 6 - 7, 13403 berlin",,
vr_023269,"eichborndamm 215-239, 13437 berlin","eichborndamm 215 raum 100, 13437 berlin","eichborndamm 215-239, 13437 berlin","eichborndamm 215-239, 13437 berlin","eichborndamm 215, 13437 berlin"
vr_023424,"monumentenstrasse 13a, 10829 berlin",,"monumentenstrasse 13 a, 10829 berlin",,
vr_023483,,,"motzstrasse 23, 10777 berlin","motz strasse 23, 10777 berlin","motzstrasse 23, 10777 berlin"
vr_023557,"edelweissstrasse 30, 13355 berlin","edelweissstrasse 30, 13355 berlin","edelweissstrasse 30, 13158 berlin","edelweissstrasse 30, 13158 berlin","edelweissstrasse 30, 13158 berlin"
vr_023611,"spandauer damm 220, 14052 berlin",,"münstersche strasse 6, 10709 berlin",,
vr_023744,,,"wundtstrasse 40, 14057 berlin","wundtstrasse 40-44, 14057 berlin","wundstrasse 40 - 44, 14057 berlin"
vr_023889,"bernkasteler strasse 78, 13088 berlin","bernkasteler strasse 78, 13087 berlin","bernkasteler strasse 78, 13088 berlin","bernkasteler strasse 78, 13088 berlin","bernkasteler strasse 78, 13088 berlin"
vr_023894,"postfach 613120, 10942 berlin","postfach 613120, 10942 berlin","postfach 613120, 10942 berlin","postfach 613120, 10942 berlin","postfach 61 31 20, 10942 berlin"
vr_023979,"bartningstrasse 5, 10557 berlin",,,,"bartningallee 5, 10557 berlin"
vr_023985,"pestalozzistrasse 9 a, 10625 berlin","pestalozzistrasse 9 a, 10625 berlin","pestalozzistrasse 9 a, 10625 berlin","pestalozzistrasse 9a, 10625 berlin","pestalozzistrasse 9 a, 10625 berlin"
vr_023990,,,"eberswalder strasse 10, 10437 berlin","ebersweiler strasse 10, 10437 berlin","eberswalder strasse 10, 10437 berlin"
vr_024080,"buttmannstrasse 9, 13357 berlin","buttmannstrasse 9, 13357 berlin","buttmannstrasse 9, 13357 berlin","buttmannstrasse 9, 13357 berlin","buttmannstrasse 9a, 13357 berlin"
vr_024145,"wollankstrasse 58, 13359 berlin","wollankstrasse 58, 13359 berlin","wollankstrasse 58-60, 13359 berlin",,
vr_024177,"scharnhorststrasse 28, 10115 berlin","scharnhorststrasse 28/29, 10115 berlin","scharnhorststrasse 28/29, 10115 berlin","scharnhorststrasse 28/29, 10115 berlin","scharnhorststrasse 28/29, 10115 berlin"
vr_024221,"am rupenhorn 4 h, 14055 berlin",,,"seeburger strasse 10, 13581 berlin","südekumzeile 27, 13591 berlin"
vr_024274,"okerstrasse 44, 12049 berlin","okerstrasse 44, 12049 berlin","gürtelstrasse 35, 10247 berlin","gürtelstrasse 35, 10247 berlin","gürtelstrasse 35, 10247 berlin"
vr_024603,,,,"werderstrasse 26h, 13587 berlin","werderstrasse 26 h, 13587 berlin"
vr_024691,"belziger strasse 1, 10823 berlin","belziger strasse 1, 10823 berlin","naumannstrasse 48, 10829 berlin","naumannstrasse 48, 10829 berlin","naumannstrasse 48, 10829 berlin"
vr_024738,,"wrangelstrasse 98, 10997 berlin","wrangelstrasse 128, 10997 berlin",,
vr_024739,"gneisenaustrasse 2a, 10961 berlin","gneisenaustrasse 2a, 10961 berlin","gneisenaustrasse 2a, 10961 berlin","gneisenaustrasse 2a, 10961 berlin","gneisenausstrasse 2a, 10961 berlin"
vr_024875,"brigittenweg 4, 12524 berlin","lindenstrasse 20, 12527 berlin","lindenstrasse 20, 12527 berlin","lindenstrasse 20, 12527 berlin","lindenstrasse 20, 12527 berlin"
vr_024894,,,"ausnahmetatbestand nach nr. 1.5.2 av zu § 44 lho, ausn ausnahmetatbestand nach nr. 1.5.2 av zu § 44 lho","ausnahmetatbestand nach nr. 1.5.2 av zu § 44 lho, ausna ausnahmetatbestand nach nr. 1.5.2 av zu § 44 lho","friedenstrasse 19c, 15741 bestensee"
vr_025064,,"stadtbahnbogen 424, 10557 berlin",,,"stadtbahnbogen, 424, 10557 berlin"
vr_025075,"heideläuferweg 11-13, 12353 berlin","heideläuferweg 11-13, 12353 berlin","heideläuferweg 11-13, 12353 berlin","heideläuferweg 11-13, 12353 berlin","heideläufer weg 11-13, 12353 berlin"
vr_025121,"schönhauser allee 59 b, 10437 berlin","schönhauser allee 59b, 10437 berlin","schönhauser allee 59b, 10437 berlin","schönhauser allee 59b, 10437 berlin","schönhauser allee 59b, 10437 berlin"
vr_025205,"maximilian-kolbe-strasse 6, 14089 berlin","maximilian-kolbe-strasse 6, 14089 berlin","maximilian-kolbe-strasse 6, 14089 berlin","maximilian-kolbe-strasse 6, 13599 berlin","maximilian-kolbe-strasse 6, 13599 berlin"
vr_025318,"oranienstrasse 34, 10999 berlin","kottbusser damm 94, 10967 berlin","kottbusser damm 94, 10967 berlin","kottbusser damm 94, 10967 berlin","zossener strasse 56-58, 10961 berlin"
vr_025323,"john-f.-kennedy-platz 1, 10825 berlin",,"john-f.-kennedy-platz 1, 10825 berlin","john-f.-kennedy platz 1, 10825 berlin",
vr_025364,"eldenaer strasse 44, 10247 berlin",,"eldenaerstrasse 44, 10247 berlin","eldenaerstrasse 44, 10247 berlin","eldenaerstrasse 44, 10247 berlin"
vr_025395,"bohnsdorfer weg 35 i, 12524 berlin","bohnsdorfer weg 35 i, 12524 berlin","bohnsdorfer weg 35 i, 12524 berlin","bohnsdorfer weg 35i, 12524 berlin","bohnsdorfer weg 35 i, 12524 berlin"
vr_025453,"danziger strasse 31, 10435 berlin",,,"danzigerstrasse 31, 10435 berlin","danzigerstrasse 31, 10435 berlin"
vr_025454,"elchdamm 200 3/18, 13503 berlin","elchdamm 200 3/18, 13503 berlin","waidmannsluster damm 157, 13469 berlin","berliner strasse 71, 13507 berlin","waidmannsluster damm 157, 13469 berlin"
vr_025480,,"briefkasten nr. 19, hellersdorfer weg 35, 12689 berlin","hellersdorfer weg 35, 12689 berlin","hellersdorfer weg 35, 12689 berlin","hellersdorfer weg 35, 12689 berlin"
vr_025530,"kollwitzstrasse 89, 10435 berlin","kollwitzstrasse 89, 10435 berlin","kollwitzstrasse 89, 10435 berlin","kollwitzstrasse 89, 10435 berlin","marienstrasse 19/20, 10117 berlin"
vr_025545,"müllerstrasse 156a, 13353 berlin","müllerstrasse 156a, 13353 berlin",,"müllerstrasse 156a / aufgang 4, 13353 berlin","waterloo-ufer 7, 13353 berlin"
vr_025613,"göhrener strasse 11, 10415 berlin","göhrener strasse 11, 10437 berlin","göhrener strasse 11, 10437 berlin","göhrener strasse 11, 10437 berlin","göhrener strasse 11, 10439 berlin"
vr_025712,"postfach 45 01 13, 12171 berlin","postfach 45 01 13, 12171 berlin","postfach 45 01 13, 12171 berlin","postfach 450113, 12171 berlin","postfach 45 01 13, 12171 berlin"
vr_025759,,"simon-dach-strasse 25, 10245 berlin",,"simon-dach-strasse 25, 10245 berlin","gubener strasse 1, 10243 berlin"
vr_025940,"nostitzstrasse 12, 10961 berlin","nostitzstrasse 12 (c/o office rapp), 10961 berlin","nostitzstrasse 12 (c/o office rapp), 10961 berlin","nostitzstrasse 12 (c/o office rapp), 10961 berlin","nostitzstrasse 12, 10961 berlin"
vr_025952,"einsteinufer 43-53, 10178 berlin","einsteinufer 43-53, 10587 berlin","einsteinufer 43-53, 10587 berlin","einsteinufer 43-53, 10587 berlin","einsteinufer 43-53, 10587 berlin"
vr_026202,"eisensteiner strasse 17, 10318 berlin","eisensteiner strasse 17, 10318 berlin","saarstrasse 14, 12161 berlin","eisensteiner strasse 17, 10318 berlin",
vr_026263,"c/o ama architekten reinerzstrasse 13, 14193 berlin","c/o ama architekten reinerzstrsse 13, 14193 berlin",,,
vr_026275,"kleiststrasse 35, 10787 berlin","kleiststrasse 35, 10787 berlin","kleiststrasse 35, 10787 berlin","kleiststrasse 35, 10787 berlin","feurigstrasse 54, 10827 berlin"
vr_026368,"utrechter strasse 36, 13347 berlin","utrechter strasse 36, 13347 berlin","utrechter strasse 36, 13347 berlin","paulstrasse 4, 10557 berlin","paulstrasse 4, 10557 berlin"
vr_026393,,,"schererstrasse 8, 13347 berlin",,"scheererstrasse 8, 13347 berlin"
vr_026528,"müllerstrasse 14a, 13353 berlin","müllerstrasse 14 a, 13353 berlin","müllerstrasse 14a, 13353 berlin","müllerstrasse 14a, 13353 berlin",
vr_026582,"beusselstasse 44 r, 10553 berlin","beusselstasse 44 r, 10553 berlin","beusselstasse 44 r, 10553 berlin","beusselstrasse 44r, 10553 berlin",
vr_026587,"reinhardtstrasse 42, 10117 berlin",,,"reinhardtstrasse 32, 10117 berlin",
vr_026594,"wotanstrasse 18, 10365 berlin","möllendorffstrasse 68, 10357 berlin","möllendorffstrasse 68, 10357 berlin","storkower strasse 158, 10407 berlin","storkower strasse 158, 10407 berlin"
vr_026673,"glogauer strasse 19, 10999 berlin","karl-heinrich-ulrichs-strasse 11, 10787 berlin","karl-heinrich-ulrichs-strasse 11, 10787 berlin","gürtelstrasse 35, 10247 berlin","gürtelstrasse 35, 10247 berlin"
vr_026729,"gryphiusstrasse 25, 10245 berlin",,,,"modersohnstrasse 67b, 10245 berlin"
vr_026779,"postfach 840218, 12532 berlin","postfach 84 02 18, 12532 berlin","postfach 84 02 18, 12532 berlin","postfach 84 02 18, 12532 berlin",
vr_026792,"mariannenplatz 2, 10997 berlin","pappelallee 15, 10437 berlin","pappelallee 15, 10437 berlin","grünberger strasse 39, 10245 berlin","grünberger strasse 39, 10245 berlin"
vr_026854,"reinhardtstrasse 27 b, 10117 berlin","reinhardtstrasse 27 b, 10117 berlin","reinhardtstrasse 29, 10117 berlin","reinhardtstrasse 29, 10117 berlin","reinhardtstrasse 29, 10117 berlin"
vr_026903,"arndtstrasse 7, 10965 berlin","arndtstrasse 7, 10965 berlin","nollendorfstrasse 20, 10777 berlin","nollendorfstrasse 20, 10777 berlin",
vr_026937,"murellenweg 29, 14052 berlin","lupsteiner weg 58, 14164 berlin","lupsteiner weg 58, 14164 berlin","lupsteiner weg 58, 14164 berlin","lupsteiner weg 58, 14164 berlin"
vr_027009,,,"schröderstrasse 7, 10115 berlin","kopischstrasse 3, 10965 berlin",
vr_027051,"apostel-paulus-strasse 26, 10823 berlin","apostel-paulus-strasse 26, 10823 berlin","apostel-paulus-strasse 26, 10823 berlin","westhafenstrasse 1, 13353 berlin","westhafenstrasse 1, 13353 berlin"
vr_027065,"albrechtstrasse 132, 12099 berlin","albrechtstrasse 132, 12099 berlin","albrechtstrasse 132, 12099 berlin tempelhof","ordensmeisterstrasse 12, 12099 berlin",
vr_027195,"müllerstrasse 156a, aufg. 4, 13353 berlin",,,,"gneisenaustrasse 16, 10961 berlin"
vr_027214,"methfesselstrasse 23-25, 10965 berlin","methfesselstrasse 23-25, 10965 berlin","kolonnenstrasse 26, 10829 berlin","kolonnenstrasse 26, 10829 berlin","kolonnenstrasse 26, 10829 berlin"
vr_027247,"mariendorfer damm 64, 12109 berlin","steinstrasse 41, 12307 berlin","steinstrasse 41, 12307 berlin","steinstrasse 41, 12307 berlin","steinstrasse 41, 12307 berlin"
vr_027330,"korsörer strasse 10 / aufgang 1, 10437 berlin","korsörer strasse 10 10 aufgang 1, 10437 berlin",,,
vr_027430,"auguststrasse 71, 10117 berlin","wattstrasse 11, 13355 berlin","wattstrasse 11, 13355 berlin","wattstrasse 11, 13355 berlin","wattstrasse 11, 13355 berlin"
vr_027583,"edenkobener weg 73 - 75, 12247 berlin","edenkobener weg 75, 12247 berlin","edenkobener weg 73-75, 12247 berlin","edenkobener weg 73-75, 12247 berlin","edenkobener weg 73 - 75, 12247 berlin"
vr_027596,"dieffenbachstrasse 58, 10967 berlin","dieffenbachstrasse 58, 10967 berlin","dieffenbachstrasse 58, 10967 berlin","dieffenbachstrasse 58, 10967 berlin","donaustrasse 6, 12043 berlin"
vr_027623,,"am zirkus 3a, 10117 berlin","am zirkus 3 a, 10117 berlin",,
vr_027678,"alte jakobstrasse 149, 10969 berlin","karl-marx-strasse 145, 12043 berlin","karl-marx-strasse 145, 12043 berlin","karl-marx-strasse 145, 12043 berlin","karl-marx-strasse 145, 12043 berlin"
vr_027689,"knobelsdorffstrasse 72, 14059 berlin","knobelsdorffstrasse 72, 14059 berlin","knobelsdorffstrasse 72, 14059 berlin","wallotstrasse 6, 14193 berlin","wallotstrasse 6, 14193 berlin"
vr_027747,"fürstenbergerstrasse 12, 10435 berlin","am zirkus 5, 10117 berlin","fürstenberger strasse 12, 10435 berlin","am zirkus 5, 10117 berlin","am zirkus 5, 10117 berlin"
vr_027777,"skalitzer strasse 45, 10997 berlin",,"greenwichpromenade 1, 13507 berlin","greenwichpromenade 1, 13507 berlin","greenwichpromenade 1, 13507 berlin"
vr_027860,"c/o jump schweriner ring 27, 13051 berlin","c/o jump schweriner ring 27, 13059 berlin","seehausener strasse 5, 13057 berlin","seehausener strasse 5, 13057 berlin",
vr_027978,"schandauer strasse 8/innstrasse 44, 12045 berlin",,"schandauer strasse 8, 12045 berlin",,
vr_027983,,"potsdamer strasse 150, 10783 berlin",,"zossener strasse 44, 10961 berlin","zossener strasse 44, 10961 berlin"
vr_028057,"sonnenallee 147, 12059 berlin","sonnenallee 147, 12059 berlin","sonnenallee 147, 12059 berlin",,"innstrasse 17, 12043 berlin"
vr_028242,"tucholskystrasse 11, 10117 berlin","grossgörschenstrasse 28, 10829 berlin","grossgörschenstrasse 28, 10829 berlin","grossgörschenstrasse 28, 10829 berlin","zimmerstrasse 27, 10969 berlin"
vr_028362,"hanns-braun-strasse, friesenhaus ii, 14053 berlin","hanns-braun-strasse/ friesenhaus ii, 14053 berlin","hanns-braun-strasse, friesenhaus ii, 14053 berlin",,
vr_028455,"kommandantenstrasse 104, 12205 berlin","kommandantenstrasse 104, 12205 berlin","finckensteinallee 1, 12205 berlin","finckensteinallee 1, 12205 berlin","finckensteinallee 1, 12205 berlin"
vr_028567,"berliner allee 81/83, 13088 berlin","berliner allee 81/83, 13088 berlin","zur ringallee 70, 13086 berlin","zur ringallee 70, 13086 berlin",
vr_028593,"am krögl 2, 10179 berlin",,,"am krögel 2, 10179 berlin",
vr_028654,"blücherstrasse 65a, 10961 berlin","blücherstrasse 65a, 10961 berlin","blücherstrasse 65a, 10961 berlin","gleditschstrasse 42, 10781 berlin","gleditschstrasse 42, 10781 berlin"
vr_028728,"lehrter strasse 59, 10965 berlin","alte brauerei 1, 10965 berlin","alte brauerei 1, 10965 berlin","alte brauerei 1, 10965 berlin","alte brauerei 1, 10965 berlin"
vr_028796,"emdener strasse 60, 10551 berlin","emdener strasse 60, 10551 berlin",,,"tempelherrenstrasse 21, 10961 berlin"
vr_028859,"laskerstrasse 6-8, 10245 berlin","kaskelstrasse 17, 10317 berlin","kaskelstrasse 17, 10317 berlin","kaskelstrasse 17, 10317 berlin","kaskelstrasse 17, 10317 berlin"
vr_028967,"stadtrandstrasse 555-561, 13589 berlin","stadtrandstrasse 555- 561, 13589 berlin","stadtrandstrasse 555, 13589 berlin","stadtrandstrasse 555- 561, 13589 berlin","stadtrandstrasse 555-561, 13589 berlin"
vr_028994,,"hagenauer strasse 15, 10435 berlin","hagenauer strasse 15, 10435 berlin","hagenauer strasse 15, 10435 berlin","weichselstrasse 58, 10435 berlin"
vr_029069,"kurfürstenstrasse 141, 10785 berlin","seestrasse 64, 13347 berlin","seestrasse 64, 13347 berlin","seestrasse 64, 13347 berlin","seestrasse 64, 13347 berlin"
vr_029082,"warschauer strasse 70a, 10243 berlin","warschauer strasse 70a, 10243 berlin","warschauer strasse 70a, 10243 berlin","revaler strasse 99, 10245 berlin","revaler strasse 99, 10245 berlin"
vr_029108,"urbanstrasse 70 a, 10967 berlin","urbanstrasse 70 a, 10967 berlin","urbanstrasse 70 a, 10967 berlin","urbanstrasse 70a, 10967 berlin","urbanstrasse 70 a, 10967 berlin"
vr_029214,"waidmannsluster damm 151, 13469 berlin","senftenberger ring 45a, 13435 berlin",,,
vr_029410,"cicerostrasse 16 a, 10709 berlin","cicerostrasse 16 a, 10709 berlin","cicerostrasse 16 a, 10709 berlin","cicerostrasse 16 a, 10709 berlin","tempelhofer damm 125, 12099 berlin"
vr_029461,"blankenburger weg 2 a, 13127 berlin","blankenburger weg 2 a, 13127 berlin","blankenburger weg 2 a, 13127 berlin","blankenburger weg 2a, 13127 berlin",
vr_029557,"gürtelstrasse 13, 13088 berlin","gürtelstrasse 13, 13088 berlin","siegfriedstrasse 71, 10365 berlin","siegfriedstrasse 71, 10365 berlin","siegfriedstrasse 71, 10365 berlin"
vr_029691,,,,"akazienstrasse 3a, 10827 berlin","akazienstrasse 3a, 10823 berlin"
vr_029783,"livländische strasse 27, 10715 berlin","livländische strasse 29, 10715 berlin","livländische strasse 27, 10715 berlin","livländische strasse 27, 10715 berlin","livländische strasse 27, 10715 berlin"
vr_029910,,,"lammersdorfer weg 5, 12621 berlin","lammersdorfer weg 5, 12621 berlin","stollberger strasse 37, 12627 berlin"
vr_029917,,"rudolf-seiffert-strasse 94, 10369 berlin","torstrasse 23, 10119 berlin","rudolf-seiffert-strasse 94, 10369 berlin",
vr_029920,"malteserstrasse 139 - 143, 12277 berlin","malteserstrasse 139 - 143, 12277 berlin","malteserstrasse 139-143, 12277 berlin",,
vr_030009,"am fischtal 64, 14169 berlin","am fischtal 64, 14169 berlin","am fischtal 64, 14169 berlin","am fischtal 64, 14169 berlin","c/o yuima kaneko, am fischtal 64, 14169 berlin"
vr_030022,,"mainauer stasse 9, 12161 berlin","mainauer strasse 9, ii, 12161 berlin","mainauer strasse 9, ii, 12161 berlin","mainauer strasse 9, ii, 12161 berlin"
vr_030028,"weissenseer weg 53, 13053 berlin","türschmidtstrasse 7/8, 10317 berlin","weissenseer weg 53, 13053 berlin","weissenseer weg 53, 13053 berlin","weissenseer weg 53, 13053 berlin"
vr_030043,"chausseestrasse 29, 10115 berlin","chausseestrasse 29, 10115 berlin","ritterlandweg 58, 13409 berlin","ritterlandweg 58, 13409 berlin","ritterlandweg 58, 13409 berlin"
vr_030094,,,"schöningstrasse 17, 13349 berlin",,"schöningststrasse 17, 13349 berlin"
vr_030096,,,,"postfach 840116, 12531 berlin","postfach 84 01 16, 12531 berlin"
vr_030118,"sickingenstrasse 20-28, 10553 berlin","sickingenstrasse 20 - 28, 10553 berlin","sickingenstrasse 20-28, 10553 berlin","sickingenstrasse 20 - 28, 10553 berlin","sickingenstrasse 20-28, 10553 berlin"
vr_030141,,,"schlegelstrasse 10, 10249 berlin","schlegelstrasse 10, 10115 berlin","schlegelstrasse 10, 10115 berlin"
vr_030156,"oberwallstrasse 1, 10117 berlin","oberwallstrasse 1, 10117 berlin","oberwallstrasse 1, 10117 berlin","oberwallstrasse 32, 10117 berlin",
vr_030176,"knobelsdorffstrasse 79, 14059 berlin","wegedornstrasse 88 c, 12524 berlin",,,"knobelsdorffstrasse 79, 14059 berlin"
vr_030223,"heidekrautweg 5, 12683 berlin","modersohnstrasse 55, 10245 berlin","modersohnstrasse 55, 10245 berlin","modersohnstrasse 55, 10245 berlin","modersohnstrasse 55, 10245 berlin"
vr_030233,"janusz-korczak-strasse 25, 12627 berlin",,,"eisenacher strasse 62, 12629 berlin",
vr_030335,"ahornstrasse 5, 10787 berlin","karl-heinrich-ulrichs-strasse 11, 10787 berlin","karl-heinrich-ulrichs-strasse 11, 10787 berlin","karl-heinrich-ulrichs-strasse 11, 10787 berlin","karl-heinrich-ulrichs-strasse 11, 10787 berlin"
vr_030375,"weichselplatz 8, 12045 berlin","weichselplatz 8, 12045 berlin","weichselplatz 8, 12045 berlin","weichselplatz 8, 12045 berlin","obentrautstrasse 55, 10963 berlin"
vr_030423,"dannenwalderweg 158, 13439 berlin",,"dannenwalder weg 158, 13439 berlin","dannenwalder weg 158, 13439 berlin",
vr_030437,"luzerner strasse 19, 12205 berlin","katzlerstrasse 15, 10829 berlin","luzerner strasse 19, 12205 berlin","katzlerstrasse 15, 10829 berlin",
vr_030459,"harzer strasse 39, 12059 berlin","harzer strasse 39, 12059 berlin","rudi-dutschke-strasse 23, 10969 berlin","franz-mehring-platz 1, 10243 berlin",
vr_030510,"postfach 94 02 18, 12442 berlin","postfach 94 02 18, 12442 berlin","postfach 94 02 18, 12442 berlin","postfach 940218, 12442 berlin","postfach 94 02 18, 12442 berlin"
vr_030525,"götelstrasse 132-140, 13595 berlin","götelstrasse 132-140, 13595 berlin","götelstrasse 132-140, 13595 berlin","götelstrasse 132-140, 13595 berlin","metropolitan park 70, 13591 berlin"
vr_030570,,"marienwerderweg 10, 12587 berlin","akronaplatz 5, 10435 berlin","arkonaplatz 5, 10435 berlin","arkonaplatz 5, 10435 berlin"
vr_030613,"elsenstrasse 75, 12435 berlin","elsenstrasse 75, 12435 berlin","oranienstrasse 159, 10969 berlin","oranienstrasse 159, 10969 berlin","lausitzer strasse 10, 10999 berlin"
vr_030619,"brunnenstrasse 128, 13355 berlin","brunnenstrasse 128, 11335 berlin","brunnenstrasse 128, 13355 berlin","brunnenstrasse 128, 13355 berlin",
vr_030670,,,,"plönzeile 4, 12459 berlin","plönzeile 4, 14195 berlin"
vr_030758,"potsdamer chaussee 61 a, 14109 berlin","potsdamer chaussee 61 a, 14109 berlin","potsdamer chaussee 61 a, 14109 berlin","potsdamer chaussee 61a, 14109 berlin","potsdamer chaussee 61a, 14109 berlin"
vr_030782,"hiddenseestrasse 1 b, 13189 berlin","hiddenseestrasse 1 b, 13189 berlin","hiddenseestrasse 1b, 13189 berlin","hiddenseestrasse 1b, 13189 berlin","hiddenseestrasse 1 b, 13189 berlin"
vr_030786,"an der schneise 2 b, 13503 berlin","an der schneise 2 b, 13503 berlin","an der schneise 2 b, 13503 berlin","an der schneise 2b, 13503 berlin","an der schneise 2 b, 13503 berlin"
vr_030857,"waldenserstrasse 20/21, 10551 berlin","waldenserstrasse 20/21, 10551 berlin","waldenser strasse 20/21, 10551 berlin","waldenser strasse 20/21, 10551 berlin","waldenser strasse 20/21, 10551 berlin"
vr_030988,"nordhellesteig 3a, 13507 berlin","nordhellesteig 3 a, 13507 berlin","nordhellesteig 3a, 13507 berlin","nordhellesteig 3a, 13507 berlin","nordhellesteig 3 a, 13507 berlin"
vr_031066,"friedrichstrasse 95, 10177 berlin","friedrichstrasse 95, 10177 berlin","friedrichstrasse 95, 10117 berlin",,
vr_031071,"stralauer allee 20 e, 10245 berlin","stralauer allee 20e, 10245 berlin",,,"stralauer allee 20e, 10245 berlin"
vr_031243,"stephanstrasse 51, 10559 berlin","stephanstrasse 13, 10559 berlin","stephanstrasse 13, 10556 berlin","stephanstrasse 13, 10559 berlin","stephanstrasse 13, 10559 berlin"
vr_031324,"alt-moabit 41, 10555 berlin","alt-moabit 41, 10555 berlin",,"kluckstrasse 23a, 10785 berlin","kluckstrasse 23a, 10785 berlin"
vr_031374,"lausitzer platz 10, 10997 berlin","lausitzer platz 10, 10997 berlin","lausitzer platz 10, 10997 berlin","lausitzer platz 10, 10997 berlin","markgrafendamm 24 - haus 16, 10245 berlin"
vr_031403,"esmarchstrasse 18 c/o kurt tucholsky bibliothek, 10407 berlin","esmarchstrasse 18 c/o kurt-tucholsky-bibliothek, 10407 berlin","esmarchstrasse 18 c/o kurt tucholsky bibliothek, 10407 berlin","esmarchstrasse 18 c/o kurt tucholsky bibliothek, 10407 berlin","esmarchstrasse 18 c/o kurt tucholsky bibliothek, 10407 berlin"
vr_031450,"schustehrusstrasse 29, 10585 berlin","schustehrusstrasse 29, 10585 berlin","schustehrusstrasse 29, 10585 berlin","schustehrusstrasse 29, 10585 berlin","schustehrhusstrasse 29, 10585 berlin"
vr_031496,"liebenwalder strasse 1, 13347 berlin","sprengelstrasse 15, 13353 berlin","sprengelstrasse 15, 13353 berlin","sprengelstrasse 15, 13353 berlin","sprengelstrasse 15, 13353 berlin"
vr_031736,"weichselplatz 3, 12045 berlin",,"weichselplatz 3, 12045 berlin",,"neckarstrasse 19, 12053 berlin"
vr_031788,,,"berliner strasse 14-24, 13189 berlin","romain-rolland-strasse 14-24, 13089 berlin","romain-rolland-strasse 14-24, 13089 berlin"
vr_031800,,"beusselstrasse 26, 10553 berlin","beusselstrasse 44, 10553 berlin","beusselstrasse 44, 10553 berlin",
vr_031824,,,"biebricher strasse 12, 12053 berlin","biebricher strasse 12, 12053 berlin","lucy-lameck-strasse 20, 12049 berlin"
vr_031939,"hubertusstrasse 21, 15566 schöneiche","hubertusstrasse 21, 15566 schöneiche","dorfstrasse 30, 16247 althüttendorf",,
vr_031996,,,"dieffenbachstrasse 33, 10967 berlin","c/o monika fischaleck, dieffenbachstrasse 33, 10967 berlin","c/o monika fischaleck, dieffenbachstrasse 33, 10967 berlin"
vr_032082,"weydinger strasse 14-16, 10178 berlin","weydingerstrasse 14-16, 10178 berlin","weydingerstrasse 14-16, 10178 berlin","weydingerstrasse 14-16, 10178 berlin","weydingerstrasse 14-16, 10178 berlin"
vr_032183,"liebenwalder strasse 42 a, 16567 mühlenbeck","liebenwalder strasse 42 a, 16567 berlin","liebenwalder strasse 42 a, 16567 mühlenbeck","görschstrasse 42, 13187 berlin","liebenwalder strasse 42 a, 16567 mühlenbeck"
vr_032280,,"bismarckstrasse 40, 10627 berlin","c/o berliner forum der religionen, bismarckstrasse 40, 10627 berlin","c/o berliner forum der religionen, bismarckstrasse 40, 10627 berlin","c/o berliner forum der religionen, bismarckstrasse 40, 10627 berlin"
vr_032282,,"güldenauer weg 44, 12524 berlin","güldenauer weg 44, 12555 berlin",,"güldenauer weg 44, 12555 berlin"
vr_032307,"am sudhaus 2 - aufgang iii, 12053 berlin","am sudhaus 2, 12053 berlin","am sudhaus 2, 12053 berlin","am sudhaus 2 - aufgang iii, 12053 berlin","am sudhaus 2 - aufgang iii, 12053 berlin"
vr_032330,,"upsalaer strasse 6, 13189 berlin","upsaler strasse 6, 13189 berlin","upsaler strasse 6, 13189 berlin","upsaler strasse 6, 13189 berlin"
vr_032336,ausnahmetatbestand nach nr. 1.5.2 av zu § 44 lho,ausnahmetatbestand nach nr. 1.5.2 av zu § 44 lho,ausnahmetatbestand nach nr. 1.5.2 av zu § 44 lho,ausnahmetatbestand nach nr. 1.5.2 av zu § 44 lho,"postfach 12 05 30, 10595 berlin"
vr_032344,"oranienstrasse 45, 10969 berlin","oranienstrasse 45, 10969 berlin","oranienstrasse 45, 10969 berlin","ausnahmetatbestand nach nr. 1.5.3.3 av zu § 44 lho, , ausna ausnahmetatbestand nach nr. 1.5.3.3 av zu § 44 lho","b) kein hinweis auf sondertatbestand nach nr. 1.5.3.3 av zu § 44 lho, b) ke b) kein hinweis auf sondertatbestand nach nr. 1.5.3.3 av zu § 44 lho"
vr_032396,"badstrasse 35/36, 13357 berlin","badstrasse 35/36, 13357 berlin","badstrasse 35/36, 13357 berlin","exerzierstrasse 6, 13357 berlin",
vr_032453,"neuenburger strasse 19, 10969 berlin","neuenburger strasse 19, 10969 berlin","neuenburger strasse 19, 10585 berlin","neuenburger strasse 19, 10969 berlin",
vr_032521,,,"ruppiner-see-strasse 47, 13599 berlin","ostender strasse 25b, 13353 berlin",
vr_032523,"alt-moabit 82d, 10555 berlin","isarstrasse 3 - c/o sonia lescène atelier, 12053 berlin","isarstrasse 3 - c/o sonia lescène atelier, 12053 berlin","isarstrasse 3 - c/o sonia lescène atelier, 12053 berlin","isarstrasse 3 - c/o sonia lescène atelier, 12053 berlin"
vr_032544,"uferstrasse 23, 13357 berlin","uferstrasse 23, 13357 berlin","benningsenstrasse 19, 12159 berlin","bennigsenstrasse 19, 12159 berlin",
vr_032602,"wiclefstrasse 16, 10551 berlin",,,"wiclefstrasse 16-17, 10551 berlin","wiclefstrasse 16/17, 10551 berlin"
vr_032695,"sonntagstrasse 27, 10245 berlin","am sudhaus 2, 12053 berlin",,,
vr_032732,"alt-moabit 73, 10555 berlin","alt-reinickendorf 25, 13407 berlin","alt-reinickendorf 25, 13407 berlin","alt-reinickendorf 25, 13407 berlin","alt-reinickendorf 25, 13407 berlin"
vr_032740,"am sudhaus 2, 12053 berlin","am sudhaus 2, 12053 berlin","saganer strasse 21b, 10317 berlin",,
vr_032765,"albrechtstrasse 10, 10117 berlin","albrechtstrasse 10, 10117 berlin","stresemannstrasse 48, 10963 berlin",,"linkstrasse 12, 10785 berlin"
vr_032896,"lenaustrasse 3-4, 12047 berlin","lenaustrasse 4, 12047 berlin",,"lenaustrasse 4, 12047 berlin",
vr_033058,,"oranienstrasse 32, 10999 berlin","oranienstrasse 32, 10999 berlin","exerzierstrasse 6, 13357 berlin","exerzierstrasse 6, 13357 berlin"
vr_033091,"harzer strasse 65, 12059 berlin","harzer strasse 65, 12059 berlin","harzer strasse 65, 12059 berlin","harzer strasse 65, 12059 berlin","harzer strasse 64, 12059 berlin"
vr_033099,,"hornstrasse 2, 10963 berlin","torstrasse 114, 10119 berlin","torstrasse 114, 10119 berlin","torstrasse 114, 10119 berlin"
vr_033131,"blankenfelder strasse 113, 13127 berlin","blankenfelder strasse 113, 13127 berlin","blankenfelder strasse 113, 13127 berlin","blankenfelder strasse 113, 13127 berlin","storkowerstrasse 158, 10407 berlin"
vr_033160,"uhrmacherweg 42a, 12355 berlin",,,"uhrmacherweg 42 a, 12355 berlin","zingster strasse 13, 13357 berlin"
vr_033200,,"liebenwalder strasse 1, 13347 berlin",,,"reinickendorfer strasse 70, 13347 berlin"
vr_033288,"rosenheimer strasse 13, 10781 berlin","rosenheimer strasse 13, 10781 berlin","rosenheimer strasse 12, 10781 berlin","c/o axel halling, akazienstrasse 5, 10823 berlin",
vr_033333,"wilhelminenhofstrasse 48a, 12459 berlin","wilhelminenhofstrasse 48a, 12459 berlin","konrad-zuse-strasse 8, 12489 berlin","konrad-zuse-strasse 8, 12489 berlin","konrad zuse-strasse 8, 12489 berlin"
vr_033434,,"oranienstrasse 34, 10999 berlin","oranienstrasse 34, 10999 berlin","böckhstrasse 24, 10967 berlin","böckhstrasse 24, 10967 berlin"
vr_033528,"bergholzstrasse 8, 12099 berlin","bergholzstrasse 8, 12099 berlin","rigaer strasse 73, 10247 berlin","bergholzstrasse 8, 12099 berlin","bergholzstrasse 8, 12099 berlin"
vr_033538,"lausitzer strasse 38, 10999 berlin","lausitzer strasse 38, 10999 berlin","lausitzer strasse 38, 10999 berlin","lausitzer strasse 38, 10999 berlin","franz-mehring-platz 1, 10243 berlin"
vr_033664,"charlottenstrasse 16, 10117 berlin",,,"alt-schönow 12, 14165 berlin","alt-schönow 12, 14165 berlin"
vr_033691,"postfach 02 35 65, 10127 berlin",,"windscheidstrasse 31, 10627 berlin","mahlower strasse 24, 12049 berlin","mahlowerstrasse 24, 12049 berlin"
vr_033810,"jessnerstrasse 49, 10247 berlin",,"jessnerstrasse 49, 10247 berlin","dorfstrasse 12, 15366 hoppegarten",
vr_033919,"c/o ufer kreuzberg, paul-lincke-ufer 41, 10999 berlin",,,"c/o coopspace glogauer strasse 21, 10999 berlin",
vr_033962,,,"birkenstrasse 60 b, 12621 berlin","birkenstrasse 60b, 12621 berlin","birkenstrasse 60 b, 12621 berlin"
vr_033993,"köpenicker strasse 172, 10997 berlin","köpenicker strasse 172, 10997 berlin","köpenicker strasse 172, 10623 berlin","köpenicker strasse 172, 10999 berlin","köpenicker strasse 172, 10999 berlin"
vr_034077,"haarlemer strasse 45 e, 12359 berlin","haarlemer strasse 45 e, 12359 berlin","haarlemer strasse 45 e, 12359 berlin","haarlemer strasse 45e, 12359 berlin","haarlemer strasse 45 e, 12359 berlin"
vr_034079,,"südostalllee 146, 12487 berlin","südostallee 146, 12487 berlin","südostallee 146, 12487 berlin",
vr_034144,,"aroser allee 81, 13407 berlin","rödernstrasse 11, 16548 glienicke/nordbahn","rödernstrasse 11, 16548 glienicke/ nordbahn","rödernstrasse 11, 16548 glienicke"
vr_034206,,,"akazienweg 17, 16230 breydin",,"storkower strasse 139b, 10407 berlin"
vr_034296,,"hauptstrasse 6 t, 10317 berlin",,,"hauptstrasse 6t, 10317 berlin"
vr_034301,,"prinzenstrasse 104, 10969 berlin",,"muskauer strasse 46, 10997 berlin","pohlstrasse 28, 10785 berlin"
vr_034343,"greifenhagener strasse 60, 10437 berlin","greifenhagenerstrasse 60, 10437 berlin","greifenhagener strasse 60, 10437 berlin",,
vr_034385,"brienner strasse 7 - 8, 10713 berlin","brienner strasse 7 - 8, 10713 berlin","brienner strasse 7/8, 10713 berlin",,
vr_034406,"sigmaringer strasse 1, 10713 berlin","sigmaringer strasse 1, 10713 berlin","sigmaringer strasse 1, 10713 berlin","am sudhaus 2, 12053 berlin","am sudhaus 2, 12053 berlin"
vr_034451,"kleiststrasse 35, 10787 berlin","kleiststrasse 35, 10787 berlin","kleiststrasse 35, 10787 berlin","feurigstrasse 54, 10827 berlin",
vr_034523,"kiefholzstrasse 2, 12435 berlin","kiefholzstrasse 2, 12435 berlin","am krögel 2, 10179 berlin","am krögel 2, 10179 berlin","am krögel 2, 10179 berlin"
vr_034541,"jahnstrasse 14, 10967 berlin","jahnstrasse 14, 10967 berlin","jahnstrasse 14, 10967 berlin","schivelbeiner strasse 6, 10439 berlin","schivelbeiner strasse 6, 10439 berlin"
vr_034562,"c/o studio bildende kunst, john-sieg-strasse 13, 10365 berlin","c/o studio bildende kunst, john-sieg-strasse 13, 10365 berlin","john-sieg-strasse 13, 10365 berlin","john-sieg-strasse 13, 10365 berlin","c/o studio bildende kunst, john-sieg-strasse 13, 10365 berlin"
vr_034609,"hohenschönhauserstrasse 7, 10369 berlin","hohenschönhauser strasse 7, 10369 berlin",,"emser strasse 124, 12051 berlin","emser strasse 124, 12051 berlin"
vr_034642,"oranienburger strasse 91, 10178 berlin","karl-marx.platz 12, 12043 berlin","karl-marx-platz 12, 12043 berlin","postfach 61 02 54, 10924 berlin","postfach 61 02 54, 10924 berlin"
vr_034754,"prinzenallee 58, 13359 berlin","prinzenallee 58, 13359 berlin","freienwalderstrasse 37, 13359 berlin",,
vr_034773,,,"bundesallee 38, 10717 berlin","bundesallee 38, 10717 berlin","bundesallee 38, 10171 berlin"
vr_034795,"c/o gemeindehaus paulusgemeinde zehlendorf, teltower damm 6, 14169 berlin",,"c/o paulusgemeinde zehlendorf, teltower damm 6, 14169 berlin",,
vr_034809,"florian- geyer- strasse 84, 12489 berlin","florian-geyer-strasse 84, 12489 berlin","florian-geyer-strasse 84, 12489 berlin","florian-geyer-strasse 84, 12489 berlin","florian-geyer-strasse 84, 12489 berlin"
vr_034873,"am sudhaus 2, 12053 berlin","am sudhaus 2, 12053 berlin","rollbergstrasse 30, 12053 berlin","rollbergstrasse 30, 12053 berlin","rollbergstrasse 30, 12053 berlin"
vr_034891,"willdenowstrasse 12a, 13353 berlin","motzstrasse 60, 10777 berlin","motzstrasse 60, 10777 berlin",,
vr_034970,"teltower damm 8a, 14169 berlin",,"thielallee 1-3, 14195 berlin","thielallee 1-3, 14195 berlin",
vr_035020,"ulmenalle 35, 14050 berlin","ulmenalle 35, 14050 berlin","ulmenalle 35, 14050 berlin","ulmenalle 35, 14050 berlin","ulmenallee 35, 14050 berlin"
vr_035060,"böckhstrasse 35 (remise, hinterhof), 10967 berlin","böckhstrasse 35, 10967 berlin","böckhstrasse 35 (remise, hinterhof), 10967 berlin","grossbeerenstrasse 88, 10963 berlin","grossbeerenstrasse 88, 10963 berlin"
vr_035063,"sonnenallee 212, 12059 berlin","sonnenallee 212, 12059 berlin","sonnenallee 212, c/o weigl, 12059 berlin","karl-kunger-strasse 23, 12435 berlin","karl-kunger-strasse 23, 12435 berlin"
vr_035096,,"linienstrasse 103, 10115 berlin","linienstrasse 103, 10178 berlin","rosenstrasse 2, 10178 berlin","rosenstrasse 2, 10178 berlin"
vr_035126,,,"gesslerstrasse 11, 10829 berlin","gesslerstrasse 11, 10829 berlin","gessler strasse 11, 10829 berlin"
vr_035153,"wollankstrasse 97, 13359 berlin","wollankstrasse 97, 13359 berlin","wollankstasse. 97, 13359 berlin","wollankstrasse 97, 13359 berlin","wollankstrasse 97, 13359 berlin"
vr_035175,"markstrasse 6, 13409 berlin","marktstrasse 6, 13409 berlin",,,
vr_035204,"kirschenallee 1c, 14050 berlin","kirschenallee 1c, 14050 berlin","kirschenallee 1c, 14050 berlin","einsteinufer 59, 10587 berlin",
vr_035208,"obentrautstrasse 28, 10963 berlin","obentrautstrasse 28, 10963 berlin","am sudhaus 2, 12053 berlin","am sudhaus 2, 12053 berlin","am sudhaus 2, 12053 berlin"
vr_035279,"weserstrasse 67, 12045 berlin",,,"forster strasse 52, 10999 berlin",
vr_035291,"ungarnstrasse 89, 13349 berlin","ungarnstrasse 89, 13349 berlin","herbartstrasse 25, 14057 berlin","herbarthstrasse 25, 14057 berlin",
vr_035318,"turmstrasse 70, 10551 berlin","turmstrasse 70, 10551 berlin","hussitenstrasse 17, 13355 berlin","ufnaustrasse 3, 10553 berlin","ufnaustrasse 3, 10553 berlin"
vr_035320,"pichelswerderstrasse 7, 13187 berlin","pichelswerderstrasse 7, 13187 berlin","kreuzstrasse 10, 13187 berlin","pichelswerderstrasse 7, 13187 berlin","pichelswerderstrasse 7, 13187 berlin"
vr_035339,"im marienpark 22, 10107 berlin","im marienpark 22, 12107 berlin",,,
vr_035454,"propstrasse 11, 10178 berlin","propststrasse 11, 10178 berlin","propststrasse 11, 10178 berlin","propststrasse 11, 10178 berlin","propststrasse 11, 10178 berlin"
vr_035476,"wildenbruchstrasse 58, 12045 berlin","erkstrasse 3, 12043 berlin","bouchéstrasse 47, 10117 berlin","bouchéstrasse 47, 10117 berlin",
vr_035483,"karlsgartenstrasse 6, 12049 berlin","karlsgartenstrasse 6, 12049 berlin","mahlowerstrasse 32 (c/o battisti), 12049 berlin","mahlower strasse. (c/o battisti) 32, 12049 berlin","mahlowerstrasse 32 (c/o battisti), 12049 berlin"
vr_035558,,"alt reinickendorf 25, 13407 berlin","oranienstrasse 58, 10969 berlin","oranienstrasse 58, 10969 berlin","oranienstrasse 58, 10969 berlin"
vr_035643,"alt-köpenick 12, 12555 berlin","alt-köpenick 12, 12555 berlin","alt köpenick 12, 12555 berlin","alt köpenick 12, 12555 berlin","alt-köpenick 12, 12414 berlin"
vr_035702,"grosskopfstrasse 6-7, 13403 berlin","tiniusstrasse 20, 13089 berlin",,"tiniusstrasse 20, 13089 berlin","tiniusstrasse 20, 13089 berlin"
vr_035765,,"dickhardstrasse 59, c/o tom balkow, 12159 berlin","dickhardstrasse 59, c/o tom balkow, 12159 berlin","dickhardtstrasse 59, 12159 berlin",
vr_035938,,"gitschinerstrasse 17, 10969 berlin","gitschiner strasse 17, 10969 berlin","gitschiner strasse 17, 10969 berlin","gitschiner strasse 17, 10969 berlin"
vr_035946,"herbartstrasse 25, 14057 berlin","herbartstrasse 25, 14057 berlin","herbarstrasse 25, 14057 berlin","herbartstrasse 25, 14057 berlin","herbartstrasse 25, 14057 berlin"
vr_035975,"stuttgarter strasse 40, 12059 berlin","aronsstrasse 68, 12057 berlin",,"am sudhaus 2, 12053 berlin","am sudhaus 2, 12053 berlin"
vr_035983,"gernotstrasse 36, 10365 berlin","gernotstrasse 36, 10365 berlin","frankfurter allee 7, 10247 berlin","frankfurter allee 7, 10247 berlin","frankfurter allee 7, 10247 berlin"
vr_036070,"ferbelliner strasse 92, 10115 berlin","fehrbelliner strasse 92, 10115 berlin","hanns-eisler-strasse 93, 10409 berlin","hanns-eisler-strasse 93, 10409 berlin","hanns-eisler-strasse 93, 10409 berlin"
vr_036090,,"postfach 260108, 13411 berlin","wesendorfer strasse 10, 13439 berlin","wesendorfer strasse 10, 13439 berlin",
vr_036095,"emdener strasse 47, 10551 berlin","emdener strasse 47, 10551 berlin","emdener strasse 47, 10551 berlin","c/o bum betterplace umspannwerk gmbh paul-lincke-ufer 21, 10999 berlin","c/o bum betterplace umspannwerke gmbh paul-lincke-ufer 21, 10999 berlin"
vr_036221,"geusenstrasse 9, 10317 berlin","geusenstrasse 9, 10317 berlin","postfach 35 04 19, 10213 berlin","geusenstrasse 9, 10317 berlin","geusenstrasse 9, 10317 berlin"
vr_036228,,"barbarossastrasse 65, 10781 berlin","dreysestrasse 10, 10559 berlin",,
vr_036236,"leunaer strasse 7, 12681 berlin","leunaer strasse 7, 12681 berlin","leunaer strasse 7, 12681 berlin","planitzstrasse 9, 12621 berlin","lückstrasse 56, 10317 berlin"
vr_036258,"schreinerstrasse 59, 10247 berlin","schreinerstrasse 59, 10247 berlin","leuchnerdamm 13, 10999 berlin","leuschnerdamm 13, 10999 berlin","leuschnerdamm 13, 10999 berlin"
vr_036259,,"uferstrasse 8, studio a14, 13357 berlin","uferstrasse 8, studio a14, 13357 berlin","schieritzstrasse 33, c/o bouma, 10409 berlin","schieritzstrasse 33, c/o bouma, 10409 berlin"
vr_036261,"schiffbauerdamm 40, 10117 berlin","schiffbauerdamm 40, 10117 berlin","schiffbauerdamm 40, 10117 berlin",,"rollbergstrasse 28, 12053 berlin"
vr_036287,"oberseestrasse 27, 13503 berlin","oberseestrasse 27, 13053 berlin","oberseestrasse 27, c/o sina päske, 13053 berlin","oberseestrasse 27, 13053 berlin","oberseestrasse 27, c/o sina päske, 13053 berlin"
vr_036336,,,"sigismundstrasse 6, 10785 berlin","sigismundstrasse 6, 10785 berlin","prinzessinnenstrasse 12, 12307 berlin"
vr_036404,"gleditschstrasse 45, 10781 berlin","gleditschstrasse 45, 10781 berlin","gleditschstrasse 45, 10781 berlin","babelsberger strasse 49, 10715 berlin","babelsberger strasse 49, 10715 berlin"
vr_036417,"daumstrasse154, 13599 berlin","daumstrasse 154, 13599 berlin","grosse hamburger strasse 19a, 10115 berlin","grosse hamburger strasse 19a, 10115 berlin","grosse hamburger strasse 19a, 10115 berlin"
vr_036483,"alt-moabit 25, 10559 berlin","alt-moabit 25, 10559 berlin","oldenburger strasse 9, 10559 berlin","alt moabit 25, 10559 berlin","alt moabit 25, 10559 berlin"
vr_036617,"wendenschlossstrasse 103 - 105, 12557 berlin","wendenschlossstrasse 103 - 105, 12557 berlin","wendenschlossstrasse 103-105, 12557 berlin","wendenschlossstrasse 103-105, 12557 berlin","wendenschlossstrasse 103 - 105, 12557 berlin"
vr_036723,"joachimstrasse 2, 12526 berlin","joachimstrasse 2, 12526 berlin","joachimstrasse 2, 12526 berlin","joachimstrasse 2, 12526 berlin","dahmestrasse 23, 12526 berlin"
vr_036751,,"frankfurter allee 5, 10247 berlin","frankfurter allee 5, 10247 berlin","frankfurter allee 5, 10247 berlin","postfach 670211, 10207 berlin"
vr_036753,"frankfurter allee 132, 10365 berlin","frankfurter allee 132, 10365 berlin","oranienstrasse 53, 10969 berlin",,
vr_036830,"vossbergstrasse 6, 10825 berlin",,,"trautenaustrasse 5, 10717 berlin","trautenaustrasse 5, 10717 berlin"
vr_036835,"helmholtzstrasse 5, 12459 berlin",,"am spreebord 9, 10589 berlin",,
vr_036872,,,"gleimstrasse 45a, 10437 berlin","saarbrücker strasse 24, 10405 berlin","gleimstrasse 45a, 10437 berlin"
vr_036916,"karl-kunger strasse 17, 12435 berlin","karl-kunger strasse 17, 12435 berlin","karl-kunger strasse 17, 12435 berlin","karl-kunger strasse 17, 12435 berlin","karl-kunger-strasse 17, 12435 berlin"
vr_036931,,"blumberger damm 2 k, 12683 berlin",,"blumberger damm 2k, 12683 berlin","blumberger damm 2 k, 12683 berlin"
vr_036938,,"paul-lincke-ufer 6, 10999 berlin","paul-lincke-ufer 6, 10999 berlin","glogauer strasse 19b, 10999 berlin","glogauer strasse 19b, 10999 berlin"
vr_036943,,,"karl-marx-allee 39, c/o frank nerger, 10178 berlin","mollstrasse 9, 10178 berlin",
vr_036955,"rudower strasse 37/39, 12557 berlin","rudower strasse 37/39, 12557 berlin","rudower strasse 37/39, 12557 berlin","rudower strasse 37/39, 12557 berlin","dolgenseestrasse 21, 10319 berlin"
vr_036995,,"habsburger strasse 12, 10781 berlin","habsburger strasse 12, 10781 berlin","ansbacher strasse 52, 10777 berlin",
vr_037042,"oranienstrasse 25, 10999 berlin","oranienstrasse 25, 10999 berlin","schönleinstrasse 5, 10967 berlin","oranienstrasse 25, 10999 berlin","oranienstrasse 25, 10999 berlin"
vr_037052,"brünnhildestrasse 1, 12159 berlin","neckarstrasse 10, 12059 berlin","neckarstrasse 10, 12053 berlin","neckarstrasse 10, 12053 berlin","rossbachstrasse 2, c/o christoph kohlwes, 10829 berlin"
vr_037072,,,,"libauer strasse 9, 10245 berlin","marienburger strasse 39, 10405 berlin"
vr_037080,"torstrasse 39, 10119 berlin",,,"breite strasse 31, 13597 berlin",
vr_037089,,,"kreuzbergstrasse 42d, 10179 berlin","kreuzbergstrasse 42d, 10965 berlin","kreuzbergstrasse 42d, 10965 berlin"
vr_037100,,,,"possweg 45 c/o nkmg, 14163 berlin","possweg 45, 14163 berlin"
vr_037199,"steinträgerweg 68 a, 12351 berlin","steinträgerweg 68 a, 12351 berlin","steintraegerweg 68a, 12351 berlin","steinträgerweg 68a, 12351 berlin","steinträgerweg 68 a, 12351 berlin"
vr_037203,,,,"breitscheidstrasse 1, 16548 glienicke/ nordbahn","breitscheidstrasse 1, 16548 glienicke"
vr_037291,,,"reulestrasse 4, 12105 berlin","kaiser-friedrich-strasse 21, 10585 berlin","kaiser-friedrich-strasse 21, 10585 berlin"
vr_037412,"prinzenallee 8, 13357 berlin","mollstrasse 11, 10178 berlin","prinzenallee 8, 13357 berlin","prinzenallee 8, 13357 berlin","prinzenallee 8, 13357 berlin"
vr_037416,"hasselverderstrasse 22, 12439 berlin","hasselwerderstrasse 22, 12439 berlin","hasselwerderstrasse 22, 12439 berlin","hasselwerderstrasse 22, 12439 berlin","hasselwerderstrasse 22, 12439 berlin"
vr_037440,"albrechtstrasse 8, 12165 berlin","albrechtstrasse 8, 12165 berlin","detmolder strasse 60, 10715 berlin","detmolder strasse 60, 10715 berlin","detmolder strasse 60, 10715 berlin"
vr_037532,"kastanienallee 23, 14052 berlin","kastanienallee 23, 14052 berlin","willdenowstrasse 13, 13353 berlin","willdenowstrasse 13, 13353 berlin","willdenowstrasse 13, 13353 berlin"
vr_037538,,"c/o ostertag, rothenburgstrasse 38 a, 12163 berlin","rothenburgstrasse 38 a, 12163 berlin","rothenburgstrasse 38 a, 12163 berlin",
vr_037549,"moritz-seeler-strasse 1, 12489 berlin",,,"moriz-seeler-strasse 1, 12489 berlin","moriz-seeler-strasse 1, 12489 berlin"
vr_037559,"laskerstrasse 5, 10245 berlin","laskerstrasse 5, 10245 berlin","laskerstrasse 5, 10245 berlin","alt-stralau 68, 10245 berlin","alt-stralau 68, 10245 berlin"
vr_037560,"berlinickestrasse 2, 12165 berlin","schlossstrasse 48a, 12165 berlin","schlossstrasse 48a, 12165 berlin","schlossstrasse 48a, 12165 berlin","schlossstrasse 48 a, 12165 berlin"
vr_037578,,,,"gustav-kirchhoff-strasse 4, 12489 berlin","gustav-kirchhoff-strasse. 4, 12489 berlin"
vr_037581,ausnahmetatbestand nach nr. 1.5.2 av zu § 44 lho,ausnahmetatbestand nach nr. 1.5.2 av zu § 44 lho,ausnahmetatbestand nach nr. 1.5.2 av zu § 44 lho,"christinenstrasse 21, 10119 berlin","christinenstrasse 21, 10119 berlin"
vr_037590,"uferstrasse 8-11, 13357 berlin","uferstrasse 8, 13357 berlin",,,
vr_037607,"hortwinkeler weg 19, 12589 berlin","hortwinkeler weg 19, 12589 berlin","hortwinkeler weg 19, 12589 berlin","c/o bum, paul-lincke-ufer 21, 10999 berlin","c/o bum, paul-lincke-ufer 21, 10999 berlin"
vr_037753,,"c/o landesjugendring berlin, obentrautstrasse 57, 10963 berlin","c/o bum, betterplace im umspannwerk gmbh, paul-lincke ufer 21, 10999 berlin",,
vr_037778,"lausitzer platz 10, 10997 berlin","lausitzer platz 10, 10997 berlin","lausitzer platz 10, 10997 berlin","lausitzer platz 10, 10997 berlin","köthener strasse 44, 10963 berlin"
vr_037829,,,"stephanstrasse 10, 10559 berlin","stephanstrasse 10, 10559 berlin","urbanstrasse 36, 10967 berlin"
vr_037833,"paul-lincke-ufer 1 a, 10999 berlin","am sudhaus 2, 12053 berlin","am sudhaus 2, 12053 berlin","am sudhaus 2, 12053 berlin","am sudhaus 2, 12053 berlin"
vr_037847,"zur gartenstadt 235 a, 12526 berlin","zur gartenstadt 235a, 12526 berlin","zur gartenstadt 235a, 12527 berlin","zur gartenstadt 235a, 12527 berlin","zur gartenstadt 235a, 12527 berlin"
vr_037944,,,,"ohmstrasse 7, 10179 berlin","liegnitzer strasse c/o videobuero 30, 10999 berlin"
vr_038280,,"kollwitzstrasse 71, 10435 berlin",,,"brunhildstrasse 13, 10829 berlin"
vr_038379,,"grolmannstrasse 15, 10623 berlin",,"brahestrasse 30, 10589 berlin","brahestrasse 30, 10589 berlin"
vr_038415,"friedrichstrasse 61, 10117 berlin","friedelstrasse 40, 12047 berlin","am sudhaus 2 (bei don medien), 12053 berlin","am sudhaus (global village bei don medien) 2, 12053 berlin","am sudhaus (global village bei don medien) 2, 12053 berlin"
vr_038449,"matterhornstrasse 47, 14129 berlin",,,"ullsteinstrasse 130 (turm 2), 12109 berlin","c/o ökofrost, ullsteinstrasse 130, 12109 berlin"
vr_038518,,"kirchgasse 33, 12043 berlin","kirchgasse 33, 12043 berlin","graefestrasse 65a, c/0 broschk, 10967 berlin",
vr_038608,"moosdorfstrasse 1, 12435 berlin",,,,"weisestrasse 24, 12049 berlin"
vr_038644,,,"joachim-friedrich-strasse 56, 10711 berlin",,"joachim friedrich strasse 56, 10711 berlin"
vr_038654,,"kreuzbergerstrasse 29, 10965 berlin",,"kreuzbergstrasse 29, 10965 berlin","kreuzbergstrasse 29, 10965 berlin"
vr_038679,,,,"sophienstrasse 28, 10178 berlin","sophienstrasse 8, 10178 berlin"
vr_038715,,,,"schreyerstrasse 12, 14532 berlin","breitensteinweg 38, 14165 berlin"
vr_038727,,"bessemerstrasse 2-14, 12103 berlin",,"bessemerstrasse 2-14, 12051 berlin","bessemerstrasse 2-14, 12051 berlin"
vr_038733,,"smetanastrasse 20, 13088 berlin","smetanastrasse 20, 13088 berlin","hermann-hesse-strasse 82, 13156 berlin","hermann-hesse-strasse 82, 13156 berlin"
vr_038852,,"libauer strasse18, 10245 berlin","libauer strasse 18, 10245 berlin","heinrischstrasse 20c, 10317 berlin","heinrichstrasse 20 c, 10317 berlin"
vr_038874,,,"linienstrasse 141, 10115 berlin",,"linienstrasse, 141, 10115 berlin"
vr_038990,,,"wegedornstrasse 48, 12524 berlin","coloniaallee 29, 12524 berlin",
vr_039170,,,"rheinstrasse 46, 12161 berlin","rheinstrasse 46 haus 1 aufgang a 46, 12161 berlin","rheinstrasse 46, 12161 berlin"
vr_039272,,"reichenberger strasse 122, 10999 berlin","reichenberger strasse 122, 10997 berlin","reichenberger strasse 122, 10999 berlin","reichenberger strasse 122, 10997 berlin"
vr_039292,,,,"pfarrer wenke weg 4d, 12349 berlin","pfarrer-wenke weg 4d, 12349 berlin"
vr_039304,,,,"grimmstrasse 16, 10967 berlin","zimmerstrasse 26/27, 10969 berlin"
vr_039561,,,"baikalstrasse 9, 10319 berlin","am tierpark 50, 10319 berlin",
vr_040037,,,,"grossbeerenstrasse 88 c/o bildung in widerspruch e. v., 10963 berlin","waterloo-ufer 7, 10963 berlin"
vr_040057,,,,"blumberger damm 2k, 12683 berlin","blumberger damm 2 k, 12683 berlin"
vr_040362,,,,"am forstacker 23, 13587 berlin","c/o ferse, am forstacker 23, 13587 berlin"
