empfaengerid,rows,years,names,addresses
kör_100061,58,5,7,15
nr_100048,60,5,3,11
vr_002656,59,5,8,8
vr_000222,57,5,2,8
nr_100309,83,5,13,7
kör_100038,52,5,9,7
sör_100011,117,5,7,7
vr_000566,100,5,4,7
hrb_137252,75,5,4,7
hrb_041860,246,5,3,7
vr_003683,134,5,3,7
hrb_182632,172,5,2,7
vr_012097,115,5,2,7
hrb_204832,10,5,1,7
vr_007649,105,5,10,6
spr_100022,222,5,9,6
vr_001664,51,5,9,6
kör_100005,92,5,7,6
kör_100058,97,5,6,6
vr_016650,78,5,6,6
hrb_108537,225,5,4,6
hrb_113084,87,5,4,6
hrb_138636,144,5,3,6
spr_100076,65,5,3,6
vr_010644,62,5,3,6
hrb_049649,39,5,3,6
vr_001513,39,5,2,6
vr_012515,15,5,2,6
vr_027951,58,5,1,6
hrb_000396,21,5,1,6
vr_017661,62,5,8,5
hrb_122882,216,5,7,5
spr_100133,29,5,7,5
vr_035703,59,5,6,5
hrb_173355,68,5,5,5
vr_025031,23,5,5,5
vr_005213,15,5,5,5
hrb_143478,194,5,4,5
hrb_038362,20,5,4,5
hrb_213866,16,5,4,5
vr_014410,88,5,3,5
vr_012742,80,5,3,5
hrb_041212,64,5,3,5
nr_100002,44,5,3,5
hrb_044819,26,3,3,5
kör_100176,23,5,3,5
hrb_224620,17,5,3,5
nr_100815,15,5,3,5
vr_003776,13,5,3,5
vr_036095,11,5,3,5
hrb_066700,73,5,2,5
hrb_077901,39,5,2,5
vr_002692,28,5,2,5
spr_100059,15,5,2,5
vr_036417,14,5,2,5
spr_100040,13,5,2,5
vr_035483,13,5,2,5
vr_019329,10,5,2,5
hrb_146003,8,5,2,5
hrb_212465,5,3,2,5
vr_034144,5,4,2,5
vr_019918,24,5,1,5
vr_023269,14,5,1,5
hrb_196055,10,4,1,5
vr_035096,7,4,1,5
hrb_243246,6,2,1,5
gnr_000757,5,1,1,5
vr_005628,294,5,11,4
hrb_094285,147,5,10,4
vr_016394,26,5,9,4
kör_100104,238,5,8,4
vr_020554,28,5,8,4
kör_100199,216,5,7,4
sör_100016,172,5,7,4
hrb_121600,159,5,7,4
hrb_162754,307,5,5,4
vr_009361,67,5,5,4
vr_007930,51,5,5,4
vr_011284,39,5,5,4
vr_012174,29,5,5,4
spr_100008,13,5,5,4
vr_001141,13,5,5,4
vr_004218,7,3,5,4
hrb_030373,119,5,4,4
kör_100062,53,5,4,4
vr_006590,43,5,4,4
hrb_082787,36,5,4,4
kör_100060,32,5,4,4
hrb_185666,22,5,4,4
hrb_038757,19,5,4,4
hrb_134136,19,5,4,4
hrb_079310,17,5,4,4
hrb_128577,15,5,4,4
kör_100063,15,5,4,4
vr_001083,13,5,4,4
hrb_169036,9,5,4,4
kör_100181,6,4,4,4
vr_035476,5,4,4,4
nr_100083,65,5,3,4
vr_015710,63,5,3,4
vr_009939,52,5,3,4
vr_000022,48,5,3,4
vr_010876,48,5,3,4
hrb_071999,39,5,3,4
hrb_094989,33,5,3,4
hrb_060456,32,5,3,4
hrb_029357,26,5,3,4
vr_013696,23,5,3,4
hrb_163114,20,5,3,4
vr_004001,18,5,3,4
vr_035946,18,5,3,4
sör_100013,16,5,3,4
vr_018245,13,5,3,4
vr_030346,13,5,3,4
gnr_000577,10,4,3,4
nr_100587,10,5,3,4
vr_007210,10,5,3,4
vr_002660,9,5,3,4
vr_005532,6,4,3,4
spr_100113,5,4,3,4
gnr_000424,4,3,3,4
vr_026263,4,2,3,4
vr_016789,164,5,2,4
hrb_044197,70,5,2,4
hrb_110342,66,5,2,4
hrb_095854,55,5,2,4
hrb_151518,47,5,2,4
vr_014064,41,5,2,4
eb_100004,31,5,2,4
vr_036221,30,5,2,4
nr_100624,28,5,2,4
vr_001176,26,5,2,4
hrb_040362,24,5,2,4
hrb_091296,17,5,2,4
hrb_155097,16,5,2,4
hrb_099234,15,4,2,4
kör_100059,15,5,2,4
vr_004275,14,5,2,4
vr_013127,14,5,2,4
vr_009968,13,5,2,4
vr_031788,13,3,2,4
vr_032602,10,3,2,4
kör_100115,9,5,2,4
hrb_143370,8,5,2,4
vr_011765,8,5,2,4
hrb_214936,6,3,2,4
nr_101030,6,4,2,4
vr_000991,6,5,2,4
hrb_216337,5,2,2,4
nr_100043,5,5,2,4
nr_101189,5,3,2,4
vr_022264,5,2,2,4
vr_033691,4,4,2,4
hrb_041021,133,5,1,4
vr_021943,111,5,1,4
vr_011048,108,5,1,4
hrb_082422,78,5,1,4
vr_014520,32,5,1,4
vr_005441,31,5,1,4
vr_036070,27,5,1,4
vr_004098,22,5,1,4
vr_013295,21,5,1,4
vr_037847,18,5,1,4
vr_021478,16,5,1,4
vr_028728,16,5,1,4
vr_035643,16,5,1,4
vr_004476,15,5,1,4
vr_006530,15,5,1,4
vr_014903,15,5,1,4
hrb_248169,14,3,1,4
vr_038415,14,5,1,4
hrb_229323,11,4,1,4
vr_032336,11,5,1,4
hrb_193587,10,5,1,4
vr_038852,9,4,1,4
hrb_210119,8,4,1,4
hrb_228103,8,4,1,4
hrb_250483,8,2,1,4
vr_015617,8,5,1,4
hrb_212774,7,3,1,4
hrb_227540,7,3,1,4
hrb_234048,7,3,1,4
vr_034642,7,5,1,4
hrb_186965,6,2,1,4
hrb_209714,6,2,1,4
vr_012926,6,5,1,4
vr_019569,6,5,1,4
vr_025545,6,4,1,4
vr_032765,6,4,1,4
hrb_209254,5,3,1,4
hrb_243872,5,2,1,4
vr_001315,5,5,1,4
vr_037052,5,5,1,4
hrb_064315,4,3,1,4
hrb_253826,4,2,1,4
hrb_077849,29,5,12,3
vr_010713,112,5,10,3
vr_009276,85,5,10,3
vr_012205,51,5,10,3
vr_003849,21,5,8,3
vr_014096,26,5,7,3
vr_026275,47,5,6,3
vr_027747,35,5,6,3
hrb_146820,13,5,6,3
vr_004486,232,5,5,3
nr_100527,77,5,5,3
vr_000366,39,5,5,3
vr_031243,30,5,5,3
vr_025205,25,5,5,3
hrb_124070,24,5,5,3
vr_005353,23,5,5,3
vr_011107,22,5,5,3
kör_100013,15,5,5,3
vr_010187,160,5,4,3
vr_024148,152,5,4,3
vr_030118,133,5,4,3
kör_100042,60,5,4,3
hrb_031532,45,5,4,3
hrb_056919,35,4,4,3
vr_005935,32,5,4,3
vr_015266,24,5,4,3
kör_100102,20,5,4,3
hrb_137204,19,4,4,3
nr_100037,18,5,4,3
vr_018061,18,5,4,3
vr_002072,17,5,4,3
vr_002924,14,5,4,3
hrb_001217,7,3,4,3
vr_003357,7,5,4,3
vr_017229,6,5,4,3
hrb_057560,5,4,4,3
kör_100008,5,5,4,3
vr_021507,102,5,3,3
vr_000275,101,5,3,3
hrb_135629,82,5,3,3
hrb_135916,70,5,3,3
eb_100001,68,5,3,3
kör_100044,41,5,3,3
kör_100223,40,5,3,3
kör_100085,38,5,3,3
vr_013589,38,5,3,3
vr_011117,33,5,3,3
eb_100002,28,5,3,3
vr_016078,24,5,3,3
kör_100073,19,5,3,3
vr_011710,18,5,3,3
vr_031680,17,5,3,3
vr_002131,14,5,3,3
vr_012828,14,4,3,3
vr_001291,13,5,3,3
vr_016263,13,5,3,3
vr_034541,12,5,3,3
vr_020342,11,5,3,3
hrb_070437,10,4,3,3
hrb_084461,10,5,3,3
hrb_177885,9,5,3,3
vr_037560,9,5,3,3
vr_006284,8,5,3,3
vr_037199,8,5,3,3
vr_010707,7,5,3,3
kör_100110,6,5,3,3
vr_003718,6,4,3,3
vr_012129,6,5,3,3
nr_100191,5,5,3,3
vr_000122,5,5,3,3
vr_002543,5,5,3,3
vr_002805,5,4,3,3
vr_007038,5,5,3,3
vr_036287,5,5,3,3
nr_100358,4,2,3,3
vr_006646,4,4,3,3
vr_032544,4,4,3,3
vr_038715,4,2,3,3
vr_018366,3,3,3,3
vr_012159,119,5,2,3
hrb_105561,108,5,2,3
vr_011209,78,5,2,3
vr_001887,76,5,2,3
vr_016642,56,5,2,3
vr_009538,50,5,2,3
vr_002788,49,5,2,3
hrb_103965,48,5,2,3
hrb_138678,48,5,2,3
nr_100169,39,5,2,3
vr_007814,38,5,2,3
vr_000846,37,5,2,3
vr_001265,27,5,2,3
vr_001300,27,5,2,3
vr_005569,27,5,2,3
hrb_069806,26,5,2,3
hrb_135079,26,5,2,3
kör_100003,26,5,2,3
vr_026792,26,5,2,3
vr_029204,26,5,2,3
gnr_000821,24,5,2,3
vr_001242,23,5,2,3
hrb_184914,22,5,2,3
vr_031403,22,5,2,3
hrb_057141,21,5,2,3
vr_012143,21,5,2,3
vr_005276,20,5,2,3
hra_030951,18,5,2,3
vr_033663,18,5,2,3
vr_035318,16,5,2,3
vr_037440,16,5,2,3
hrb_105986,15,5,2,3
kör_100111,15,5,2,3
hrb_152129,14,5,2,3
hrb_195254,14,3,2,3
spr_100083,14,5,2,3
vr_008244,14,5,2,3
vr_011916,13,5,2,3
vr_020221,13,5,2,3
vr_028242,13,5,2,3
hrb_129215,12,5,2,3
hrb_174360,12,5,2,3
kör_100128,12,5,2,3
sör_100020,12,3,2,3
vr_027051,12,5,2,3
vr_036258,12,5,2,3
hrb_136117,11,5,2,3
nr_100865,11,4,2,3
vr_026594,11,5,2,3
vr_030613,11,5,2,3
nr_100073,10,4,2,3
nr_101026,10,5,2,3
vr_001468,10,5,2,3
vr_011172,10,5,2,3
vr_014109,10,5,2,3
vr_019811,10,5,2,3
vr_023029,10,4,2,3
vr_025318,10,5,2,3
vr_028967,10,5,2,3
vr_033993,10,5,2,3
vr_037412,10,5,2,3
hrb_003760,9,4,2,3
hrb_193403,9,5,2,3
kör_100077,9,2,2,3
vr_034406,9,5,2,3
vr_035063,9,5,2,3
vr_035320,9,5,2,3
vr_037549,9,3,2,3
kör_100251,8,4,2,3
vr_010559,8,5,2,3
vr_010848,8,5,2,3
vr_012030,8,5,2,3
hrb_209717,7,3,2,3
hrb_225756,7,3,2,3
nr_100715,7,5,2,3
vr_002945,7,5,2,3
vr_011146,7,3,2,3
vr_012276,7,5,2,3
vr_021622,7,5,2,3
vr_022062,7,5,2,3
vr_031450,7,5,2,3
hrb_049640,6,3,2,3
hrb_182350,6,5,2,3
hrb_208429,6,4,2,3
kör_100177,6,5,2,3
vr_001427,6,5,2,3
vr_003263,6,5,2,3
vr_005771,6,5,2,3
vr_011929,6,5,2,3
vr_012151,6,5,2,3
vr_017736,6,5,2,3
vr_022501,6,5,2,3
vr_025613,6,5,2,3
vr_035291,6,4,2,3
hrb_086518,5,4,2,3
hrb_209681,5,4,2,3
hrb_244716,5,2,2,3
nr_100068,5,4,2,3
nr_100139,5,5,2,3
vr_001771,5,5,2,3
vr_005455,5,5,2,3
vr_006389,5,5,2,3
vr_007002,5,5,2,3
vr_011538,5,5,2,3
vr_015012,5,4,2,3
vr_015482,5,5,2,3
vr_025454,5,5,2,3
vr_033333,5,5,2,3
vr_034451,5,4,2,3
gnr_000569,4,2,2,3
hrb_145294,4,3,2,3
hrb_203649,4,4,2,3
sör_100018,4,3,2,3
vr_010924,4,2,2,3
vr_023743,4,2,2,3
vr_023744,4,3,2,3
hrb_163822,3,3,2,3
hrb_199186,3,3,2,3
hrb_205638,3,2,2,3
hrb_206376,3,2,2,3
nr_100597,3,3,2,3
nr_101168,3,2,2,3
vr_012062,3,3,2,3
vr_022772,3,3,2,3
vr_024221,3,3,2,3
vr_024894,3,3,2,3
vr_038449,3,3,2,3
hrb_033259,69,4,1,3
vr_029410,64,5,1,3
hrb_048652,47,4,1,3
vr_011076,45,5,1,3
hra_006167,33,5,1,3
vr_004079,32,5,1,3
vr_025826,30,5,1,3
vr_008705,27,5,1,3
spr_100048,26,5,1,3
vr_013282,25,5,1,3
vr_025024,23,5,1,3
vr_036955,23,5,1,3
vr_037416,23,5,1,3
hrb_054310,22,5,1,3
hrb_193924,22,5,1,3
kör_100041,21,5,1,3
hrb_150112,20,3,1,3
vr_027214,20,5,1,3
vr_030570,20,4,1,3
vr_035859,20,5,1,3
hrb_075208,19,5,1,3
spr_100053,19,5,1,3
vr_000357,19,5,1,3
vr_014007,17,5,1,3
vr_021086,17,5,1,3
vr_000370,16,5,1,3
vr_004714,16,5,1,3
hrb_188430,15,4,1,3
vr_037833,15,5,1,3
hrb_113740,14,5,1,3
vr_015289,14,5,1,3
vr_019894,14,5,1,3
vr_029082,14,5,1,3
vr_036236,13,5,1,3
hrb_057685,12,4,1,3
hrb_147121,12,5,1,3
vr_013870,12,5,1,3
hrb_216632,11,4,1,3
nr_100021,11,5,1,3
hrb_177462,10,4,1,3
hrb_199122,10,4,1,3
hrb_206004,10,3,1,3
vr_005395,10,5,1,3
vr_010495,10,5,1,3
vr_021171,10,5,1,3
vr_028455,10,5,1,3
hrb_106626,9,5,1,3
hrb_148130,9,4,1,3
hrb_155745,9,4,1,3
hrb_202543,9,3,1,3
hrb_211973,9,4,1,3
hrb_213539,9,4,1,3
nr_100026,9,4,1,3
vr_002920,9,4,1,3
vr_016269,9,5,1,3
vr_035060,9,5,1,3
hrb_163778,8,5,1,3
hrb_210582,8,3,1,3
hrb_235475,8,2,1,3
vr_013560,8,5,1,3
vr_017521,8,4,1,3
vr_032183,8,5,1,3
vr_036617,8,5,1,3
hrb_155142,7,4,1,3
hrb_167901,7,3,1,3
hrb_176581,7,3,1,3
hrb_190227,7,2,1,3
hrb_202263,7,4,1,3
hrb_209482,7,4,1,3
hrb_243755,7,3,1,3
nr_100536,7,5,1,3
vr_013711,7,5,1,3
vr_016283,7,5,1,3
vr_027583,7,5,1,3
hrb_080042,6,2,1,3
hrb_173750,6,4,1,3
hrb_178351,6,3,1,3
hrb_185093,6,3,1,3
vr_007133,6,5,1,3
vr_008115,6,5,1,3
vr_011118,6,5,1,3
vr_011859,6,4,1,3
vr_015231,6,5,1,3
vr_015546,6,5,1,3
vr_021761,6,2,1,3
vr_024738,6,2,1,3
vr_026673,6,5,1,3
vr_027860,6,4,1,3
vr_033288,6,4,1,3
hrb_012300,5,2,1,3
hrb_164122,5,5,1,3
hrb_195444,5,4,1,3
hrb_196577,5,2,1,3
hrb_200769,5,2,1,3
hrb_211409,5,3,1,3
hrb_236449,5,2,1,3
hrb_243036,5,1,1,3
hrb_244102,5,2,1,3
nr_100569,5,4,1,3
vr_000647,5,5,1,3
vr_002074,5,5,1,3
vr_002744,5,5,1,3
vr_003712,5,5,1,3
vr_003839,5,5,1,3
vr_004840,5,5,1,3
vr_007828,5,3,1,3
vr_010625,5,5,1,3
vr_011384,5,5,1,3
vr_012012,5,5,1,3
vr_013192,5,5,1,3
vr_013839,5,5,1,3
vr_017223,5,5,1,3
vr_027065,5,4,1,3
vr_030459,5,4,1,3
vr_032344,5,5,1,3
vr_034609,5,4,1,3
vr_035975,5,4,1,3
vr_036483,5,5,1,3
hrb_006445,4,3,1,3
hrb_047825,4,2,1,3
hrb_079460,4,3,1,3
hrb_087681,4,4,1,3
hrb_095728,4,3,1,3
hrb_126242,4,3,1,3
hrb_131727,4,3,1,3
hrb_174380,4,3,1,3
hrb_176715,4,4,1,3
hrb_181724,4,2,1,3
hrb_181990,4,3,1,3
hrb_203571,4,3,1,3
hrb_206432,4,3,1,3
hrb_216846,4,2,1,3
hrb_226369,4,2,1,3
hrb_230524,4,3,1,3
hrb_236997,4,3,1,3
hrb_238354,4,3,1,3
kör_100144,4,4,1,3
vr_002436,4,3,1,3
vr_002780,4,4,1,3
vr_037944,4,2,1,3
hrb_130684,3,2,1,3
hrb_135166,3,2,1,3
hrb_151381,3,2,1,3
hrb_177756,3,2,1,3
hrb_190249,3,3,1,3
hrb_201206,3,2,1,3
hrb_205654,3,2,1,3
hrb_205902,3,2,1,3
hrb_225775,3,2,1,3
hrb_229606,3,1,1,3
hrb_233650,3,2,1,3
hrb_235190,3,2,1,3
hrb_240308,3,2,1,3
hrb_252241,3,2,1,3
nr_100556,3,2,1,3
sör_100015,3,2,1,3
sör_100017,3,3,1,3
vr_033160,3,3,1,3
vr_033919,3,2,1,3
vr_034301,3,3,1,3
vr_008617,41,5,8,2
nr_100612,20,5,8,2
vr_004929,32,5,7,2
hrb_037541,120,5,6,2
vr_007966,61,5,6,2
vr_013438,57,5,6,2
vr_000701,38,5,6,2
vr_001740,36,5,6,2
hrb_001190,15,4,6,2
hrb_035230,14,3,6,2
vr_012136,183,5,5,2
hrb_087691,124,5,5,2
hrb_111896,107,5,5,2
vr_012404,49,5,5,2
vr_027484,34,5,5,2
vr_016053,23,5,5,2
vr_007590,21,5,5,2
hrb_003445,20,5,5,2
vr_000857,13,5,5,2
kör_100261,12,4,5,2
spr_100009,8,5,5,2
kör_100178,6,4,5,2
vr_014812,83,5,4,2
vr_022211,71,5,4,2
hrb_113331,52,5,4,2
hrb_200872,49,5,4,2
vr_000363,32,5,4,2
vr_009724,31,5,4,2
vr_009258,28,5,4,2
vr_022522,28,5,4,2
hrb_080470,23,5,4,2
hrb_038401,22,5,4,2
hrb_024122,21,5,4,2
vr_000558,20,5,4,2
vr_002673,19,5,4,2
kör_100022,18,5,4,2
vr_005163,17,5,4,2
hrb_007522,16,5,4,2
hrb_211108,16,5,4,2
vr_035014,16,5,4,2
vr_037430,15,5,4,2
vr_035020,14,5,4,2
hrb_214274,13,4,4,2
hrb_158044,12,5,4,2
hrb_128919,11,4,4,2
vr_006886,11,5,4,2
hrb_035223,10,3,4,2
kör_100118,10,5,4,2
nr_100589,10,5,4,2
vr_018159,10,4,4,2
spr_100041,9,4,4,2
vr_000288,9,5,4,2
vr_002494,9,3,4,2
vr_007400,9,4,4,2
vr_016661,9,5,4,2
nr_100410,7,5,4,2
vr_015023,7,3,4,2
vr_028288,7,2,4,2
nr_100485,5,5,4,2
vr_014184,5,3,4,2
vr_035126,5,3,4,2
kör_100078,4,3,4,2
hrb_055650,70,5,3,2
hrb_075986,61,4,3,2
vr_006974,46,5,3,2
vr_011634,37,5,3,2
vr_012483,30,5,3,2
sör_100003,29,5,3,2
vr_009848,29,5,3,2
nr_100005,28,5,3,2
vr_008195,28,5,3,2
vr_024827,28,5,3,2
vr_027808,28,5,3,2
hrb_068767,24,5,3,2
hrb_141378,23,5,3,2
hrb_094057,21,5,3,2
vr_019232,20,5,3,2
vr_021045,20,5,3,2
vr_024080,20,5,3,2
vr_001553,19,5,3,2
hrb_124388,18,5,3,2
hrb_125120,18,5,3,2
vr_032732,18,5,3,2
hrb_053556,17,5,3,2
vr_029071,16,5,3,2
vr_031496,16,5,3,2
hrb_120975,15,5,3,2
vr_000920,15,5,3,2
vr_010892,15,5,3,2
vr_001035,14,5,3,2
vr_004836,14,5,3,2
kör_100175,13,5,3,2
nr_100433,13,5,3,2
hrb_066643,12,5,3,2
vr_010493,12,5,3,2
hrb_127245,11,4,3,2
nr_100708,11,4,3,2
hrb_226400,10,3,3,2
vr_010594,10,5,3,2
hrb_001265,9,5,3,2
hrb_009456,9,3,3,2
kör_100238,9,5,3,2
vr_000888,9,5,3,2
vr_011323,9,5,3,2
hrb_018636,8,4,3,2
sör_100009,8,5,3,2
hrb_237192,7,3,3,2
vr_014971,7,4,3,2
vr_029557,7,5,3,2
vr_030525,7,5,3,2
vr_035204,7,4,3,2
hrb_095878,6,2,3,2
vr_012314,6,5,3,2
vr_024875,6,5,3,2
hrb_073327,5,2,3,2
kör_100281,5,3,3,2
vr_000533,5,5,3,2
vr_001137,5,5,3,2
vr_003690,5,4,3,2
vr_004197,5,5,3,2
vr_013617,5,4,3,2
vr_030786,5,5,3,2
vr_001905,4,4,3,2
hrb_251583,3,2,3,2
kör_100267,3,2,3,2
vr_008503,3,2,3,2
vr_016440,3,3,3,2
vr_016470,3,3,3,2
vr_023483,3,3,3,2
vr_030423,3,3,3,2
vr_000950,113,5,2,2
vr_018999,108,5,2,2
hrb_108801,103,5,2,2
nr_100040,103,3,2,2
hrb_072688,101,5,2,2
vr_019224,93,5,2,2
hrb_132351,89,5,2,2
hrb_159590,77,5,2,2
kör_100039,75,5,2,2
hrb_089368,72,5,2,2
hrb_041312,65,5,2,2
vr_016812,62,5,2,2
hrb_025821,55,5,2,2
vr_006959,52,5,2,2
hrb_074554,47,5,2,2
vr_010781,44,5,2,2
hrb_045231,40,5,2,2
spr_100015,40,5,2,2
spr_100049,40,5,2,2
vr_011299,38,5,2,2
vr_034594,38,5,2,2
hrb_098950,37,5,2,2
vr_017378,37,5,2,2
hrb_176464,36,5,2,2
hrb_082905,35,5,2,2
hrb_180206,32,5,2,2
hrb_221974,31,4,2,2
hrb_101994,29,5,2,2
vr_024703,29,5,2,2
vr_033089,29,5,2,2
vr_001951,27,5,2,2
vr_004442,27,5,2,2
hrb_192250,26,4,2,2
hrb_045810,25,5,2,2
vr_010661,25,5,2,2
vr_024162,25,5,2,2
vr_001376,24,5,2,2
vr_002848,24,5,2,2
vr_032082,23,5,2,2
hrb_041524,22,5,2,2
vr_006329,22,5,2,2
hrb_038157,20,5,2,2
hrb_115888,19,5,2,2
sör_100021,19,5,2,2
vr_013934,19,5,2,2
hrb_057657,18,5,2,2
vr_006715,18,4,2,2
vr_007504,18,5,2,2
vr_015204,18,5,2,2
vr_016357,18,5,2,2
vr_033528,18,5,2,2
vr_001102,17,5,2,2
vr_003311,17,5,2,2
vr_024739,17,5,2,2
vr_029776,17,5,2,2
hrb_069935,16,5,2,2
hrb_084807,16,5,2,2
hrb_121043,16,5,2,2
vr_001636,16,5,2,2
vr_003197,16,5,2,2
vr_033464,16,5,2,2
hrb_008652,15,5,2,2
hrb_139239,15,5,2,2
vr_012710,15,5,2,2
vr_016898,15,5,2,2
vr_024706,15,5,2,2
vr_036204,15,3,2,2
hrb_195599,14,4,2,2
vr_003597,14,5,2,2
vr_005065,14,5,2,2
hrb_132631,13,5,2,2
vr_011112,13,5,2,2
vr_014402,13,5,2,2
vr_019663,13,5,2,2
vr_025121,13,5,2,2
hrb_099644,12,5,2,2
hrb_129637,12,3,2,2
vr_001107,12,5,2,2
vr_002913,12,5,2,2
vr_022692,12,5,2,2
vr_030043,12,5,2,2
vr_030223,12,5,2,2
hrb_057416,11,5,2,2
hrb_150987,11,3,2,2
kör_100098,11,5,2,2
spr_100085,11,5,2,2
vr_001033,11,5,2,2
vr_007987,11,5,2,2
vr_029268,11,5,2,2
vr_029505,11,5,2,2
hrb_153422,10,5,2,2
kör_100074,10,4,2,2
vr_010795,10,5,2,2
vr_019730,10,5,2,2
vr_023246,10,5,2,2
vr_031134,10,5,2,2
vr_037559,10,5,2,2
hrb_168869,9,3,2,2
nr_100003,9,5,2,2
nr_100344,9,5,2,2
nr_100359,9,5,2,2
sör_100033,9,3,2,2
vr_006725,9,5,2,2
vr_010846,9,4,2,2
vr_016692,9,5,2,2
vr_025892,9,5,2,2
vr_026067,9,4,2,2
vr_031361,9,4,2,2
vr_034562,9,5,2,2
vr_036938,9,4,2,2
hrb_179595,8,5,2,2
hrb_203661,8,5,2,2
hrb_211365,8,5,2,2
hrb_217893,8,5,2,2
hrb_219511,8,4,2,2
kör_100112,8,3,2,2
nr_100069,8,5,2,2
nr_100613,8,3,2,2
vr_001533,8,5,2,2
vr_003146,8,5,2,2
vr_007167,8,5,2,2
vr_012960,8,5,2,2
vr_013825,8,5,2,2
vr_015353,8,4,2,2
vr_019132,8,5,2,2
vr_019895,8,4,2,2
vr_022077,8,5,2,2
vr_029069,8,5,2,2
hrb_079428,7,3,2,2
hrb_120986,7,4,2,2
hrb_172375,7,4,2,2
vr_000285,7,5,2,2
vr_000648,7,5,2,2
vr_001253,7,5,2,2
vr_003682,7,4,2,2
vr_004152,7,4,2,2
vr_005993,7,5,2,2
vr_010609,7,5,2,2
vr_011394,7,5,2,2
vr_012217,7,5,2,2
vr_016596,7,4,2,2
vr_022161,7,4,2,2
vr_028859,7,5,2,2
vr_029108,7,5,2,2
vr_030028,7,5,2,2
vr_031571,7,3,2,2
vr_037484,7,5,2,2
hrb_139027,6,3,2,2
hrb_185640,6,5,2,2
hrb_206425,6,4,2,2
hrb_214543,6,3,2,2
hrb_222969,6,3,2,2
kör_100226,6,5,2,2
kör_100229,6,5,2,2
nr_100017,6,5,2,2
nr_100115,6,2,2,2
vr_000715,6,5,2,2
vr_001245,6,5,2,2
vr_001660,6,3,2,2
vr_002118,6,5,2,2
vr_002292,6,5,2,2
vr_003607,6,5,2,2
vr_004969,6,5,2,2
vr_005007,6,5,2,2
vr_005227,6,5,2,2
vr_005735,6,5,2,2
vr_006930,6,4,2,2
vr_008748,6,2,2,2
vr_009046,6,4,2,2
vr_010311,6,5,2,2
vr_010456,6,5,2,2
vr_013384,6,5,2,2
vr_016826,6,5,2,2
vr_022110,6,4,2,2
vr_023385,6,5,2,2
vr_028057,6,4,2,2
vr_034385,6,3,2,2
vr_036404,6,5,2,2
hrb_042166,5,2,2,2
hrb_045313,5,2,2,2
hrb_136379,5,4,2,2
hrb_145226,5,4,2,2
hrb_150435,5,2,2,2
hrb_161713,5,5,2,2
hrb_168702,5,2,2,2
hrb_214571,5,3,2,2
hrb_221562,5,3,2,2
hrb_226721,5,3,2,2
kör_100050,5,4,2,2
nr_100016,5,4,2,2
nr_101112,5,3,2,2
nr_101389,5,3,2,2
vr_000662,5,5,2,2
vr_000869,5,5,2,2
vr_000937,5,5,2,2
vr_008201,5,5,2,2
vr_012349,5,5,2,2
vr_012767,5,4,2,2
vr_013174,5,5,2,2
vr_013866,5,5,2,2
vr_016197,5,5,2,2
vr_016276,5,3,2,2
vr_016993,5,5,2,2
vr_020097,5,5,2,2
vr_023222,5,3,2,2
vr_025952,5,5,2,2
vr_026937,5,5,2,2
vr_027247,5,5,2,2
vr_029783,5,5,2,2
vr_030022,5,4,2,2
vr_030619,5,4,2,2
vr_032192,5,4,2,2
vr_032282,5,3,2,2
vr_035558,5,4,2,2
vr_037581,5,5,2,2
vr_038644,5,2,2,2
gnr_000142,4,3,2,2
hrb_043407,4,2,2,2
hrb_117804,4,3,2,2
hrb_139004,4,3,2,2
hrb_188163,4,2,2,2
hrb_203303,4,2,2,2
hrb_207243,4,3,2,2
hrb_226435,4,3,2,2
hrb_233369,4,4,2,2
kör_100164,4,4,2,2
nr_100162,4,4,2,2
spr_100127,4,4,2,2
vr_000959,4,4,2,2
vr_001662,4,4,2,2
vr_004450,4,1,2,2
vr_008587,4,3,2,2
vr_012649,4,3,2,2
vr_012980,4,3,2,2
vr_014527,4,2,2,2
vr_015895,4,4,2,2
vr_016611,4,4,2,2
vr_020030,4,4,2,2
vr_022979,4,4,2,2
vr_023187,4,3,2,2
vr_027777,4,4,2,2
vr_027983,4,3,2,2
vr_029461,4,4,2,2
vr_032396,4,4,2,2
vr_037291,4,3,2,2
vr_038733,4,4,2,2
vr_039792,4,3,2,2
gnr_000617,3,3,2,2
gnr_000715,3,3,2,2
hra_029348,3,2,2,2
hrb_049990,3,2,2,2
hrb_066849,3,3,2,2
hrb_135198,3,2,2,2
hrb_136040,3,3,2,2
hrb_157531,3,3,2,2
hrb_161342,3,3,2,2
hrb_167218,3,2,2,2
hrb_178308,3,3,2,2
hrb_188248,3,3,2,2
hrb_203261,3,2,2,2
hrb_213747,3,2,2,2
hrb_215103,3,3,2,2
hrb_228698,3,3,2,2
hrb_232943,3,3,2,2
hrb_235971,3,3,2,2
kör_100109,3,1,2,2
nr_100132,3,2,2,2
nr_100471,3,3,2,2
nr_100834,3,3,2,2
vr_000594,3,3,2,2
vr_009005,3,2,2,2
vr_015100,3,3,2,2
vr_019350,3,3,2,2
vr_025323,3,3,2,2
vr_026601,3,2,2,2
vr_028796,3,3,2,2
vr_029917,3,3,2,2
vr_031800,3,3,2,2
vr_033664,3,3,2,2
vr_034970,3,3,2,2
vr_036657,3,2,2,2
vr_037635,3,1,2,2
vr_038727,3,3,2,2
vr_040362,3,2,2,2
gnr_000483,2,2,2,2
hrb_005485,2,2,2,2
hrb_073476,2,2,2,2
hrb_086774,2,2,2,2
hrb_090376,2,2,2,2
hrb_096110,2,2,2,2
hrb_139497,2,2,2,2
hrb_160760,2,2,2,2
hrb_171897,2,1,2,2
hrb_176538,2,2,2,2
hrb_191338,2,2,2,2
hrb_195278,2,2,2,2
hrb_199566,2,2,2,2
hrb_199767,2,2,2,2
hrb_212572,2,2,2,2
hrb_220562,2,2,2,2
hrb_222038,2,2,2,2
hrb_222769,2,2,2,2
hrb_226357,2,2,2,2
hrb_262184,2,1,2,2
kör_100146,2,2,2,2
kör_100248,2,2,2,2
kör_100263,2,2,2,2
nr_101218,2,2,2,2
nr_101447,2,2,2,2
vr_000216,2,2,2,2
vr_001885,2,2,2,2
vr_008515,2,2,2,2
vr_010872,2,2,2,2
vr_011356,2,2,2,2
vr_014429,2,2,2,2
vr_018165,2,2,2,2
vr_022917,2,2,2,2
vr_023611,2,2,2,2
vr_024603,2,2,2,2
vr_027623,2,2,2,2
vr_032521,2,2,2,2
vr_034296,2,2,2,2
vr_036228,2,2,2,2
vr_036943,2,2,2,2
vr_037080,2,2,2,2
vr_038679,2,2,2,2
hrb_043214,302,5,1,2
hrb_152207,178,5,1,2
hrb_068354,158,5,1,2
hrb_015772,155,5,1,2
vr_014790,147,5,1,2
vr_027430,96,5,1,2
hrb_077997,84,5,1,2
vr_002145,79,5,1,2
hrb_043360,74,5,1,2
hrb_044334,63,5,1,2
hrb_123802,62,5,1,2
spr_100005,61,5,1,2
spr_100037,56,5,1,2
vr_015553,52,5,1,2
hrb_118420,48,4,1,2
vr_030375,40,5,1,2
hrb_108428,39,4,1,2
hrb_060860,38,4,1,2
vr_006266,37,5,1,2
vr_006891,37,5,1,2
nr_100528,36,5,1,2
vr_008397,36,5,1,2
hrb_154062,34,5,1,2
sör_100037,31,5,1,2
vr_006420,31,5,1,2
vr_021035,31,5,1,2
vr_012322,28,5,1,2
hrb_040555,27,5,1,2
hrb_102668,27,5,1,2
nr_100180,27,4,1,2
vr_013305,27,5,1,2
hrb_090216,26,5,1,2
hrb_188824,26,5,1,2
vr_000646,26,5,1,2
hrb_164060,24,5,1,2
sör_100001,24,5,1,2
vr_003225,24,5,1,2
hrb_114859,23,5,1,2
vr_026779,23,4,1,2
hrb_097883,21,5,1,2
kör_100043,21,5,1,2
vr_002127,21,5,1,2
vr_022906,21,5,1,2
vr_030782,21,5,1,2
vr_006123,20,5,1,2
vr_033091,20,5,1,2
hrb_114389,19,5,1,2
nr_100013,19,5,1,2
vr_005981,19,5,1,2
vr_011717,19,5,1,2
vr_020419,19,5,1,2
vr_026368,19,5,1,2
hrb_100740,18,5,1,2
hrb_102201,18,5,1,2
vr_008789,18,5,1,2
vr_012680,18,5,1,2
vr_016166,18,4,1,2
hrb_099358,17,5,1,2
hrb_118011,17,5,1,2
spr_100025,17,5,1,2
vr_004444,17,5,1,2
vr_013215,17,5,1,2
vr_015187,17,5,1,2
vr_031133,17,5,1,2
vr_034873,17,5,1,2
hrb_083763,16,5,1,2
hrb_124315,16,5,1,2
nr_100096,16,5,1,2
vr_012929,16,5,1,2
vr_013083,16,5,1,2
vr_013411,16,5,1,2
vr_019129,16,5,1,2
vr_020916,16,5,1,2
vr_025340,16,5,1,2
vr_025712,16,5,1,2
vr_010624,15,5,1,2
vr_011799,15,5,1,2
vr_014050,15,4,1,2
vr_024177,15,5,1,2
vr_025530,15,5,1,2
vr_029248,15,5,1,2
vr_035153,15,5,1,2
hrb_157695,14,4,1,2
kör_100182,14,5,1,2
vr_005621,14,5,1,2
vr_012651,14,5,1,2
vr_024768,14,5,1,2
vr_033058,14,4,1,2
hrb_150486,13,4,1,2
vr_022787,13,5,1,2
vr_030156,13,4,1,2
hrb_057176,12,5,1,2
hrb_067615,12,5,1,2
hrb_145931,12,4,1,2
hrb_169608,12,5,1,2
vr_001383,12,5,1,2
vr_011077,12,5,1,2
vr_012412,12,5,1,2
vr_020320,12,4,1,2
vr_025075,12,5,1,2
vr_028861,12,5,1,2
vr_030988,12,5,1,2
hrb_119298,11,5,1,2
hrb_169220,11,5,1,2
hrb_213213,11,5,1,2
kör_100019,11,5,1,2
nr_100095,11,5,1,2
spr_100052,11,5,1,2
vr_001040,11,5,1,2
vr_001440,11,5,1,2
vr_001725,11,5,1,2
vr_003582,11,5,1,2
vr_008466,11,5,1,2
vr_011249,11,5,1,2
vr_013342,11,5,1,2
vr_013781,11,5,1,2
vr_015907,11,5,1,2
vr_016146,11,5,1,2
vr_018139,11,5,1,2
vr_018466,11,5,1,2
vr_031660,11,5,1,2
hra_021194,10,4,1,2
hrb_051617,10,2,1,2
hrb_059375,10,4,1,2
hrb_084989,10,5,1,2
hrb_092506,10,5,1,2
hrb_138458,10,5,1,2
hrb_144490,10,3,1,2
hrb_159068,10,5,1,2
hrb_185583,10,3,1,2
vr_003212,10,5,1,2
vr_006263,10,4,1,2
vr_010745,10,5,1,2
vr_011723,10,5,1,2
vr_012635,10,5,1,2
vr_013056,10,5,1,2
vr_013266,10,5,1,2
vr_013495,10,5,1,2
vr_013855,10,5,1,2
vr_014703,10,5,1,2
vr_019935,10,5,1,2
vr_025940,10,5,1,2
vr_035208,10,5,1,2
hra_049270,9,3,1,2
hrb_008089,9,5,1,2
hrb_046572,9,3,1,2
hrb_083551,9,5,1,2
hrb_117130,9,4,1,2
hrb_144956,9,3,1,2
hrb_168428,9,4,1,2
hrb_173764,9,5,1,2
hrb_175557,9,3,1,2
hrb_178921,9,3,1,2
hrb_187537,9,4,1,2
hrb_201303,9,5,1,2
hrb_212825,9,5,1,2
nr_100058,9,5,1,2
spr_100029,9,4,1,2
vr_007751,9,5,1,2
vr_012130,9,5,1,2
vr_012970,9,5,1,2
vr_014667,9,5,1,2
vr_019145,9,4,1,2
vr_024286,9,5,1,2
vr_032302,9,5,1,2
vr_033538,9,5,1,2
vr_035983,9,5,1,2
vr_036751,9,4,1,2
vr_037042,9,5,1,2
vr_037607,9,5,1,2
hrb_044141,8,2,1,2
hrb_048406,8,3,1,2
hrb_180527,8,3,1,2
hrb_187841,8,3,1,2
hrb_204138,8,5,1,2
hrb_211326,8,4,1,2
hrb_224928,8,2,1,2
nr_100006,8,5,1,2
vr_000674,8,5,1,2
vr_007490,8,5,1,2
vr_009936,8,4,1,2
vr_011494,8,4,1,2
vr_013415,8,4,1,2
vr_015625,8,5,1,2
vr_018308,8,5,1,2
vr_031548,8,5,1,2
vr_031939,8,3,1,2
vr_032523,8,5,1,2
vr_036916,8,5,1,2
gnr_000654,7,5,1,2
hrb_008297,7,4,1,2
hrb_038393,7,4,1,2
hrb_054296,7,2,1,2
hrb_083094,7,4,1,2
hrb_089951,7,3,1,2
hrb_103981,7,4,1,2
hrb_162403,7,4,1,2
hrb_166924,7,2,1,2
hrb_174432,7,3,1,2
hrb_176610,7,4,1,2
hrb_180944,7,3,1,2
hrb_182371,7,4,1,2
hrb_183942,7,3,1,2
hrb_184501,7,5,1,2
hrb_185882,7,4,1,2
hrb_197388,7,4,1,2
hrb_209721,7,1,1,2
hrb_213636,7,4,1,2
hrb_222002,7,3,1,2
hrb_228845,7,4,1,2
hrb_229426,7,3,1,2
hrb_246322,7,3,1,2
nr_100032,7,4,1,2
nr_100090,7,1,1,2
nr_100158,7,5,1,2
spr_100074,7,5,1,2
vr_000657,7,5,1,2
vr_007056,7,3,1,2
vr_007591,7,5,1,2
vr_010802,7,4,1,2
vr_011680,7,4,1,2
vr_012844,7,5,1,2
vr_013946,7,4,1,2
vr_015008,7,5,1,2
vr_015143,7,5,1,2
vr_018172,7,5,1,2
vr_024274,7,5,1,2
vr_024691,7,5,1,2
vr_025432,7,2,1,2
vr_026202,7,4,1,2
vr_026356,7,5,1,2
vr_027596,7,5,1,2
vr_027678,7,5,1,2
vr_028994,7,4,1,2
vr_030758,7,5,1,2
vr_031324,7,4,1,2
vr_031374,7,5,1,2
vr_032453,7,4,1,2
vr_033131,7,5,1,2
vr_034523,7,5,1,2
vr_036575,7,4,1,2
vr_036723,7,5,1,2
vr_037778,7,5,1,2
hrb_025033,6,4,1,2
hrb_075987,6,5,1,2
hrb_093879,6,4,1,2
hrb_103574,6,5,1,2
hrb_115173,6,3,1,2
hrb_123473,6,3,1,2
hrb_132344,6,5,1,2
hrb_141259,6,4,1,2
hrb_143160,6,4,1,2
hrb_146099,6,3,1,2
hrb_147810,6,5,1,2
hrb_148307,6,2,1,2
hrb_153803,6,5,1,2
hrb_159571,6,3,1,2
hrb_175021,6,2,1,2
hrb_178139,6,3,1,2
hrb_181980,6,2,1,2
hrb_184989,6,3,1,2
hrb_185161,6,5,1,2
hrb_187497,6,4,1,2
hrb_190561,6,4,1,2
hrb_200660,6,3,1,2
hrb_201463,6,3,1,2
hrb_203254,6,3,1,2
hrb_207489,6,3,1,2
hrb_209853,6,4,1,2
hrb_221095,6,2,1,2
hrb_222694,6,1,1,2
hrb_233151,6,4,1,2
hrb_233893,6,2,1,2
hrb_239665,6,2,1,2
hrb_245462,6,2,1,2
nr_100243,6,5,1,2
nr_100885,6,3,1,2
vr_001241,6,5,1,2
vr_001249,6,5,1,2
vr_002302,6,5,1,2
vr_002917,6,5,1,2
vr_007376,6,4,1,2
vr_008903,6,5,1,2
vr_009333,6,5,1,2
vr_011001,6,5,1,2
vr_011226,6,5,1,2
vr_011548,6,4,1,2
vr_012199,6,5,1,2
vr_013718,6,5,1,2
vr_013960,6,5,1,2
vr_018866,6,5,1,2
vr_019257,6,5,1,2
vr_019400,6,4,1,2
vr_020785,6,5,1,2
vr_021217,6,5,1,2
vr_021269,6,3,1,2
vr_021444,6,5,1,2
vr_025480,6,4,1,2
vr_026854,6,5,1,2
vr_027689,6,5,1,2
vr_028654,6,5,1,2
vr_032307,6,5,1,2
vr_036830,6,3,1,2
vr_037089,6,3,1,2
vr_037538,6,3,1,2
vr_037975,6,4,1,2
vr_040037,6,2,1,2
hra_057812,5,2,1,2
hrb_037586,5,3,1,2
hrb_072244,5,4,1,2
hrb_080155,5,1,1,2
hrb_092421,5,5,1,2
hrb_094386,5,2,1,2
hrb_094473,5,4,1,2
hrb_116768,5,5,1,2
hrb_123769,5,4,1,2
hrb_133287,5,4,1,2
hrb_146924,5,2,1,2
hrb_151539,5,4,1,2
hrb_152818,5,2,1,2
hrb_157023,5,3,1,2
hrb_162734,5,4,1,2
hrb_169897,5,4,1,2
hrb_179228,5,2,1,2
hrb_179554,5,3,1,2
hrb_179650,5,3,1,2
hrb_189546,5,4,1,2
hrb_194319,5,3,1,2
hrb_194528,5,3,1,2
hrb_194727,5,3,1,2
hrb_198099,5,2,1,2
hrb_200344,5,1,1,2
hrb_200432,5,3,1,2
hrb_202896,5,2,1,2
hrb_204965,5,1,1,2
hrb_205378,5,2,1,2
hrb_207464,5,3,1,2
hrb_208013,5,1,1,2
hrb_211823,5,5,1,2
hrb_213078,5,2,1,2
hrb_213348,5,2,1,2
hrb_214020,5,5,1,2
hrb_215163,5,4,1,2
hrb_216411,5,4,1,2
hrb_218619,5,3,1,2
hrb_220753,5,2,1,2
hrb_221192,5,3,1,2
hrb_225620,5,2,1,2
hrb_233947,5,3,1,2
hrb_236781,5,2,1,2
hrb_237964,5,2,1,2
hrb_242342,5,3,1,2
hrb_242808,5,3,1,2
hrb_246024,5,2,1,2
hrb_246314,5,2,1,2
kör_100016,5,5,1,2
kör_100236,5,3,1,2
nr_100694,5,3,1,2
nr_100709,5,5,1,2
nr_100871,5,5,1,2
nr_100940,5,4,1,2
nr_101046,5,2,1,2
nr_101286,5,1,1,2
vr_000375,5,5,1,2
vr_000560,5,5,1,2
vr_000644,5,5,1,2
vr_000874,5,5,1,2
vr_001094,5,5,1,2
vr_001287,5,5,1,2
vr_001331,5,5,1,2
vr_001392,5,5,1,2
vr_001557,5,5,1,2
vr_002182,5,5,1,2
vr_002247,5,5,1,2
vr_002487,5,5,1,2
vr_002633,5,5,1,2
vr_002840,5,5,1,2
vr_002899,5,5,1,2
vr_002908,5,5,1,2
vr_003088,5,5,1,2
vr_003329,5,5,1,2
vr_003493,5,5,1,2
vr_003503,5,5,1,2
vr_003557,5,5,1,2
vr_003748,5,5,1,2
vr_003854,5,5,1,2
vr_004008,5,5,1,2
vr_004051,5,5,1,2
vr_004250,5,5,1,2
vr_005050,5,5,1,2
vr_005452,5,5,1,2
vr_005949,5,5,1,2
vr_006569,5,5,1,2
vr_007825,5,5,1,2
vr_008592,5,5,1,2
vr_009120,5,5,1,2
vr_009949,5,5,1,2
vr_010520,5,5,1,2
vr_010554,5,5,1,2
vr_010677,5,5,1,2
vr_010816,5,5,1,2
vr_010880,5,2,1,2
vr_011105,5,5,1,2
vr_011234,5,5,1,2
vr_011248,5,5,1,2
vr_011344,5,5,1,2
vr_011621,5,5,1,2
vr_011724,5,5,1,2
vr_011733,5,5,1,2
vr_011832,5,5,1,2
vr_012057,5,5,1,2
vr_012132,5,5,1,2
vr_012428,5,5,1,2
vr_012572,5,5,1,2
vr_012574,5,5,1,2
vr_012857,5,5,1,2
vr_014066,5,5,1,2
vr_014125,5,2,1,2
vr_015258,5,5,1,2
vr_016598,5,5,1,2
vr_016809,5,5,1,2
vr_017085,5,5,1,2
vr_017253,5,5,1,2
vr_017282,5,5,1,2
vr_017801,5,5,1,2
vr_018144,5,4,1,2
vr_018809,5,5,1,2
vr_019696,5,5,1,2
vr_020298,5,5,1,2
vr_020714,5,5,1,2
vr_022405,5,5,1,2
vr_023557,5,5,1,2
vr_023889,5,5,1,2
vr_023894,5,5,1,2
vr_023985,5,5,1,2
vr_025395,5,5,1,2
vr_028721,5,3,1,2
vr_030009,5,5,1,2
vr_030335,5,5,1,2
vr_030437,5,4,1,2
vr_030510,5,5,1,2
vr_030857,5,5,1,2
vr_033099,5,4,1,2
vr_033893,5,1,1,2
vr_034077,5,5,1,2
vr_034079,5,3,1,2
vr_034206,5,2,1,2
vr_034809,5,5,1,2
vr_035454,5,5,1,2
vr_037532,5,5,1,2
vr_039274,5,2,1,2
gnr_000150,4,2,1,2
hra_012964,4,4,1,2
hra_014212,4,3,1,2
hra_045329,4,3,1,2
hra_048919,4,2,1,2
hra_054761,4,2,1,2
hrb_010523,4,2,1,2
hrb_014762,4,2,1,2
hrb_020516,4,3,1,2
hrb_034953,4,3,1,2
hrb_040688,4,2,1,2
hrb_043187,4,3,1,2
hrb_054664,4,3,1,2
hrb_063983,4,2,1,2
hrb_070703,4,3,1,2
hrb_072393,4,4,1,2
hrb_074008,4,4,1,2
hrb_082365,4,2,1,2
hrb_083582,4,2,1,2
hrb_084981,4,2,1,2
hrb_095913,4,4,1,2
hrb_103417,4,3,1,2
hrb_110784,4,3,1,2
hrb_118469,4,3,1,2
hrb_120343,4,3,1,2
hrb_131325,4,3,1,2
hrb_132805,4,3,1,2
hrb_139776,4,3,1,2
hrb_139877,4,3,1,2
hrb_141273,4,3,1,2
hrb_144009,4,4,1,2
hrb_146760,4,4,1,2
hrb_147690,4,3,1,2
hrb_154180,4,3,1,2
hrb_154585,4,2,1,2
hrb_157256,4,1,1,2
hrb_161506,4,4,1,2
hrb_164136,4,3,1,2
hrb_165090,4,2,1,2
hrb_166652,4,3,1,2
hrb_167098,4,2,1,2
hrb_168084,4,3,1,2
hrb_170033,4,2,1,2
hrb_170487,4,4,1,2
hrb_170828,4,3,1,2
hrb_171810,4,3,1,2
hrb_173312,4,2,1,2
hrb_174552,4,3,1,2
hrb_181119,4,3,1,2
hrb_182798,4,3,1,2
hrb_183103,4,2,1,2
hrb_187277,4,2,1,2
hrb_187494,4,2,1,2
hrb_187894,4,2,1,2
hrb_187943,4,2,1,2
hrb_191013,4,2,1,2
hrb_193780,4,2,1,2
hrb_195439,4,3,1,2
hrb_196207,4,3,1,2
hrb_197128,4,2,1,2
hrb_198350,4,1,1,2
hrb_198538,4,3,1,2
hrb_199800,4,3,1,2
hrb_200509,4,3,1,2
hrb_202387,4,2,1,2
hrb_202879,4,2,1,2
hrb_204102,4,3,1,2
hrb_205031,4,3,1,2
hrb_205737,4,3,1,2
hrb_205931,4,3,1,2
hrb_207713,4,2,1,2
hrb_209535,4,4,1,2
hrb_210871,4,3,1,2
hrb_212321,4,2,1,2
hrb_214027,4,3,1,2
hrb_215137,4,3,1,2
hrb_216122,4,4,1,2
hrb_218133,4,3,1,2
hrb_220372,4,2,1,2
hrb_220480,4,3,1,2
hrb_220689,4,1,1,2
hrb_221997,4,3,1,2
hrb_228648,4,3,1,2
hrb_229127,4,2,1,2
hrb_233294,4,2,1,2
hrb_234678,4,2,1,2
hrb_236251,4,2,1,2
hrb_238394,4,2,1,2
hrb_242238,4,3,1,2
hrb_245183,4,2,1,2
hrb_246246,4,1,1,2
hrb_247599,4,2,1,2
hrb_249809,4,2,1,2
hrb_250307,4,1,1,2
kör_100224,4,3,1,2
kör_100260,4,1,1,2
kör_100265,4,3,1,2
nr_100001,4,4,1,2
nr_100872,4,4,1,2
nr_100946,4,2,1,2
nr_100960,4,1,1,2
spr_100068,4,4,1,2
vr_000372,4,4,1,2
vr_001221,4,3,1,2
vr_002214,4,4,1,2
vr_002389,4,4,1,2
vr_003052,4,4,1,2
vr_004155,4,4,1,2
vr_004192,4,4,1,2
vr_005548,4,4,1,2
vr_007405,4,4,1,2
vr_007628,4,2,1,2
vr_010637,4,3,1,2
vr_011264,4,4,1,2
vr_011924,4,4,1,2
vr_011933,4,2,1,2
vr_012578,4,4,1,2
vr_013725,4,4,1,2
vr_014236,4,4,1,2
vr_014457,4,4,1,2
vr_017250,4,4,1,2
vr_024145,4,3,1,2
vr_025364,4,4,1,2
vr_026528,4,4,1,2
vr_026582,4,4,1,2
vr_026903,4,4,1,2
vr_028567,4,4,1,2
vr_031071,4,3,1,2
vr_031996,4,3,1,2
vr_032280,4,4,1,2
vr_032330,4,4,1,2
vr_033434,4,4,1,2
vr_034180,4,2,1,2
vr_034773,4,3,1,2
vr_034891,4,3,1,2
vr_035702,4,4,1,2
vr_035765,4,3,1,2
vr_035938,4,4,1,2
vr_036090,4,3,1,2
vr_036259,4,4,1,2
vr_036261,4,4,1,2
vr_036995,4,3,1,2
vr_037590,4,2,1,2
vr_038518,4,3,1,2
vr_039272,4,4,1,2
hra_013697,3,1,1,2
hra_045870,3,2,1,2
hrb_013892,3,3,1,2
hrb_026527,3,2,1,2
hrb_038061,3,3,1,2
hrb_041135,3,2,1,2
hrb_043268,3,3,1,2
hrb_043686,3,3,1,2
hrb_045531,3,2,1,2
hrb_047424,3,3,1,2
hrb_048507,3,2,1,2
hrb_060457,3,2,1,2
hrb_061450,3,3,1,2
hrb_065940,3,2,1,2
hrb_066954,3,3,1,2
hrb_080732,3,2,1,2
hrb_083319,3,2,1,2
hrb_097535,3,2,1,2
hrb_098725,3,3,1,2
hrb_105245,3,3,1,2
hrb_112450,3,3,1,2
hrb_112937,3,3,1,2
hrb_113023,3,3,1,2
hrb_116775,3,3,1,2
hrb_122260,3,2,1,2
hrb_128190,3,3,1,2
hrb_136908,3,2,1,2
hrb_137440,3,3,1,2
hrb_140824,3,3,1,2
hrb_144318,3,2,1,2
hrb_148738,3,2,1,2
hrb_153882,3,2,1,2
hrb_156995,3,2,1,2
hrb_158847,3,2,1,2
hrb_159838,3,2,1,2
hrb_162716,3,2,1,2
hrb_166753,3,1,1,2
hrb_167142,3,2,1,2
hrb_169790,3,3,1,2
hrb_169977,3,2,1,2
hrb_171656,3,2,1,2
hrb_173617,3,2,1,2
hrb_174076,3,3,1,2
hrb_174208,3,3,1,2
hrb_177341,3,3,1,2
hrb_178443,3,2,1,2
hrb_179568,3,2,1,2
hrb_180723,3,1,1,2
hrb_182004,3,2,1,2
hrb_182667,3,3,1,2
hrb_185242,3,2,1,2
hrb_187925,3,2,1,2
hrb_188868,3,2,1,2
hrb_192722,3,1,1,2
hrb_193268,3,2,1,2
hrb_193978,3,2,1,2
hrb_195410,3,3,1,2
hrb_195411,3,3,1,2
hrb_197096,3,2,1,2
hrb_198275,3,2,1,2
hrb_199140,3,1,1,2
hrb_200053,3,3,1,2
hrb_200397,3,2,1,2
hrb_200829,3,3,1,2
hrb_202064,3,3,1,2
hrb_202240,3,3,1,2
hrb_204513,3,2,1,2
hrb_204744,3,2,1,2
hrb_205007,3,3,1,2
hrb_206244,3,3,1,2
hrb_208865,3,3,1,2
hrb_209288,3,2,1,2
hrb_210899,3,2,1,2
hrb_211254,3,2,1,2
hrb_211477,3,3,1,2
hrb_211553,3,2,1,2
hrb_213121,3,3,1,2
hrb_213210,3,3,1,2
hrb_213234,3,3,1,2
hrb_213345,3,3,1,2
hrb_213567,3,3,1,2
hrb_214371,3,2,1,2
hrb_214634,3,1,1,2
hrb_214659,3,2,1,2
hrb_215747,3,3,1,2
hrb_216797,3,1,1,2
hrb_218080,3,3,1,2
hrb_218206,3,2,1,2
hrb_219479,3,2,1,2
hrb_220502,3,2,1,2
hrb_221809,3,2,1,2
hrb_222108,3,2,1,2
hrb_226632,3,2,1,2
hrb_228165,3,3,1,2
hrb_232424,3,2,1,2
hrb_232521,3,1,1,2
hrb_234469,3,2,1,2
hrb_236233,3,1,1,2
hrb_236252,3,1,1,2
hrb_237497,3,2,1,2
hrb_237869,3,3,1,2
hrb_238149,3,2,1,2
hrb_239591,3,1,1,2
hrb_246586,3,2,1,2
hrb_252704,3,2,1,2
hrb_254736,3,1,1,2
kör_100048,3,1,1,2
kör_100107,3,3,1,2
kör_100154,3,3,1,2
kör_100201,3,3,1,2
kör_100233,3,3,1,2
kör_100262,3,3,1,2
kör_100287,3,2,1,2
kör_100310,3,1,1,2
nr_100271,3,3,1,2
nr_100349,3,3,1,2
nr_100657,3,2,1,2
nr_101157,3,3,1,2
nr_101247,3,3,1,2
nr_101297,3,3,1,2
spr_100055,3,3,1,2
vr_002036,3,3,1,2
vr_004140,3,3,1,2
vr_004310,3,3,1,2
vr_006187,3,3,1,2
vr_006748,3,2,1,2
vr_007903,3,3,1,2
vr_009694,3,2,1,2
vr_011895,3,2,1,2
vr_012392,3,3,1,2
vr_012749,3,3,1,2
vr_018182,3,3,1,2
vr_023990,3,3,1,2
vr_025453,3,3,1,2
vr_025759,3,3,1,2
vr_026729,3,2,1,2
vr_028362,3,3,1,2
vr_028593,3,2,1,2
vr_029910,3,3,1,2
vr_029920,3,3,1,2
vr_030141,3,3,1,2
vr_030176,3,3,1,2
vr_030670,3,2,1,2
vr_031066,3,3,1,2
vr_031736,3,3,1,2
vr_031824,3,3,1,2
vr_032740,3,3,1,2
vr_032896,3,3,1,2
vr_033453,3,1,1,2
vr_033810,3,3,1,2
vr_033962,3,3,1,2
vr_034343,3,3,1,2
vr_034754,3,3,1,2
vr_036336,3,3,1,2
vr_036753,3,3,1,2
vr_036835,3,2,1,2
vr_036872,3,3,1,2
vr_036931,3,3,1,2
vr_037100,3,2,1,2
vr_037829,3,3,1,2
vr_038280,3,2,1,2
vr_038379,3,3,1,2
vr_038654,3,3,1,2
vr_038797,3,2,1,2
vr_039170,3,3,1,2
vr_039304,3,2,1,2
vr_040797,3,2,1,2
gnr_000434,2,2,1,2
gnr_000981,2,1,1,2
hra_042524,2,2,1,2
hra_044093,2,2,1,2
hra_047902,2,2,1,2
hra_050203,2,2,1,2
hrb_005705,2,2,1,2
hrb_007119,2,2,1,2
hrb_016291,2,2,1,2
hrb_020965,2,2,1,2
hrb_030170,2,2,1,2
hrb_030845,2,2,1,2
hrb_048597,2,2,1,2
hrb_048953,2,2,1,2
hrb_048997,2,1,1,2
hrb_057782,2,2,1,2
hrb_062425,2,2,1,2
hrb_065098,2,1,1,2
hrb_066141,2,2,1,2
hrb_066864,2,2,1,2
hrb_068232,2,2,1,2
hrb_068738,2,2,1,2
hrb_071528,2,2,1,2
hrb_072563,2,2,1,2
hrb_072586,2,2,1,2
hrb_073800,2,2,1,2
hrb_075140,2,2,1,2
hrb_075840,2,1,1,2
hrb_076305,2,2,1,2
hrb_076621,2,2,1,2
hrb_079254,2,2,1,2
hrb_080143,2,2,1,2
hrb_080561,2,2,1,2
hrb_084511,2,1,1,2
hrb_087491,2,1,1,2
hrb_087766,2,2,1,2
hrb_088737,2,1,1,2
hrb_092795,2,1,1,2
hrb_092865,2,2,1,2
hrb_093184,2,1,1,2
hrb_096697,2,2,1,2
hrb_099956,2,1,1,2
hrb_100307,2,2,1,2
hrb_104795,2,2,1,2
hrb_107247,2,2,1,2
hrb_107598,2,2,1,2
hrb_109240,2,1,1,2
hrb_111533,2,2,1,2
hrb_114805,2,2,1,2
hrb_115111,2,2,1,2
hrb_115418,2,2,1,2
hrb_115918,2,2,1,2
hrb_116227,2,2,1,2
hrb_116996,2,2,1,2
hrb_119684,2,1,1,2
hrb_122091,2,2,1,2
hrb_123419,2,1,1,2
hrb_125756,2,2,1,2
hrb_129475,2,2,1,2
hrb_132811,2,2,1,2
hrb_133461,2,2,1,2
hrb_134539,2,2,1,2
hrb_134574,2,2,1,2
hrb_139349,2,2,1,2
hrb_140163,2,1,1,2
hrb_140747,2,1,1,2
hrb_141366,2,1,1,2
hrb_143441,2,1,1,2
hrb_143516,2,2,1,2
hrb_146263,2,1,1,2
hrb_146784,2,2,1,2
hrb_147058,2,2,1,2
hrb_150102,2,2,1,2
hrb_153069,2,2,1,2
hrb_154358,2,2,1,2
hrb_154532,2,2,1,2
hrb_155462,2,2,1,2
hrb_156188,2,2,1,2
hrb_160890,2,2,1,2
hrb_161725,2,2,1,2
hrb_163320,2,2,1,2
hrb_163797,2,2,1,2
hrb_164625,2,2,1,2
hrb_164806,2,2,1,2
hrb_165484,2,1,1,2
hrb_165542,2,2,1,2
hrb_165872,2,2,1,2
hrb_167962,2,2,1,2
hrb_168490,2,1,1,2
hrb_169967,2,2,1,2
hrb_170726,2,2,1,2
hrb_170851,2,2,1,2
hrb_171039,2,2,1,2
hrb_171061,2,1,1,2
hrb_171587,2,2,1,2
hrb_172837,2,1,1,2
hrb_173336,2,1,1,2
hrb_173892,2,2,1,2
hrb_173972,2,2,1,2
hrb_176728,2,2,1,2
hrb_177036,2,1,1,2
hrb_179224,2,1,1,2
hrb_183974,2,2,1,2
hrb_184067,2,2,1,2
hrb_184583,2,2,1,2
hrb_184732,2,2,1,2
hrb_185944,2,2,1,2
hrb_186846,2,2,1,2
hrb_186931,2,2,1,2
hrb_187859,2,2,1,2
hrb_188319,2,1,1,2
hrb_190644,2,2,1,2
hrb_192566,2,2,1,2
hrb_192796,2,2,1,2
hrb_194525,2,2,1,2
hrb_194662,2,1,1,2
hrb_195887,2,2,1,2
hrb_196333,2,2,1,2
hrb_197021,2,1,1,2
hrb_197374,2,2,1,2
hrb_197836,2,1,1,2
hrb_198159,2,1,1,2
hrb_198611,2,2,1,2
hrb_199010,2,2,1,2
hrb_199050,2,2,1,2
hrb_200064,2,2,1,2
hrb_200658,2,2,1,2
hrb_201440,2,1,1,2
hrb_202099,2,2,1,2
hrb_203479,2,2,1,2
hrb_203584,2,2,1,2
hrb_204308,2,2,1,2
hrb_205758,2,1,1,2
hrb_206120,2,2,1,2
hrb_206188,2,2,1,2
hrb_207634,2,2,1,2
hrb_207747,2,2,1,2
hrb_208309,2,2,1,2
hrb_208647,2,2,1,2
hrb_208650,2,1,1,2
hrb_208790,2,2,1,2
hrb_209101,2,2,1,2
hrb_209939,2,2,1,2
hrb_210395,2,1,1,2
hrb_210787,2,2,1,2
hrb_210880,2,2,1,2
hrb_211301,2,2,1,2
hrb_211885,2,1,1,2
hrb_212521,2,1,1,2
hrb_212921,2,2,1,2
hrb_213850,2,2,1,2
hrb_214162,2,1,1,2
hrb_215260,2,2,1,2
hrb_216161,2,1,1,2
hrb_217194,2,2,1,2
hrb_217314,2,1,1,2
hrb_217540,2,2,1,2
hrb_217746,2,2,1,2
hrb_218283,2,1,1,2
hrb_218377,2,2,1,2
hrb_218469,2,1,1,2
hrb_219283,2,2,1,2
hrb_220672,2,2,1,2
hrb_221730,2,2,1,2
hrb_222584,2,2,1,2
hrb_224987,2,2,1,2
hrb_225527,2,2,1,2
hrb_225656,2,2,1,2
hrb_226358,2,2,1,2
hrb_226680,2,2,1,2
hrb_226728,2,1,1,2
hrb_226906,2,2,1,2
hrb_227626,2,1,1,2
hrb_227654,2,2,1,2
hrb_228240,2,2,1,2
hrb_229269,2,2,1,2
hrb_230680,2,2,1,2
hrb_232416,2,2,1,2
hrb_233201,2,2,1,2
hrb_233288,2,2,1,2
hrb_233761,2,2,1,2
hrb_234050,2,1,1,2
hrb_234260,2,1,1,2
hrb_234313,2,1,1,2
hrb_235177,2,2,1,2
hrb_235674,2,2,1,2
hrb_236773,2,1,1,2
hrb_237740,2,2,1,2
hrb_238112,2,2,1,2
hrb_238328,2,2,1,2
hrb_238576,2,2,1,2
hrb_240090,2,2,1,2
hrb_240318,2,1,1,2
hrb_242078,2,2,1,2
hrb_242524,2,1,1,2
hrb_242758,2,1,1,2
hrb_243191,2,2,1,2
hrb_243260,2,2,1,2
hrb_247600,2,2,1,2
hrb_248729,2,1,1,2
hrb_248749,2,2,1,2
hrb_249285,2,2,1,2
hrb_250093,2,2,1,2
hrb_251308,2,1,1,2
hrb_251890,2,2,1,2
hrb_252552,2,2,1,2
hrb_254218,2,1,1,2
hrb_255146,2,1,1,2
hrb_255572,2,1,1,2
hrb_263944,2,1,1,2
kör_100278,2,2,1,2
nr_100278,2,2,1,2
nr_100805,2,2,1,2
nr_100816,2,2,1,2
nr_100923,2,1,1,2
nr_100930,2,2,1,2
nr_100964,2,1,1,2
nr_100969,2,1,1,2
nr_101023,2,2,1,2
nr_101083,2,2,1,2
nr_101236,2,2,1,2
spr_100108,2,2,1,2
spr_100156,2,2,1,2
vr_003332,2,2,1,2
vr_004752,2,2,1,2
vr_005027,2,2,1,2
vr_005581,2,2,1,2
vr_005600,2,2,1,2
vr_008225,2,2,1,2
vr_009226,2,2,1,2
vr_010047,2,2,1,2
vr_011017,2,2,1,2
vr_011232,2,2,1,2
vr_011489,2,2,1,2
vr_011503,2,2,1,2
vr_011782,2,1,1,2
vr_011864,2,2,1,2
vr_013185,2,2,1,2
vr_013407,2,2,1,2
vr_013777,2,2,1,2
vr_013906,2,2,1,2
vr_014886,2,2,1,2
vr_015154,2,2,1,2
vr_016258,2,2,1,2
vr_016262,2,2,1,2
vr_016751,2,2,1,2
vr_018426,2,2,1,2
vr_018658,2,2,1,2
vr_020322,2,2,1,2
vr_020780,2,2,1,2
vr_020801,2,2,1,2
vr_021393,2,2,1,2
vr_023424,2,2,1,2
vr_023979,2,2,1,2
vr_025064,2,2,1,2
vr_026390,2,1,1,2
vr_026393,2,2,1,2
vr_026587,2,2,1,2
vr_027009,2,2,1,2
vr_027195,2,2,1,2
vr_027330,2,2,1,2
vr_027542,2,1,1,2
vr_027978,2,2,1,2
vr_029214,2,2,1,2
vr_029691,2,2,1,2
vr_030094,2,2,1,2
vr_030096,2,2,1,2
vr_030233,2,2,1,2
vr_032695,2,2,1,2
vr_033200,2,2,1,2
vr_034795,2,2,1,2
vr_035175,2,2,1,2
vr_035192,2,1,1,2
vr_035279,2,2,1,2
vr_035339,2,2,1,2
vr_037072,2,2,1,2
vr_037203,2,2,1,2
vr_037578,2,2,1,2
vr_037753,2,2,1,2
vr_038448,2,1,1,2
vr_038608,2,2,1,2
vr_038874,2,2,1,2
vr_038990,2,2,1,2
vr_039292,2,2,1,2
vr_039561,2,2,1,2
vr_040057,2,2,1,2
vr_040762,2,1,1,2
vr_004960,12,3,8,1
vr_010473,94,5,6,1
vr_000672,38,5,6,1
vr_007256,29,5,6,1
hrb_075266,19,5,6,1
hrb_196480,19,5,6,1
hrb_095332,13,5,6,1
vr_005272,13,5,6,1
vr_000114,9,5,6,1
hrb_163829,65,5,5,1
vr_015293,36,5,5,1
vr_030466,31,5,5,1
kör_100032,16,5,5,1
vr_008840,15,5,5,1
hrb_151281,13,5,5,1
hrb_193440,8,4,5,1
vr_038941,8,4,5,1
hrb_125031,7,4,5,1
vr_006896,6,4,5,1
vr_009638,138,5,4,1
vr_010723,121,5,4,1
hrb_093552,97,5,4,1
hrb_129609,65,5,4,1
eb_100005,49,5,4,1
hrb_096921,47,5,4,1
vr_014829,41,5,4,1
hrb_057589,38,5,4,1
vr_000268,33,5,4,1
vr_000681,30,5,4,1
spr_100001,21,5,4,1
hrb_165063,18,4,4,1
vr_000658,17,5,4,1
kör_100004,16,5,4,1
vr_001272,16,5,4,1
hrb_080551,14,5,4,1
vr_016839,14,5,4,1
vr_032069,14,5,4,1
aör_100003,13,3,4,1
vr_005966,11,4,4,1
vr_010956,11,5,4,1
hrb_018604,10,5,4,1
vr_008179,10,5,4,1
gnr_000769,8,4,4,1
vr_005711,8,5,4,1
vr_022571,8,4,4,1
vr_025781,8,5,4,1
vr_030413,8,4,4,1
vr_001174,7,5,4,1
vr_006359,7,5,4,1
vr_034881,7,5,4,1
vr_017780,6,5,4,1
hrb_166142,5,5,4,1
vr_030045,5,5,4,1
hra_031152,736,5,3,1
hrb_088318,339,5,3,1
eb_100003,105,5,3,1
hrb_094431,99,5,3,1
vr_014748,93,5,3,1
hrb_189339,54,5,3,1
vr_015324,49,5,3,1
vr_008583,48,5,3,1
vr_012105,43,5,3,1
vr_026967,33,5,3,1
vr_012426,32,4,3,1
vr_005622,30,5,3,1
vr_022247,27,5,3,1
hrb_095285,25,5,3,1
vr_002277,25,5,3,1
vr_008124,25,5,3,1
vr_012081,25,5,3,1
vr_022466,24,5,3,1
hrb_004303,23,5,3,1
vr_012168,23,5,3,1
spr_100011,22,5,3,1
vr_003954,22,5,3,1
vr_012415,21,5,3,1
gnr_000436,20,5,3,1
kör_100180,20,5,3,1
vr_001946,20,5,3,1
vr_033739,20,5,3,1
hrb_042779,19,4,3,1
vr_001624,19,5,3,1
vr_006271,19,5,3,1
hrb_164223,17,5,3,1
vr_003673,17,5,3,1
vr_011551,17,5,3,1
hrb_068041,16,5,3,1
hrb_247575,16,3,3,1
hra_033292,15,5,3,1
hrb_152223,15,5,3,1
vr_001438,15,4,3,1
vr_001891,15,5,3,1
vr_003228,15,5,3,1
vr_009732,15,5,3,1
vr_011406,15,5,3,1
vr_027817,15,5,3,1
hrb_077945,14,3,3,1
vr_019574,14,5,3,1
hrb_015827,13,5,3,1
hrb_054705,13,5,3,1
vr_007126,13,4,3,1
vr_012829,13,5,3,1
vr_001043,12,5,3,1
vr_010566,12,5,3,1
vr_012642,12,5,3,1
hrb_155597,11,5,3,1
kör_100064,11,5,3,1
vr_000631,11,5,3,1
vr_004288,11,5,3,1
vr_010115,11,5,3,1
vr_022834,11,4,3,1
gnr_000883,10,4,3,1
hrb_004058,10,5,3,1
vr_001957,10,5,3,1
vr_006889,10,5,3,1
vr_012256,10,5,3,1
gnr_000599,9,5,3,1
hrb_162940,9,4,3,1
vr_001686,9,5,3,1
vr_003323,9,5,3,1
vr_011984,9,5,3,1
gnr_000139,8,5,3,1
hrb_115058,8,3,3,1
hrb_177236,8,5,3,1
hrb_208091,8,4,3,1
kör_100194,8,5,3,1
vr_000123,8,4,3,1
vr_011246,8,4,3,1
vr_015119,8,5,3,1
vr_034767,8,5,3,1
vr_039545,8,3,3,1
hrb_159910,7,4,3,1
vr_004350,7,5,3,1
vr_008669,7,4,3,1
vr_033347,7,4,3,1
kör_100113,6,3,3,1
vr_000226,6,5,3,1
vr_009535,6,4,3,1
vr_030175,6,5,3,1
vr_032429,6,4,3,1
vr_036556,6,5,3,1
vr_036826,6,5,3,1
vr_039870,6,2,3,1
hrb_177205,5,4,3,1
vr_004362,5,5,3,1
vr_005043,5,5,3,1
vr_005060,5,5,3,1
vr_012165,5,5,3,1
vr_016108,5,5,3,1
vr_016724,5,5,3,1
vr_020817,5,5,3,1
vr_026119,5,5,3,1
hrb_087005,4,4,3,1
hrb_092333,4,2,3,1
hrb_232229,4,3,3,1
spr_100091,4,3,3,1
vr_002548,4,4,3,1
vr_007140,4,3,3,1
vr_009473,4,4,3,1
vr_027637,4,3,3,1
vr_039804,4,2,3,1
hrb_114366,3,3,3,1
hrb_180544,3,3,3,1
hrb_208393,3,3,3,1
nr_101202,3,3,3,1
vr_003782,3,3,3,1
vr_005566,3,3,3,1
vr_012347,3,3,3,1
vr_020553,3,3,3,1
vr_024749,3,2,3,1
vr_028740,3,3,3,1
vr_036763,3,3,3,1
vr_011198,174,5,2,1
hrb_147324,168,4,2,1
hrb_124484,156,5,2,1
hrb_042239,101,5,2,1
hrb_013072,95,5,2,1
hrb_048945,82,5,2,1
hrb_079785,77,5,2,1
hrb_045545,71,5,2,1
hrb_052991,54,5,2,1
vr_010621,41,5,2,1
hrb_070014,38,5,2,1
vr_008240,38,5,2,1
hrb_027560,37,5,2,1
sör_100008,37,5,2,1
spr_100006,36,5,2,1
vr_001024,33,5,2,1
vr_020635,33,5,2,1
vr_013375,31,5,2,1
vr_000351,30,5,2,1
hrb_115008,29,4,2,1
spr_100038,28,5,2,1
vr_035290,28,5,2,1
hrb_097268,27,5,2,1
vr_010579,27,5,2,1
hrb_037768,25,5,2,1
vr_000502,25,5,2,1
vr_010732,24,5,2,1
vr_031576,23,5,2,1
hrb_123474,22,5,2,1
vr_001310,22,3,2,1
vr_011338,22,5,2,1
hrb_054751,21,5,2,1
hrb_058123,21,5,2,1
hrb_246538,21,3,2,1
vr_005514,21,5,2,1
vr_007221,21,5,2,1
vr_010053,21,5,2,1
vr_010722,21,5,2,1
vr_011294,20,5,2,1
vr_011867,20,5,2,1
hrb_031008,19,5,2,1
vr_015395,19,5,2,1
hrb_057205,18,5,2,1
hrb_135305,18,5,2,1
vr_010430,18,5,2,1
vr_015386,18,5,2,1
vr_022567,18,5,2,1
vr_036149,18,5,2,1
hrb_019047,17,4,2,1
hrb_072571,17,5,2,1
hrb_158112,17,4,2,1
kör_100055,17,5,2,1
vr_011696,17,5,2,1
vr_031223,17,5,2,1
hrb_125578,16,5,2,1
hrb_137855,16,5,2,1
hrb_186478,16,4,2,1
vr_004180,16,5,2,1
vr_005010,16,5,2,1
vr_015189,16,4,2,1
hrb_073301,15,5,2,1
hrb_091996,15,2,2,1
hrb_152925,15,5,2,1
vr_000793,15,5,2,1
vr_002767,15,5,2,1
vr_007186,15,5,2,1
vr_011018,15,5,2,1
vr_011244,15,5,2,1
vr_021186,15,5,2,1
vr_028844,15,4,2,1
hrb_160319,14,5,2,1
nr_100046,14,5,2,1
nr_100108,14,5,2,1
spr_100017,14,5,2,1
vr_004689,14,5,2,1
vr_004803,14,5,2,1
vr_010927,14,5,2,1
vr_012611,14,5,2,1
vr_015788,14,5,2,1
vr_023977,14,5,2,1
hrb_066635,13,5,2,1
hrb_087890,13,3,2,1
hrb_124102,13,5,2,1
kör_100093,13,5,2,1
vr_000080,13,5,2,1
vr_010842,13,5,2,1
vr_011213,13,5,2,1
vr_012169,13,5,2,1
vr_024305,13,5,2,1
vr_026091,13,5,2,1
hrb_110096,12,3,2,1
hrb_118202,12,5,2,1
hrb_204212,12,4,2,1
vr_007335,12,5,2,1
vr_007391,12,4,2,1
vr_011543,12,5,2,1
vr_011771,12,5,2,1
vr_011809,12,5,2,1
vr_012258,12,5,2,1
vr_012526,12,5,2,1
vr_015630,12,5,2,1
vr_015701,12,5,2,1
vr_025255,12,5,2,1
vr_027514,12,5,2,1
vr_032210,12,5,2,1
hrb_005583,11,5,2,1
hrb_009954,11,3,2,1
hrb_089785,11,3,2,1
hrb_164296,11,5,2,1
hrb_195177,11,5,2,1
hrb_232117,11,3,2,1
vr_000136,11,5,2,1
vr_000147,11,5,2,1
vr_000252,11,5,2,1
vr_000758,11,5,2,1
vr_007381,11,5,2,1
vr_009482,11,5,2,1
vr_013457,11,5,2,1
vr_015462,11,5,2,1
vr_024013,11,3,2,1
vr_024044,11,5,2,1
hrb_125899,10,5,2,1
kör_100020,10,4,2,1
vr_000084,10,5,2,1
vr_001279,10,5,2,1
vr_003142,10,5,2,1
vr_003189,10,5,2,1
vr_003487,10,5,2,1
vr_003563,10,5,2,1
vr_010926,10,5,2,1
vr_011279,10,5,2,1
vr_011425,10,5,2,1
vr_011785,10,5,2,1
vr_014111,10,5,2,1
vr_018795,10,5,2,1
vr_019699,10,5,2,1
vr_022652,10,5,2,1
vr_028476,10,5,2,1
vr_029228,10,5,2,1
hrb_121178,9,3,2,1
hrb_136739,9,5,2,1
hrb_149909,9,3,2,1
kör_100081,9,5,2,1
spr_100019,9,5,2,1
vr_007176,9,5,2,1
vr_011518,9,5,2,1
vr_012083,9,3,2,1
vr_014392,9,5,2,1
vr_015028,9,4,2,1
vr_016691,9,5,2,1
vr_023283,9,5,2,1
vr_026682,9,5,2,1
vr_033508,9,5,2,1
hra_019596,8,2,2,1
hrb_031751,8,5,2,1
hrb_054527,8,5,2,1
hrb_090087,8,5,2,1
hrb_148292,8,5,2,1
hrb_167619,8,5,2,1
hrb_184932,8,3,2,1
hrb_185311,8,3,2,1
hrb_209914,8,3,2,1
hrb_213925,8,5,2,1
hrb_214034,8,2,2,1
hrb_217341,8,5,2,1
kör_100172,8,5,2,1
spr_100034,8,5,2,1
vr_001034,8,5,2,1
vr_002457,8,5,2,1
vr_004053,8,4,2,1
vr_007585,8,5,2,1
vr_009275,8,4,2,1
vr_009696,8,4,2,1
vr_011617,8,5,2,1
vr_011937,8,5,2,1
vr_012336,8,5,2,1
vr_013798,8,5,2,1
vr_014476,8,4,2,1
vr_016187,8,4,2,1
vr_019852,8,4,2,1
vr_021017,8,5,2,1
vr_022524,8,5,2,1
vr_022759,8,5,2,1
vr_025171,8,5,2,1
vr_026538,8,5,2,1
vr_027525,8,5,2,1
vr_033588,8,4,2,1
vr_034512,8,3,2,1
vr_037210,8,5,2,1
hrb_004600,7,4,2,1
hrb_078424,7,5,2,1
hrb_106058,7,5,2,1
hrb_181666,7,3,2,1
hrb_184227,7,5,2,1
nr_100560,7,5,2,1
nr_100912,7,4,2,1
spr_100028,7,4,2,1
vr_000893,7,5,2,1
vr_001722,7,5,2,1
vr_002807,7,4,2,1
vr_003892,7,5,2,1
vr_003917,7,5,2,1
vr_004776,7,5,2,1
vr_005242,7,5,2,1
vr_006020,7,4,2,1
vr_009610,7,5,2,1
vr_010922,7,4,2,1
vr_011315,7,5,2,1
vr_011328,7,5,2,1
vr_012819,7,5,2,1
vr_013844,7,4,2,1
vr_020135,7,5,2,1
vr_024796,7,4,2,1
vr_027158,7,4,2,1
vr_033134,7,5,2,1
vr_033992,7,5,2,1
vr_035428,7,5,2,1
vr_036671,7,5,2,1
hra_001773,6,3,2,1
hrb_050051,6,4,2,1
hrb_109783,6,4,2,1
hrb_135568,6,5,2,1
hrb_136018,6,5,2,1
hrb_149735,6,3,2,1
hrb_177199,6,4,2,1
hrb_191645,6,5,2,1
hrb_206157,6,4,2,1
hrb_208389,6,2,2,1
hrb_216754,6,2,2,1
hrb_225370,6,3,2,1
nr_100617,6,3,2,1
nr_100714,6,5,2,1
vr_000591,6,4,2,1
vr_001851,6,5,2,1
vr_004698,6,5,2,1
vr_005218,6,5,2,1
vr_005869,6,4,2,1
vr_006056,6,4,2,1
vr_006472,6,5,2,1
vr_007044,6,5,2,1
vr_009661,6,5,2,1
vr_010850,6,4,2,1
vr_011256,6,5,2,1
vr_011888,6,5,2,1
vr_012350,6,3,2,1
vr_013363,6,5,2,1
vr_013652,6,5,2,1
vr_015862,6,5,2,1
vr_016409,6,5,2,1
vr_019890,6,5,2,1
vr_023642,6,4,2,1
vr_024427,6,1,2,1
vr_027417,6,5,2,1
vr_028247,6,4,2,1
vr_028401,6,4,2,1
vr_031283,6,3,2,1
vr_031314,6,3,2,1
vr_031632,6,3,2,1
vr_037681,6,2,2,1
vr_037804,6,4,2,1
hrb_022177,5,4,2,1
hrb_039885,5,4,2,1
hrb_043259,5,2,2,1
hrb_058878,5,4,2,1
hrb_114959,5,5,2,1
hrb_121860,5,4,2,1
hrb_162556,5,5,2,1
hrb_174820,5,3,2,1
hrb_192991,5,2,2,1
hrb_198310,5,4,2,1
hrb_208278,5,3,2,1
hrb_231226,5,2,2,1
hrb_256887,5,1,2,1
kör_100087,5,3,2,1
nr_100010,5,3,2,1
nr_100877,5,5,2,1
nr_100897,5,5,2,1
nr_101025,5,3,2,1
vr_000763,5,5,2,1
vr_000924,5,5,2,1
vr_001453,5,5,2,1
vr_001538,5,5,2,1
vr_001540,5,5,2,1
vr_002662,5,5,2,1
vr_003540,5,5,2,1
vr_003628,5,4,2,1
vr_004189,5,3,2,1
vr_004584,5,5,2,1
vr_004668,5,5,2,1
vr_005692,5,5,2,1
vr_007806,5,5,2,1
vr_008150,5,5,2,1
vr_008680,5,5,2,1
vr_009675,5,4,2,1
vr_010906,5,5,2,1
vr_011005,5,4,2,1
vr_011377,5,5,2,1
vr_011563,5,5,2,1
vr_011659,5,5,2,1
vr_012209,5,5,2,1
vr_012432,5,5,2,1
vr_012551,5,5,2,1
vr_012644,5,5,2,1
vr_013044,5,5,2,1
vr_013202,5,5,2,1
vr_013875,5,5,2,1
vr_013974,5,5,2,1
vr_014067,5,5,2,1
vr_014149,5,3,2,1
vr_014460,5,5,2,1
vr_014522,5,3,2,1
vr_016563,5,3,2,1
vr_017626,5,5,2,1
vr_018613,5,2,2,1
vr_020836,5,5,2,1
vr_021403,5,5,2,1
vr_022199,5,5,2,1
vr_024399,5,4,2,1
vr_025785,5,5,2,1
vr_026710,5,3,2,1
vr_026739,5,5,2,1
vr_026761,5,5,2,1
vr_028291,5,5,2,1
vr_028611,5,4,2,1
vr_029528,5,4,2,1
vr_031897,5,3,2,1
vr_033511,5,4,2,1
vr_033533,5,5,2,1
vr_035947,5,3,2,1
gnr_000244,4,3,2,1
hrb_064627,4,3,2,1
hrb_097670,4,3,2,1
hrb_120392,4,3,2,1
hrb_147345,4,4,2,1
hrb_152638,4,3,2,1
hrb_153256,4,2,2,1
hrb_162950,4,3,2,1
hrb_193695,4,3,2,1
hrb_211332,4,4,2,1
hrb_222737,4,2,2,1
kör_100250,4,2,2,1
nr_100020,4,4,2,1
nr_100511,4,4,2,1
nr_100731,4,4,2,1
nr_100891,4,3,2,1
nr_101196,4,4,2,1
spr_100030,4,3,2,1
sör_100019,4,2,2,1
vr_000052,4,4,2,1
vr_000851,4,4,2,1
vr_000979,4,4,2,1
vr_004596,4,4,2,1
vr_010232,4,4,2,1
vr_010918,4,4,2,1
vr_011927,4,4,2,1
vr_011983,4,4,2,1
vr_012020,4,3,2,1
vr_012519,4,2,2,1
vr_014334,4,2,2,1
vr_019349,4,4,2,1
vr_019499,4,4,2,1
vr_024702,4,2,2,1
vr_025142,4,4,2,1
vr_025750,4,3,2,1
vr_028895,4,4,2,1
vr_032779,4,3,2,1
vr_032889,4,4,2,1
vr_034243,4,4,2,1
vr_036299,4,4,2,1
vr_036486,4,3,2,1
vr_036681,4,3,2,1
vr_038317,4,3,2,1
vr_038923,4,2,2,1
vr_039666,4,2,2,1
aör_100004,3,3,2,1
gnr_000206,3,3,2,1
hrb_042769,3,2,2,1
hrb_086506,3,3,2,1
hrb_095765,3,2,2,1
hrb_096924,3,3,2,1
hrb_125040,3,3,2,1
hrb_148406,3,2,2,1
hrb_150406,3,2,2,1
hrb_152308,3,3,2,1
hrb_164744,3,2,2,1
hrb_198121,3,2,2,1
hrb_211555,3,3,2,1
hrb_222434,3,2,2,1
hrb_223875,3,2,2,1
hrb_239213,3,3,2,1
kör_100030,3,3,2,1
kör_100066,3,2,2,1
kör_100160,3,3,2,1
kör_100247,3,2,2,1
nr_100293,3,3,2,1
nr_101217,3,2,2,1
nr_101224,3,3,2,1
vr_000069,3,2,2,1
vr_005534,3,2,2,1
vr_008649,3,2,2,1
vr_010490,3,3,2,1
vr_013689,3,3,2,1
vr_014907,3,3,2,1
vr_017348,3,3,2,1
vr_018479,3,2,2,1
vr_023450,3,2,2,1
vr_024956,3,2,2,1
vr_025242,3,1,2,1
vr_025738,3,2,2,1
vr_027568,3,3,2,1
vr_027690,3,3,2,1
vr_028661,3,2,2,1
vr_029110,3,2,2,1
vr_032159,3,3,2,1
vr_032661,3,3,2,1
vr_033048,3,3,2,1
vr_033114,3,3,2,1
vr_034087,3,3,2,1
vr_034161,3,3,2,1
vr_036176,3,2,2,1
vr_036890,3,2,2,1
vr_037253,3,3,2,1
vr_037340,3,3,2,1
vr_037929,3,2,2,1
vr_038168,3,2,2,1
vr_040244,3,2,2,1
gnr_000375,2,2,2,1
hra_048737,2,2,2,1
hrb_009899,2,1,2,1
hrb_014783,2,2,2,1
hrb_040604,2,2,2,1
hrb_060102,2,2,2,1
hrb_071471,2,2,2,1
hrb_083595,2,2,2,1
hrb_086498,2,1,2,1
hrb_114412,2,2,2,1
hrb_122935,2,2,2,1
hrb_131742,2,2,2,1
hrb_134421,2,2,2,1
hrb_136003,2,2,2,1
hrb_148750,2,1,2,1
hrb_159958,2,2,2,1
hrb_161327,2,2,2,1
hrb_163135,2,1,2,1
hrb_165471,2,2,2,1
hrb_165549,2,2,2,1
hrb_166692,2,2,2,1
hrb_171349,2,2,2,1
hrb_172180,2,2,2,1
hrb_174818,2,2,2,1
hrb_185940,2,2,2,1
hrb_191807,2,2,2,1
hrb_194974,2,2,2,1
hrb_200017,2,1,2,1
hrb_201371,2,1,2,1
hrb_206663,2,1,2,1
hrb_215951,2,2,2,1
hrb_216990,2,2,2,1
hrb_219063,2,2,2,1
hrb_220490,2,2,2,1
hrb_229464,2,2,2,1
hrb_235318,2,2,2,1
hrb_245593,2,2,2,1
hrb_252037,2,2,2,1
kör_100025,2,2,2,1
kör_100127,2,2,2,1
kör_100190,2,2,2,1
kör_100235,2,2,2,1
kör_100256,2,2,2,1
nr_100745,2,2,2,1
nr_100984,2,2,2,1
nr_101185,2,2,2,1
nr_101380,2,2,2,1
spr_100110,2,2,2,1
spr_100146,2,2,2,1
vr_000263,2,2,2,1
vr_001163,2,2,2,1
vr_001698,2,2,2,1
vr_003808,2,2,2,1
vr_004506,2,2,2,1
vr_004534,2,2,2,1
vr_006412,2,2,2,1
vr_008447,2,1,2,1
vr_009192,2,2,2,1
vr_009468,2,2,2,1
vr_010859,2,2,2,1
vr_011144,2,2,2,1
vr_012260,2,2,2,1
vr_012433,2,1,2,1
vr_012735,2,2,2,1
vr_015711,2,2,2,1
vr_015866,2,2,2,1
vr_017255,2,2,2,1
vr_018118,2,2,2,1
vr_019630,2,2,2,1
vr_019801,2,2,2,1
vr_020197,2,2,2,1
vr_020515,2,2,2,1
vr_020973,2,2,2,1
vr_023190,2,1,2,1
vr_023401,2,2,2,1
vr_026330,2,2,2,1
vr_026935,2,2,2,1
vr_027607,2,2,2,1
vr_029487,2,2,2,1
vr_030249,2,2,2,1
vr_030673,2,2,2,1
vr_030826,2,2,2,1
vr_032571,2,2,2,1
vr_034457,2,2,2,1
vr_036632,2,2,2,1
vr_036742,2,2,2,1
vr_036842,2,2,2,1
vr_036991,2,1,2,1
vr_037467,2,2,2,1
vr_037537,2,2,2,1
vr_039057,2,2,2,1
vr_039503,2,2,2,1
vr_039813,2,2,2,1
vr_039883,2,1,2,1
vr_040996,2,1,2,1
hrb_041003,82,5,1,1
vr_030645,81,5,1,1
vr_010372,69,5,1,1
vr_028337,69,5,1,1
vr_011745,67,5,1,1
vr_001712,58,5,1,1
hrb_188372,55,4,1,1
vr_009952,55,5,1,1
hrb_164449,50,5,1,1
hrb_025823,45,5,1,1
hrb_044109,45,5,1,1
hrb_251331,43,2,1,1
vr_008186,43,5,1,1
hrb_079002,40,5,1,1
vr_014499,39,5,1,1
vr_018363,39,5,1,1
hrb_082562,37,5,1,1
kör_100198,37,3,1,1
vr_000639,36,5,1,1
vr_034618,36,5,1,1
vr_014604,34,5,1,1
hrb_073025,33,5,1,1
kör_100090,33,5,1,1
vr_014325,33,5,1,1
vr_020638,33,5,1,1
hrb_080641,32,5,1,1
hrb_171550,32,5,1,1
vr_024041,32,5,1,1
vr_027576,32,3,1,1
vr_003975,31,5,1,1
vr_012933,31,5,1,1
hrb_098552,30,5,1,1
hrb_029878,29,5,1,1
vr_011053,29,5,1,1
vr_011553,29,5,1,1
vr_034370,29,5,1,1
hrb_077665,28,4,1,1
hrb_144362,28,3,1,1
hrb_148574,28,5,1,1
vr_001757,27,5,1,1
vr_012603,27,5,1,1
vr_000702,26,5,1,1
vr_002003,26,5,1,1
vr_005716,26,5,1,1
vr_010647,26,5,1,1
vr_016858,26,5,1,1
vr_011819,25,5,1,1
hrb_038500,24,4,1,1
vr_010829,24,5,1,1
vr_013018,24,5,1,1
hrb_026731,23,4,1,1
vr_000944,23,5,1,1
vr_010874,23,5,1,1
vr_011171,23,5,1,1
vr_011324,23,5,1,1
vr_012333,23,5,1,1
vr_014151,23,5,1,1
vr_016595,23,2,1,1
vr_019144,23,5,1,1
spr_100023,22,5,1,1
vr_004939,22,5,1,1
vr_007026,22,5,1,1
vr_009630,22,5,1,1
vr_010482,22,5,1,1
vr_015144,22,5,1,1
vr_019021,22,5,1,1
vr_027958,22,5,1,1
hrb_049494,21,5,1,1
hrb_136656,21,5,1,1
vr_005696,21,5,1,1
vr_034441,21,5,1,1
hrb_182121,20,5,1,1
vr_001108,20,5,1,1
vr_009076,20,5,1,1
vr_010929,20,5,1,1
vr_014169,20,5,1,1
hra_013246,19,5,1,1
hrb_181702,19,5,1,1
vr_001452,19,5,1,1
vr_012889,19,5,1,1
vr_025206,19,5,1,1
vr_036984,19,5,1,1
vr_019090,18,4,1,1
kör_100170,17,5,1,1
nr_100093,17,5,1,1
vr_001429,17,5,1,1
vr_004681,17,5,1,1
vr_008870,17,5,1,1
vr_026438,17,5,1,1
vr_028646,17,5,1,1
vr_029826,17,5,1,1
hrb_152369,16,3,1,1
vr_012793,16,5,1,1
vr_020536,16,1,1,1
vr_024638,16,4,1,1
vr_027268,16,5,1,1
vr_032955,16,5,1,1
hrb_214025,15,5,1,1
hrb_214172,15,5,1,1
vr_004398,15,5,1,1
vr_013028,15,5,1,1
vr_014045,15,5,1,1
vr_014492,15,5,1,1
vr_018619,15,4,1,1
vr_030348,15,5,1,1
hrb_139315,14,5,1,1
hrb_168817,14,5,1,1
hrb_173102,14,5,1,1
hrb_186414,14,5,1,1
nr_100224,14,3,1,1
vr_010937,14,5,1,1
vr_012593,14,5,1,1
vr_014839,14,5,1,1
vr_017635,14,3,1,1
vr_025571,14,5,1,1
vr_027735,14,5,1,1
vr_029417,14,5,1,1
vr_030347,14,5,1,1
vr_032214,14,5,1,1
vr_036626,14,5,1,1
hrb_016162,13,5,1,1
hrb_126768,13,5,1,1
vr_003090,13,5,1,1
vr_003351,13,5,1,1
vr_005518,13,5,1,1
vr_011110,13,5,1,1
vr_011307,13,5,1,1
vr_011432,13,5,1,1
vr_017906,13,5,1,1
vr_019120,13,5,1,1
vr_026168,13,5,1,1
vr_031945,13,5,1,1
vr_033982,13,4,1,1
hrb_050267,12,5,1,1
hrb_071425,12,5,1,1
hrb_101410,12,5,1,1
hrb_181379,12,4,1,1
hrb_231484,12,3,1,1
nr_100182,12,2,1,1
spr_100060,12,5,1,1
spr_100104,12,3,1,1
vr_001419,12,5,1,1
vr_002595,12,5,1,1
vr_004084,12,4,1,1
vr_004345,12,5,1,1
vr_005134,12,5,1,1
vr_007701,12,5,1,1
vr_008426,12,5,1,1
vr_009986,12,5,1,1
vr_015481,12,5,1,1
vr_017440,12,5,1,1
vr_020505,12,5,1,1
vr_025133,12,5,1,1
vr_025373,12,5,1,1
vr_026308,12,5,1,1
vr_033856,12,5,1,1
aör_100007,11,4,1,1
hrb_028083,11,5,1,1
hrb_043797,11,3,1,1
hrb_043922,11,4,1,1
hrb_063589,11,5,1,1
hrb_097457,11,5,1,1
hrb_105672,11,3,1,1
hrb_216537,11,5,1,1
hrb_217151,11,2,1,1
nr_100038,11,5,1,1
vr_003477,11,5,1,1
vr_006862,11,5,1,1
vr_007908,11,5,1,1
vr_008324,11,5,1,1
vr_009142,11,5,1,1
vr_010987,11,5,1,1
vr_011103,11,5,1,1
vr_014163,11,5,1,1
vr_023479,11,5,1,1
vr_027950,11,5,1,1
vr_030943,11,5,1,1
vr_031730,11,5,1,1
vr_033853,11,5,1,1
hrb_033240,10,4,1,1
hrb_058636,10,5,1,1
hrb_081219,10,4,1,1
hrb_087806,10,5,1,1
hrb_094346,10,2,1,1
hrb_096383,10,4,1,1
hrb_105640,10,3,1,1
hrb_107980,10,4,1,1
hrb_122897,10,4,1,1
hrb_124407,10,3,1,1
hrb_150604,10,5,1,1
hrb_153527,10,4,1,1
hrb_155995,10,5,1,1
hrb_183204,10,4,1,1
hrb_213374,10,5,1,1
hrb_213928,10,3,1,1
hrb_237752,10,3,1,1
kör_100037,10,4,1,1
nr_100024,10,5,1,1
nr_100122,10,5,1,1
nr_100425,10,3,1,1
sör_100038,10,4,1,1
vr_000759,10,5,1,1
vr_000902,10,5,1,1
vr_000974,10,5,1,1
vr_001061,10,5,1,1
vr_001561,10,5,1,1
vr_001646,10,5,1,1
vr_002038,10,5,1,1
vr_002284,10,5,1,1
vr_002405,10,5,1,1
vr_002496,10,5,1,1
vr_003354,10,5,1,1
vr_003595,10,5,1,1
vr_003927,10,5,1,1
vr_004898,10,5,1,1
vr_005317,10,5,1,1
vr_005857,10,5,1,1
vr_007850,10,5,1,1
vr_008633,10,5,1,1
vr_009119,10,5,1,1
vr_009523,10,5,1,1
vr_009681,10,5,1,1
vr_009924,10,5,1,1
vr_010540,10,5,1,1
vr_010832,10,5,1,1
vr_011199,10,5,1,1
vr_011504,10,5,1,1
vr_012063,10,5,1,1
vr_012883,10,4,1,1
vr_013705,10,5,1,1
vr_013808,10,5,1,1
vr_015412,10,4,1,1
vr_015787,10,5,1,1
vr_016309,10,5,1,1
vr_017950,10,5,1,1
vr_019016,10,5,1,1
vr_019516,10,5,1,1
vr_020144,10,5,1,1
vr_020201,10,5,1,1
vr_021323,10,5,1,1
vr_021588,10,5,1,1
vr_024352,10,4,1,1
vr_024751,10,5,1,1
vr_025724,10,5,1,1
vr_025823,10,5,1,1
vr_028037,10,3,1,1
vr_028673,10,5,1,1
vr_029286,10,5,1,1
vr_029859,10,5,1,1
vr_031211,10,5,1,1
vr_031230,10,5,1,1
vr_035099,10,5,1,1
vr_035867,10,5,1,1
gnr_000061,9,3,1,1
gnr_000760,9,5,1,1
hrb_034455,9,4,1,1
hrb_140918,9,5,1,1
hrb_153775,9,5,1,1
hrb_170089,9,3,1,1
hrb_176366,9,3,1,1
hrb_191235,9,4,1,1
kör_100056,9,5,1,1
spr_100137,9,3,1,1
vr_007355,9,5,1,1
vr_011753,9,5,1,1
vr_011828,9,5,1,1
vr_012325,9,5,1,1
vr_012613,9,5,1,1
vr_014208,9,5,1,1
vr_018519,9,5,1,1
vr_021258,9,5,1,1
vr_022178,9,4,1,1
vr_026313,9,5,1,1
vr_026536,9,5,1,1
vr_027487,9,5,1,1
vr_034029,9,5,1,1
vr_035759,9,5,1,1
hrb_000249,8,2,1,1
hrb_015576,8,5,1,1
hrb_021292,8,4,1,1
hrb_041784,8,2,1,1
hrb_073846,8,4,1,1
hrb_084287,8,5,1,1
hrb_131290,8,5,1,1
hrb_148506,8,5,1,1
hrb_149356,8,3,1,1
hrb_155147,8,5,1,1
hrb_157822,8,3,1,1
hrb_164350,8,4,1,1
hrb_166561,8,2,1,1
hrb_182576,8,4,1,1
hrb_225743,8,2,1,1
sör_100007,8,5,1,1
vr_002079,8,5,1,1
vr_002525,8,5,1,1
vr_003205,8,5,1,1
vr_004199,8,5,1,1
vr_008911,8,4,1,1
vr_009424,8,5,1,1
vr_010620,8,5,1,1
vr_011274,8,5,1,1
vr_011325,8,5,1,1
vr_012236,8,5,1,1
vr_012602,8,5,1,1
vr_012868,8,3,1,1
vr_016441,8,5,1,1
vr_021763,8,5,1,1
vr_024308,8,5,1,1
vr_025691,8,5,1,1
vr_025800,8,5,1,1
vr_027404,8,5,1,1
vr_030578,8,5,1,1
vr_034801,8,5,1,1
vr_036264,8,5,1,1
vr_036329,8,5,1,1
vr_036361,8,5,1,1
vr_037916,8,4,1,1
hra_021285,7,2,1,1
hrb_008958,7,5,1,1
hrb_016475,7,4,1,1
hrb_046278,7,4,1,1
hrb_062752,7,3,1,1
hrb_092951,7,3,1,1
hrb_098008,7,5,1,1
hrb_105058,7,5,1,1
hrb_114723,7,3,1,1
hrb_115951,7,4,1,1
hrb_121192,7,4,1,1
hrb_139035,7,5,1,1
hrb_139123,7,4,1,1
hrb_156923,7,3,1,1
hrb_159444,7,5,1,1
hrb_169107,7,3,1,1
hrb_169688,7,1,1,1
hrb_178614,7,3,1,1
hrb_184563,7,3,1,1
hrb_192592,7,3,1,1
hrb_202569,7,2,1,1
hrb_207153,7,4,1,1
hrb_210801,7,4,1,1
hrb_229711,7,4,1,1
hrb_232169,7,2,1,1
hrb_232860,7,4,1,1
hrb_239098,7,3,1,1
hrb_243571,7,1,1,1
kör_100228,7,3,1,1
nr_100772,7,5,1,1
spr_100073,7,2,1,1
spr_100143,7,2,1,1
sör_100010,7,3,1,1
vr_000709,7,5,1,1
vr_000724,7,5,1,1
vr_000940,7,3,1,1
vr_001182,7,5,1,1
vr_001435,7,5,1,1
vr_003049,7,5,1,1
vr_003143,7,5,1,1
vr_003665,7,5,1,1
vr_004850,7,2,1,1
vr_011275,7,5,1,1
vr_012038,7,5,1,1
vr_012079,7,5,1,1
vr_012581,7,5,1,1
vr_013391,7,4,1,1
vr_014809,7,5,1,1
vr_017595,7,5,1,1
vr_017663,7,5,1,1
vr_024935,7,3,1,1
vr_028310,7,5,1,1
vr_028583,7,5,1,1
vr_029012,7,5,1,1
vr_030372,7,5,1,1
vr_032606,7,5,1,1
vr_034103,7,5,1,1
vr_034345,7,5,1,1
vr_035733,7,5,1,1
vr_036033,7,5,1,1
vr_039501,7,3,1,1
hrb_037167,6,2,1,1
hrb_044378,6,4,1,1
hrb_045435,6,4,1,1
hrb_047427,6,4,1,1
hrb_049724,6,5,1,1
hrb_057456,6,3,1,1
hrb_058584,6,5,1,1
hrb_063466,6,5,1,1
hrb_063895,6,5,1,1
hrb_064247,6,5,1,1
hrb_065827,6,5,1,1
hrb_067433,6,3,1,1
hrb_070075,6,5,1,1
hrb_072755,6,5,1,1
hrb_077023,6,4,1,1
hrb_087710,6,4,1,1
hrb_088122,6,2,1,1
hrb_091159,6,5,1,1
hrb_096946,6,5,1,1
hrb_097481,6,2,1,1
hrb_097672,6,5,1,1
hrb_099182,6,2,1,1
hrb_103318,6,2,1,1
hrb_105987,6,5,1,1
hrb_107222,6,2,1,1
hrb_122005,6,4,1,1
hrb_124201,6,5,1,1
hrb_144583,6,5,1,1
hrb_153644,6,4,1,1
hrb_154940,6,4,1,1
hrb_158024,6,4,1,1
hrb_163784,6,4,1,1
hrb_164664,6,5,1,1
hrb_164762,6,3,1,1
hrb_167101,6,3,1,1
hrb_172203,6,3,1,1
hrb_180212,6,3,1,1
hrb_183754,6,2,1,1
hrb_187179,6,4,1,1
hrb_189186,6,3,1,1
hrb_189302,6,2,1,1
hrb_189885,6,3,1,1
hrb_193787,6,4,1,1
hrb_199432,6,2,1,1
hrb_201471,6,3,1,1
hrb_211625,6,3,1,1
hrb_212161,6,4,1,1
hrb_213064,6,4,1,1
hrb_214799,6,3,1,1
hrb_218233,6,2,1,1
hrb_237215,6,2,1,1
kör_100029,6,5,1,1
kör_100045,6,3,1,1
kör_100053,6,5,1,1
kör_100075,6,3,1,1
kör_100125,6,4,1,1
nr_100004,6,5,1,1
nr_100007,6,4,1,1
nr_100033,6,5,1,1
nr_100100,6,5,1,1
nr_100196,6,3,1,1
nr_100432,6,2,1,1
nr_100584,6,2,1,1
nr_100659,6,5,1,1
spr_100003,6,5,1,1
spr_100018,6,5,1,1
spr_100062,6,5,1,1
spr_100092,6,5,1,1
vr_000009,6,3,1,1
vr_000112,6,3,1,1
vr_000311,6,5,1,1
vr_000563,6,5,1,1
vr_000593,6,5,1,1
vr_000755,6,5,1,1
vr_001039,6,5,1,1
vr_001059,6,5,1,1
vr_001131,6,5,1,1
vr_001423,6,5,1,1
vr_001800,6,5,1,1
vr_002591,6,5,1,1
vr_002720,6,5,1,1
vr_003179,6,5,1,1
vr_003943,6,5,1,1
vr_005348,6,5,1,1
vr_005815,6,5,1,1
vr_006078,6,5,1,1
vr_006200,6,5,1,1
vr_006305,6,5,1,1
vr_006487,6,5,1,1
vr_006488,6,5,1,1
vr_006860,6,5,1,1
vr_006955,6,5,1,1
vr_006969,6,5,1,1
vr_007033,6,5,1,1
vr_007719,6,5,1,1
vr_008261,6,5,1,1
vr_008403,6,5,1,1
vr_008511,6,5,1,1
vr_008993,6,5,1,1
vr_009016,6,5,1,1
vr_010007,6,5,1,1
vr_010011,6,5,1,1
vr_010441,6,5,1,1
vr_010721,6,5,1,1
vr_010814,6,4,1,1
vr_011021,6,5,1,1
vr_011080,6,5,1,1
vr_011726,6,5,1,1
vr_011748,6,4,1,1
vr_013054,6,5,1,1
vr_013105,6,5,1,1
vr_013473,6,5,1,1
vr_013527,6,5,1,1
vr_014023,6,5,1,1
vr_014366,6,5,1,1
vr_014836,6,5,1,1
vr_015327,6,3,1,1
vr_016136,6,5,1,1
vr_016302,6,5,1,1
vr_016614,6,4,1,1
vr_016769,6,4,1,1
vr_017390,6,5,1,1
vr_017853,6,3,1,1
vr_018818,6,5,1,1
vr_019075,6,5,1,1
vr_019171,6,5,1,1
vr_019531,6,5,1,1
vr_020188,6,5,1,1
vr_020253,6,5,1,1
vr_021131,6,5,1,1
vr_022792,6,3,1,1
vr_023191,6,5,1,1
vr_025550,6,5,1,1
vr_027300,6,5,1,1
vr_027359,6,3,1,1
vr_027826,6,5,1,1
vr_029282,6,4,1,1
vr_029963,6,5,1,1
vr_030117,6,4,1,1
vr_031368,6,5,1,1
vr_032489,6,4,1,1
vr_034225,6,3,1,1
vr_034922,6,1,1,1
vr_035136,6,5,1,1
vr_035252,6,5,1,1
vr_035977,6,4,1,1
vr_036177,6,5,1,1
vr_036497,6,4,1,1
vr_037676,6,3,1,1
vr_038314,6,4,1,1
vr_038872,6,3,1,1
vr_040098,6,3,1,1
hra_021565,5,4,1,1
hra_029694,5,3,1,1
hrb_004306,5,3,1,1
hrb_011126,5,5,1,1
hrb_023998,5,4,1,1
hrb_029425,5,3,1,1
hrb_034948,5,3,1,1
hrb_036687,5,3,1,1
hrb_040845,5,4,1,1
hrb_041581,5,5,1,1
hrb_048188,5,2,1,1
hrb_049785,5,5,1,1
hrb_059559,5,4,1,1
hrb_064083,5,2,1,1
hrb_065050,5,3,1,1
hrb_071216,5,2,1,1
hrb_072633,5,2,1,1
hrb_075653,5,3,1,1
hrb_079383,5,5,1,1
hrb_083901,5,3,1,1
hrb_091901,5,4,1,1
hrb_092198,5,4,1,1
hrb_092549,5,5,1,1
hrb_097585,5,4,1,1
hrb_105471,5,3,1,1
hrb_108478,5,2,1,1
hrb_109883,5,3,1,1
hrb_111476,5,3,1,1
hrb_117001,5,5,1,1
hrb_117260,5,3,1,1
hrb_118964,5,1,1,1
hrb_119479,5,5,1,1
hrb_122187,5,5,1,1
hrb_123699,5,5,1,1
hrb_126602,5,3,1,1
hrb_130169,5,4,1,1
hrb_133390,5,4,1,1
hrb_140073,5,3,1,1
hrb_144186,5,3,1,1
hrb_145769,5,3,1,1
hrb_145804,5,3,1,1
hrb_147061,5,5,1,1
hrb_148411,5,4,1,1
hrb_148692,5,2,1,1
hrb_153910,5,3,1,1
hrb_154796,5,2,1,1
hrb_156186,5,3,1,1
hrb_156454,5,4,1,1
hrb_158032,5,4,1,1
hrb_159890,5,3,1,1
hrb_161771,5,1,1,1
hrb_164642,5,3,1,1
hrb_165380,5,3,1,1
hrb_165506,5,3,1,1
hrb_168204,5,4,1,1
hrb_170460,5,3,1,1
hrb_170520,5,2,1,1
hrb_174635,5,3,1,1
hrb_179956,5,2,1,1
hrb_183265,5,5,1,1
hrb_195722,5,2,1,1
hrb_196869,5,3,1,1
hrb_201874,5,3,1,1
hrb_204548,5,3,1,1
hrb_205294,5,2,1,1
hrb_208414,5,3,1,1
hrb_210326,5,2,1,1
hrb_211296,5,3,1,1
hrb_211349,5,3,1,1
hrb_211600,5,1,1,1
hrb_213073,5,1,1,1
hrb_216620,5,3,1,1
hrb_217200,5,2,1,1
hrb_220865,5,3,1,1
hrb_222906,5,4,1,1
hrb_226484,5,1,1,1
hrb_228653,5,3,1,1
hrb_230386,5,2,1,1
hrb_231140,5,2,1,1
hrb_234046,5,4,1,1
hrb_243879,5,2,1,1
hrb_246406,5,2,1,1
kör_100067,5,3,1,1
kör_100135,5,5,1,1
kör_100207,5,5,1,1
kör_100230,5,4,1,1
nr_100067,5,5,1,1
nr_100072,5,5,1,1
nr_100199,5,5,1,1
nr_100249,5,4,1,1
nr_100602,5,5,1,1
nr_100603,5,5,1,1
nr_100842,5,4,1,1
nr_101017,5,4,1,1
nr_101136,5,4,1,1
spr_100010,5,5,1,1
spr_100024,5,5,1,1
spr_100027,5,4,1,1
spr_100031,5,5,1,1
spr_100042,5,5,1,1
sör_100024,5,4,1,1
vr_000269,5,5,1,1
vr_000634,5,5,1,1
vr_000641,5,5,1,1
vr_000649,5,5,1,1
vr_000699,5,5,1,1
vr_000734,5,5,1,1
vr_000799,5,5,1,1
vr_000927,5,5,1,1
vr_001042,5,5,1,1
vr_001074,5,5,1,1
vr_001082,5,5,1,1
vr_001206,5,5,1,1
vr_001227,5,5,1,1
vr_001334,5,5,1,1
vr_001415,5,5,1,1
vr_001433,5,5,1,1
vr_001607,5,5,1,1
vr_001637,5,5,1,1
vr_001806,5,5,1,1
vr_002031,5,5,1,1
vr_002122,5,5,1,1
vr_002251,5,5,1,1
vr_002395,5,5,1,1
vr_002428,5,5,1,1
vr_002575,5,5,1,1
vr_002745,5,5,1,1
vr_002786,5,5,1,1
vr_002976,5,5,1,1
vr_003296,5,5,1,1
vr_003448,5,5,1,1
vr_003758,5,5,1,1
vr_003768,5,5,1,1
vr_004013,5,5,1,1
vr_004119,5,5,1,1
vr_004322,5,5,1,1
vr_004405,5,5,1,1
vr_004560,5,5,1,1
vr_004690,5,5,1,1
vr_004950,5,5,1,1
vr_005030,5,5,1,1
vr_005110,5,5,1,1
vr_005171,5,5,1,1
vr_005390,5,5,1,1
vr_005570,5,5,1,1
vr_005951,5,5,1,1
vr_006173,5,5,1,1
vr_006279,5,5,1,1
vr_006516,5,5,1,1
vr_006979,5,5,1,1
vr_007031,5,5,1,1
vr_007250,5,5,1,1
vr_007567,5,5,1,1
vr_007695,5,5,1,1
vr_007747,5,5,1,1
vr_008266,5,5,1,1
vr_008294,5,5,1,1
vr_008501,5,4,1,1
vr_008961,5,5,1,1
vr_009015,5,5,1,1
vr_009325,5,5,1,1
vr_009598,5,2,1,1
vr_009665,5,5,1,1
vr_010676,5,5,1,1
vr_010694,5,5,1,1
vr_010901,5,4,1,1
vr_010930,5,5,1,1
vr_010939,5,5,1,1
vr_010990,5,3,1,1
vr_010994,5,5,1,1
vr_011104,5,4,1,1
vr_011177,5,5,1,1
vr_011478,5,5,1,1
vr_011483,5,5,1,1
vr_011514,5,5,1,1
vr_011562,5,5,1,1
vr_011578,5,5,1,1
vr_011596,5,5,1,1
vr_011741,5,5,1,1
vr_011896,5,5,1,1
vr_011902,5,5,1,1
vr_012028,5,5,1,1
vr_012031,5,4,1,1
vr_012056,5,5,1,1
vr_012111,5,5,1,1
vr_012138,5,5,1,1
vr_012189,5,5,1,1
vr_012216,5,5,1,1
vr_012299,5,5,1,1
vr_012361,5,5,1,1
vr_012530,5,5,1,1
vr_013348,5,5,1,1
vr_013378,5,5,1,1
vr_013388,5,5,1,1
vr_013470,5,5,1,1
vr_013588,5,5,1,1
vr_013608,5,4,1,1
vr_013646,5,5,1,1
vr_013853,5,5,1,1
vr_013943,5,5,1,1
vr_014372,5,5,1,1
vr_014613,5,4,1,1
vr_014768,5,5,1,1
vr_014845,5,4,1,1
vr_015101,5,5,1,1
vr_015234,5,5,1,1
vr_015243,5,5,1,1
vr_015346,5,5,1,1
vr_015494,5,5,1,1
vr_015759,5,3,1,1
vr_016392,5,5,1,1
vr_016425,5,5,1,1
vr_016517,5,5,1,1
vr_016529,5,5,1,1
vr_017049,5,5,1,1
vr_017281,5,5,1,1
vr_017677,5,5,1,1
vr_017728,5,5,1,1
vr_017938,5,5,1,1
vr_018007,5,5,1,1
vr_018031,5,5,1,1
vr_018192,5,5,1,1
vr_018292,5,3,1,1
vr_018605,5,5,1,1
vr_018816,5,5,1,1
vr_019014,5,5,1,1
vr_019356,5,5,1,1
vr_019905,5,5,1,1
vr_019950,5,4,1,1
vr_020148,5,5,1,1
vr_020388,5,5,1,1
vr_020736,5,5,1,1
vr_021041,5,5,1,1
vr_021341,5,5,1,1
vr_021370,5,2,1,1
vr_021458,5,5,1,1
vr_021907,5,5,1,1
vr_022304,5,5,1,1
vr_022316,5,4,1,1
vr_022407,5,5,1,1
vr_022483,5,5,1,1
vr_022553,5,4,1,1
vr_022655,5,5,1,1
vr_023101,5,3,1,1
vr_023415,5,5,1,1
vr_023446,5,5,1,1
vr_023810,5,5,1,1
vr_023975,5,4,1,1
vr_024877,5,5,1,1
vr_025061,5,5,1,1
vr_025207,5,5,1,1
vr_025534,5,5,1,1
vr_025648,5,5,1,1
vr_025812,5,5,1,1
vr_026926,5,5,1,1
vr_027025,5,3,1,1
vr_027142,5,5,1,1
vr_027646,5,4,1,1
vr_027925,5,3,1,1
vr_028767,5,5,1,1
vr_029218,5,4,1,1
vr_029392,5,5,1,1
vr_029576,5,5,1,1
vr_029696,5,5,1,1
vr_029944,5,5,1,1
vr_029955,5,5,1,1
vr_030257,5,3,1,1
vr_030374,5,5,1,1
vr_030871,5,5,1,1
vr_031067,5,2,1,1
vr_031481,5,4,1,1
vr_031803,5,4,1,1
vr_031870,5,5,1,1
vr_031873,5,5,1,1
vr_032028,5,5,1,1
vr_032886,5,5,1,1
vr_033519,5,3,1,1
vr_034002,5,4,1,1
vr_034014,5,5,1,1
vr_034418,5,4,1,1
vr_034436,5,3,1,1
vr_034507,5,5,1,1
vr_034519,5,3,1,1
vr_034834,5,3,1,1
vr_034840,5,5,1,1
vr_035261,5,5,1,1
vr_035292,5,2,1,1
vr_035403,5,5,1,1
vr_035854,5,4,1,1
vr_035992,5,4,1,1
vr_036273,5,5,1,1
vr_036451,5,3,1,1
vr_036540,5,5,1,1
vr_036583,5,3,1,1
vr_036889,5,1,1,1
vr_037482,5,3,1,1
vr_037835,5,5,1,1
vr_037861,5,3,1,1
vr_037933,5,4,1,1
vr_038210,5,3,1,1
vr_038466,5,4,1,1
vr_038738,5,3,1,1
vr_038970,5,3,1,1
vr_039037,5,3,1,1
vr_039356,5,2,1,1
vr_039802,5,2,1,1
aör_100002,4,4,1,1
hra_001677,4,4,1,1
hra_018497,4,4,1,1
hra_034186,4,3,1,1
hra_034648,4,3,1,1
hra_041956,4,2,1,1
hra_050318,4,3,1,1
hrb_008582,4,3,1,1
hrb_019181,4,3,1,1
hrb_020691,4,2,1,1
hrb_024780,4,1,1,1
hrb_024982,4,3,1,1
hrb_027190,4,3,1,1
hrb_033353,4,4,1,1
hrb_039599,4,2,1,1
hrb_049316,4,2,1,1
hrb_050998,4,4,1,1
hrb_054047,4,2,1,1
hrb_056353,4,4,1,1
hrb_057779,4,4,1,1
hrb_058287,4,2,1,1
hrb_060901,4,3,1,1
hrb_061055,4,3,1,1
hrb_064058,4,3,1,1
hrb_064240,4,3,1,1
hrb_070830,4,2,1,1
hrb_074396,4,4,1,1
hrb_078647,4,3,1,1
hrb_081093,4,4,1,1
hrb_083124,4,2,1,1
hrb_087123,4,4,1,1
hrb_091249,4,3,1,1
hrb_091964,4,3,1,1
hrb_093616,4,3,1,1
hrb_094296,4,4,1,1
hrb_094368,4,3,1,1
hrb_096822,4,4,1,1
hrb_099634,4,2,1,1
hrb_101814,4,4,1,1
hrb_102293,4,4,1,1
hrb_103047,4,2,1,1
hrb_106697,4,3,1,1
hrb_106864,4,3,1,1
hrb_107998,4,4,1,1
hrb_108013,4,3,1,1
hrb_108316,4,4,1,1
hrb_112730,4,2,1,1
hrb_118924,4,3,1,1
hrb_125271,4,3,1,1
hrb_126744,4,3,1,1
hrb_129110,4,4,1,1
hrb_130328,4,2,1,1
hrb_131928,4,2,1,1
hrb_134572,4,3,1,1
hrb_134635,4,2,1,1
hrb_135221,4,2,1,1
hrb_135748,4,3,1,1
hrb_136178,4,2,1,1
hrb_136598,4,1,1,1
hrb_137460,4,4,1,1
hrb_139045,4,2,1,1
hrb_139849,4,3,1,1
hrb_140416,4,3,1,1
hrb_140964,4,3,1,1
hrb_141607,4,3,1,1
hrb_142701,4,4,1,1
hrb_146861,4,3,1,1
hrb_147367,4,3,1,1
hrb_148260,4,3,1,1
hrb_148555,4,2,1,1
hrb_150548,4,2,1,1
hrb_153629,4,2,1,1
hrb_154514,4,2,1,1
hrb_156033,4,1,1,1
hrb_156989,4,3,1,1
hrb_158737,4,1,1,1
hrb_158955,4,4,1,1
hrb_165649,4,3,1,1
hrb_168997,4,1,1,1
hrb_170957,4,4,1,1
hrb_171521,4,2,1,1
hrb_175723,4,3,1,1
hrb_175969,4,2,1,1
hrb_181342,4,2,1,1
hrb_181862,4,3,1,1
hrb_183287,4,3,1,1
hrb_183512,4,3,1,1
hrb_187479,4,3,1,1
hrb_188533,4,3,1,1
hrb_190750,4,2,1,1
hrb_192406,4,3,1,1
hrb_193505,4,2,1,1
hrb_193594,4,3,1,1
hrb_194440,4,1,1,1
hrb_194643,4,2,1,1
hrb_196826,4,2,1,1
hrb_199242,4,3,1,1
hrb_200784,4,4,1,1
hrb_201223,4,3,1,1
hrb_202355,4,2,1,1
hrb_202475,4,4,1,1
hrb_202732,4,4,1,1
hrb_203120,4,2,1,1
hrb_204402,4,2,1,1
hrb_204703,4,1,1,1
hrb_204819,4,2,1,1
hrb_209368,4,2,1,1
hrb_212576,4,1,1,1
hrb_213065,4,4,1,1
hrb_214251,4,1,1,1
hrb_215132,4,2,1,1
hrb_216156,4,4,1,1
hrb_216227,4,4,1,1
hrb_217382,4,3,1,1
hrb_222469,4,3,1,1
hrb_224106,4,2,1,1
hrb_226112,4,3,1,1
hrb_228225,4,1,1,1
hrb_228981,4,2,1,1
hrb_229776,4,3,1,1
hrb_229993,4,2,1,1
hrb_231402,4,4,1,1
hrb_232432,4,2,1,1
hrb_232905,4,3,1,1
hrb_233803,4,2,1,1
hrb_234030,4,2,1,1
hrb_237015,4,2,1,1
hrb_239936,4,3,1,1
hrb_239985,4,2,1,1
hrb_243294,4,2,1,1
hrb_243358,4,2,1,1
hrb_243893,4,2,1,1
hrb_244252,4,3,1,1
hrb_245324,4,2,1,1
hrb_255024,4,2,1,1
hrb_255773,4,1,1,1
kör_100120,4,4,1,1
nr_100036,4,4,1,1
nr_100245,4,4,1,1
nr_100370,4,3,1,1
nr_100479,4,4,1,1
nr_100614,4,4,1,1
nr_100684,4,3,1,1
nr_100707,4,2,1,1
nr_100718,4,3,1,1
nr_100858,4,3,1,1
nr_100980,4,3,1,1
nr_101063,4,3,1,1
nr_101129,4,2,1,1
nr_101204,4,3,1,1
nr_101267,4,1,1,1
nr_101317,4,2,1,1
nr_101368,4,1,1,1
spr_100014,4,3,1,1
spr_100131,4,2,1,1
spr_100157,4,1,1,1
sör_100014,4,4,1,1
sör_100034,4,4,1,1
vr_000056,4,4,1,1
vr_000866,4,3,1,1
vr_001552,4,3,1,1
vr_001926,4,4,1,1
vr_002013,4,4,1,1
vr_002082,4,2,1,1
vr_002423,4,4,1,1
vr_002654,4,4,1,1
vr_003702,4,3,1,1
vr_004158,4,4,1,1
vr_004933,4,3,1,1
vr_005844,4,4,1,1
vr_006208,4,4,1,1
vr_006275,4,4,1,1
vr_006562,4,4,1,1
vr_006848,4,3,1,1
vr_007205,4,4,1,1
vr_007601,4,3,1,1
vr_007896,4,4,1,1
vr_008127,4,3,1,1
vr_008797,4,3,1,1
vr_008807,4,4,1,1
vr_009068,4,3,1,1
vr_009079,4,4,1,1
vr_009400,4,4,1,1
vr_010251,4,3,1,1
vr_010400,4,4,1,1
vr_011627,4,4,1,1
vr_012664,4,4,1,1
vr_013300,4,3,1,1
vr_013566,4,4,1,1
vr_013634,4,4,1,1
vr_014875,4,4,1,1
vr_014901,4,4,1,1
vr_015445,4,4,1,1
vr_016480,4,4,1,1
vr_016899,4,4,1,1
vr_017508,4,4,1,1
vr_017597,4,2,1,1
vr_018219,4,4,1,1
vr_018286,4,4,1,1
vr_019463,4,4,1,1
vr_020300,4,4,1,1
vr_020737,4,3,1,1
vr_020848,4,4,1,1
vr_020951,4,4,1,1
vr_021519,4,4,1,1
vr_021552,4,4,1,1
vr_022029,4,2,1,1
vr_022942,4,4,1,1
vr_023167,4,4,1,1
vr_024001,4,4,1,1
vr_024134,4,3,1,1
vr_024843,4,4,1,1
vr_025697,4,3,1,1
vr_026030,4,4,1,1
vr_026580,4,4,1,1
vr_027716,4,3,1,1
vr_028341,4,3,1,1
vr_028916,4,4,1,1
vr_029106,4,4,1,1
vr_029229,4,4,1,1
vr_029365,4,4,1,1
vr_029719,4,3,1,1
vr_030862,4,4,1,1
vr_030957,4,4,1,1
vr_031258,4,4,1,1
vr_032026,4,3,1,1
vr_032167,4,4,1,1
vr_032254,4,3,1,1
vr_032459,4,4,1,1
vr_032578,4,4,1,1
vr_032878,4,4,1,1
vr_033228,4,3,1,1
vr_033361,4,3,1,1
vr_033470,4,3,1,1
vr_034073,4,4,1,1
vr_034122,4,3,1,1
vr_034198,4,3,1,1
vr_034344,4,3,1,1
vr_034542,4,4,1,1
vr_034984,4,3,1,1
vr_035779,4,3,1,1
vr_036431,4,3,1,1
vr_036552,4,4,1,1
vr_037654,4,3,1,1
vr_037707,4,3,1,1
vr_037803,4,4,1,1
vr_037973,4,2,1,1
vr_038151,4,2,1,1
vr_038209,4,4,1,1
vr_038331,4,4,1,1
vr_038552,4,3,1,1
vr_039377,4,2,1,1
vr_039750,4,3,1,1
vr_039890,4,2,1,1
gnr_000178,3,3,1,1
gnr_000259,3,2,1,1
gnr_000478,3,2,1,1
gnr_000486,3,2,1,1
gnr_000734,3,2,1,1
hra_006130,3,2,1,1
hra_018981,3,3,1,1
hra_027923,3,3,1,1
hra_028155,3,2,1,1
hra_040598,3,2,1,1
hra_048384,3,2,1,1
hra_050944,3,2,1,1
hra_055506,3,1,1,1
hrb_000555,3,3,1,1
hrb_003463,3,2,1,1
hrb_006211,3,2,1,1
hrb_008251,3,3,1,1
hrb_008436,3,2,1,1
hrb_022049,3,2,1,1
hrb_024879,3,3,1,1
hrb_025493,3,2,1,1
hrb_025553,3,2,1,1
hrb_029110,3,1,1,1
hrb_033095,3,2,1,1
hrb_034582,3,2,1,1
hrb_036391,3,2,1,1
hrb_036743,3,3,1,1
hrb_038665,3,3,1,1
hrb_042501,3,2,1,1
hrb_044490,3,2,1,1
hrb_045983,3,3,1,1
hrb_049694,3,3,1,1
hrb_053278,3,2,1,1
hrb_054374,3,1,1,1
hrb_057243,3,2,1,1
hrb_057889,3,2,1,1
hrb_058956,3,2,1,1
hrb_061476,3,3,1,1
hrb_063313,3,2,1,1
hrb_063654,3,3,1,1
hrb_064443,3,1,1,1
hrb_066103,3,2,1,1
hrb_067339,3,3,1,1
hrb_067685,3,2,1,1
hrb_068971,3,3,1,1
hrb_069805,3,3,1,1
hrb_070275,3,2,1,1
hrb_071051,3,2,1,1
hrb_071171,3,2,1,1
hrb_073192,3,1,1,1
hrb_073550,3,2,1,1
hrb_074154,3,1,1,1
hrb_076981,3,2,1,1
hrb_077229,3,2,1,1
hrb_079128,3,2,1,1
hrb_079356,3,3,1,1
hrb_079393,3,2,1,1
hrb_080114,3,1,1,1
hrb_081337,3,3,1,1
hrb_081846,3,3,1,1
hrb_082199,3,2,1,1
hrb_082465,3,3,1,1
hrb_083850,3,3,1,1
hrb_084137,3,2,1,1
hrb_084946,3,3,1,1
hrb_084947,3,3,1,1
hrb_085650,3,3,1,1
hrb_086941,3,3,1,1
hrb_087650,3,2,1,1
hrb_088555,3,3,1,1
hrb_088599,3,3,1,1
hrb_089890,3,3,1,1
hrb_090016,3,2,1,1
hrb_090326,3,3,1,1
hrb_091153,3,3,1,1
hrb_091844,3,2,1,1
hrb_092295,3,2,1,1
hrb_093675,3,1,1,1
hrb_094992,3,2,1,1
hrb_095304,3,2,1,1
hrb_095790,3,2,1,1
hrb_096787,3,2,1,1
hrb_096862,3,1,1,1
hrb_097080,3,3,1,1
hrb_098316,3,3,1,1
hrb_099566,3,1,1,1
hrb_099822,3,1,1,1
hrb_100287,3,3,1,1
hrb_100321,3,2,1,1
hrb_103081,3,2,1,1
hrb_104018,3,3,1,1
hrb_104053,3,3,1,1
hrb_105258,3,3,1,1
hrb_105541,3,3,1,1
hrb_105663,3,2,1,1
hrb_106779,3,1,1,1
hrb_107881,3,3,1,1
hrb_107905,3,3,1,1
hrb_108642,3,3,1,1
hrb_109475,3,2,1,1
hrb_109850,3,3,1,1
hrb_113332,3,1,1,1
hrb_113503,3,3,1,1
hrb_116587,3,3,1,1
hrb_118252,3,3,1,1
hrb_118648,3,1,1,1
hrb_119926,3,3,1,1
hrb_120262,3,2,1,1
hrb_120819,3,2,1,1
hrb_121596,3,2,1,1
hrb_123075,3,1,1,1
hrb_123243,3,2,1,1
hrb_124046,3,1,1,1
hrb_124688,3,2,1,1
hrb_124779,3,2,1,1
hrb_125991,3,3,1,1
hrb_127565,3,3,1,1
hrb_128597,3,1,1,1
hrb_128878,3,2,1,1
hrb_129141,3,2,1,1
hrb_129814,3,2,1,1
hrb_130721,3,2,1,1
hrb_132730,3,1,1,1
hrb_133383,3,2,1,1
hrb_134668,3,2,1,1
hrb_134835,3,2,1,1
hrb_134942,3,2,1,1
hrb_136004,3,2,1,1
hrb_136799,3,2,1,1
hrb_139192,3,2,1,1
hrb_139209,3,1,1,1
hrb_140734,3,3,1,1
hrb_140891,3,1,1,1
hrb_140911,3,3,1,1
hrb_141493,3,2,1,1
hrb_141729,3,3,1,1
hrb_142916,3,2,1,1
hrb_143105,3,3,1,1
hrb_143790,3,3,1,1
hrb_144375,3,3,1,1
hrb_147337,3,2,1,1
hrb_147837,3,2,1,1
hrb_149587,3,1,1,1
hrb_149590,3,2,1,1
hrb_149837,3,3,1,1
hrb_150088,3,2,1,1
hrb_151543,3,2,1,1
hrb_151594,3,3,1,1
hrb_152301,3,1,1,1
hrb_152927,3,2,1,1
hrb_153121,3,2,1,1
hrb_154036,3,2,1,1
hrb_154163,3,2,1,1
hrb_155152,3,2,1,1
hrb_156123,3,1,1,1
hrb_156710,3,2,1,1
hrb_157453,3,3,1,1
hrb_157849,3,3,1,1
hrb_157917,3,2,1,1
hrb_158890,3,2,1,1
hrb_159563,3,1,1,1
hrb_160377,3,3,1,1
hrb_160528,3,1,1,1
hrb_161165,3,2,1,1
hrb_161750,3,1,1,1
hrb_161960,3,1,1,1
hrb_162960,3,2,1,1
hrb_163055,3,3,1,1
hrb_163175,3,2,1,1
hrb_163201,3,3,1,1
hrb_164004,3,3,1,1
hrb_164548,3,2,1,1
hrb_165158,3,2,1,1
hrb_165790,3,1,1,1
hrb_167405,3,3,1,1
hrb_168000,3,3,1,1
hrb_168446,3,1,1,1
hrb_168580,3,3,1,1
hrb_168681,3,1,1,1
hrb_168682,3,2,1,1
hrb_170620,3,3,1,1
hrb_172219,3,1,1,1
hrb_172701,3,2,1,1
hrb_173498,3,3,1,1
hrb_173568,3,2,1,1
hrb_174024,3,1,1,1
hrb_174104,3,2,1,1
hrb_174516,3,2,1,1
hrb_175273,3,2,1,1
hrb_175845,3,2,1,1
hrb_176711,3,2,1,1
hrb_177658,3,2,1,1
hrb_177788,3,2,1,1
hrb_178667,3,1,1,1
hrb_180025,3,2,1,1
hrb_180776,3,3,1,1
hrb_180843,3,3,1,1
hrb_181442,3,2,1,1
hrb_181819,3,3,1,1
hrb_182479,3,1,1,1
hrb_182554,3,3,1,1
hrb_187425,3,3,1,1
hrb_187601,3,3,1,1
hrb_188006,3,3,1,1
hrb_188087,3,2,1,1
hrb_188442,3,3,1,1
hrb_188617,3,2,1,1
hrb_188841,3,2,1,1
hrb_189037,3,3,1,1
hrb_190966,3,1,1,1
hrb_192110,3,3,1,1
hrb_192283,3,2,1,1
hrb_192525,3,2,1,1
hrb_192616,3,3,1,1
hrb_193530,3,3,1,1
hrb_193751,3,1,1,1
hrb_194560,3,2,1,1
hrb_194571,3,1,1,1
hrb_194639,3,2,1,1
hrb_195077,3,2,1,1
hrb_195423,3,3,1,1
hrb_195508,3,3,1,1
hrb_196840,3,3,1,1
hrb_196899,3,2,1,1
hrb_196927,3,2,1,1
hrb_197035,3,3,1,1
hrb_197046,3,2,1,1
hrb_197300,3,2,1,1
hrb_198143,3,1,1,1
hrb_198163,3,2,1,1
hrb_198208,3,2,1,1
hrb_198296,3,1,1,1
hrb_199622,3,3,1,1
hrb_200166,3,2,1,1
hrb_200582,3,1,1,1
hrb_200931,3,3,1,1
hrb_201918,3,2,1,1
hrb_202700,3,3,1,1
hrb_202781,3,3,1,1
hrb_203145,3,3,1,1
hrb_204952,3,1,1,1
hrb_205158,3,2,1,1
hrb_205176,3,3,1,1
hrb_206368,3,2,1,1
hrb_207427,3,2,1,1
hrb_207875,3,1,1,1
hrb_208436,3,2,1,1
hrb_208988,3,2,1,1
hrb_209181,3,1,1,1
hrb_209952,3,3,1,1
hrb_211154,3,1,1,1
hrb_211502,3,1,1,1
hrb_212308,3,3,1,1
hrb_212685,3,2,1,1
hrb_212848,3,1,1,1
hrb_213001,3,1,1,1
hrb_213202,3,2,1,1
hrb_213854,3,3,1,1
hrb_214263,3,2,1,1
hrb_214665,3,2,1,1
hrb_215614,3,2,1,1
hrb_215748,3,2,1,1
hrb_216466,3,1,1,1
hrb_216607,3,1,1,1
hrb_217160,3,2,1,1
hrb_217534,3,2,1,1
hrb_218154,3,2,1,1
hrb_218381,3,2,1,1
hrb_218526,3,2,1,1
hrb_218586,3,1,1,1
hrb_219246,3,2,1,1
hrb_220014,3,3,1,1
hrb_222578,3,2,1,1
hrb_222851,3,1,1,1
hrb_223307,3,2,1,1
hrb_223414,3,2,1,1
hrb_224025,3,2,1,1
hrb_224228,3,3,1,1
hrb_225282,3,2,1,1
hrb_226314,3,3,1,1
hrb_227014,3,2,1,1
hrb_227293,3,2,1,1
hrb_227402,3,3,1,1
hrb_228421,3,2,1,1
hrb_231271,3,2,1,1
hrb_231786,3,2,1,1
hrb_232876,3,2,1,1
hrb_234953,3,3,1,1
hrb_235478,3,2,1,1
hrb_235671,3,1,1,1
hrb_236019,3,3,1,1
hrb_237024,3,1,1,1
hrb_237902,3,1,1,1
hrb_237983,3,1,1,1
hrb_238535,3,1,1,1
hrb_238833,3,3,1,1
hrb_240219,3,2,1,1
hrb_241379,3,2,1,1
hrb_241533,3,2,1,1
hrb_242167,3,2,1,1
hrb_242375,3,2,1,1
hrb_242769,3,3,1,1
hrb_247104,3,2,1,1
hrb_247827,3,2,1,1
hrb_248275,3,2,1,1
hrb_249739,3,1,1,1
hrb_251615,3,2,1,1
hrb_254067,3,1,1,1
hrb_254433,3,2,1,1
hrb_254735,3,2,1,1
hrb_260321,3,1,1,1
hrb_261720,3,1,1,1
hrb_267985,3,1,1,1
kör_100015,3,3,1,1
kör_100069,3,2,1,1
kör_100243,3,3,1,1
kör_100269,3,1,1,1
kör_100306,3,1,1,1
nr_100011,3,3,1,1
nr_100014,3,3,1,1
nr_100121,3,1,1,1
nr_100157,3,1,1,1
nr_100241,3,2,1,1
nr_100448,3,3,1,1
nr_100461,3,2,1,1
nr_100572,3,3,1,1
nr_100595,3,2,1,1
nr_100681,3,3,1,1
nr_100793,3,3,1,1
nr_100906,3,3,1,1
nr_101166,3,3,1,1
nr_101420,3,1,1,1
nr_101469,3,1,1,1
spr_100078,3,3,1,1
spr_100089,3,2,1,1
spr_100109,3,3,1,1
spr_100136,3,2,1,1
spr_100145,3,3,1,1
vr_001436,3,3,1,1
vr_002367,3,3,1,1
vr_003023,3,3,1,1
vr_003102,3,3,1,1
vr_004194,3,3,1,1
vr_004586,3,3,1,1
vr_004889,3,2,1,1
vr_005382,3,2,1,1
vr_005447,3,3,1,1
vr_007286,3,3,1,1
vr_007491,3,2,1,1
vr_007732,3,3,1,1
vr_007956,3,2,1,1
vr_008243,3,3,1,1
vr_008348,3,3,1,1
vr_008375,3,3,1,1
vr_008623,3,3,1,1
vr_008666,3,3,1,1
vr_008803,3,3,1,1
vr_009049,3,3,1,1
vr_009413,3,3,1,1
vr_009821,3,2,1,1
vr_010583,3,3,1,1
vr_010940,3,2,1,1
vr_011383,3,3,1,1
vr_011428,3,2,1,1
vr_011956,3,2,1,1
vr_012561,3,3,1,1
vr_012859,3,3,1,1
vr_013271,3,2,1,1
vr_013653,3,3,1,1
vr_013900,3,3,1,1
vr_013916,3,3,1,1
vr_014280,3,3,1,1
vr_014844,3,3,1,1
vr_014909,3,2,1,1
vr_015016,3,2,1,1
vr_015228,3,3,1,1
vr_015335,3,3,1,1
vr_016061,3,3,1,1
vr_016363,3,3,1,1
vr_017190,3,3,1,1
vr_017201,3,3,1,1
vr_017863,3,3,1,1
vr_018267,3,2,1,1
vr_018329,3,3,1,1
vr_018615,3,3,1,1
vr_018800,3,1,1,1
vr_018871,3,3,1,1
vr_019275,3,3,1,1
vr_019289,3,3,1,1
vr_019406,3,3,1,1
vr_019443,3,3,1,1
vr_019580,3,2,1,1
vr_019971,3,3,1,1
vr_020414,3,3,1,1
vr_020917,3,3,1,1
vr_021544,3,3,1,1
vr_022011,3,3,1,1
vr_022300,3,3,1,1
vr_022314,3,2,1,1
vr_022481,3,2,1,1
vr_022535,3,3,1,1
vr_022596,3,3,1,1
vr_022848,3,2,1,1
vr_023459,3,2,1,1
vr_023476,3,3,1,1
vr_023765,3,3,1,1
vr_024310,3,3,1,1
vr_024779,3,2,1,1
vr_024959,3,3,1,1
vr_024974,3,3,1,1
vr_025001,3,3,1,1
vr_025209,3,3,1,1
vr_025310,3,3,1,1
vr_026204,3,3,1,1
vr_026276,3,3,1,1
vr_026305,3,3,1,1
vr_026703,3,2,1,1
vr_026965,3,3,1,1
vr_027090,3,3,1,1
vr_027140,3,3,1,1
vr_027226,3,3,1,1
vr_028072,3,2,1,1
vr_028449,3,3,1,1
vr_028456,3,3,1,1
vr_028466,3,3,1,1
vr_028527,3,2,1,1
vr_028712,3,3,1,1
vr_028813,3,3,1,1
vr_028856,3,2,1,1
vr_028954,3,3,1,1
vr_029062,3,2,1,1
vr_029300,3,3,1,1
vr_029380,3,3,1,1
vr_029974,3,3,1,1
vr_030162,3,3,1,1
vr_030506,3,3,1,1
vr_030917,3,2,1,1
vr_031004,3,3,1,1
vr_031626,3,3,1,1
vr_031688,3,3,1,1
vr_031704,3,3,1,1
vr_031902,3,3,1,1
vr_031976,3,3,1,1
vr_032215,3,3,1,1
vr_032219,3,2,1,1
vr_032272,3,3,1,1
vr_032389,3,3,1,1
vr_032787,3,3,1,1
vr_033056,3,3,1,1
vr_033557,3,2,1,1
vr_033886,3,3,1,1
vr_034145,3,3,1,1
vr_034229,3,3,1,1
vr_034369,3,3,1,1
vr_034481,3,3,1,1
vr_034933,3,2,1,1
vr_035827,3,3,1,1
vr_035829,3,2,1,1
vr_036042,3,3,1,1
vr_036455,3,3,1,1
vr_036539,3,3,1,1
vr_036655,3,3,1,1
vr_036813,3,3,1,1
vr_036860,3,3,1,1
vr_036950,3,3,1,1
vr_037014,3,1,1,1
vr_037068,3,3,1,1
vr_037096,3,3,1,1
vr_037128,3,2,1,1
vr_037297,3,3,1,1
vr_037315,3,3,1,1
vr_037391,3,3,1,1
vr_037487,3,2,1,1
vr_037511,3,2,1,1
vr_037712,3,3,1,1
vr_037853,3,2,1,1
vr_037980,3,3,1,1
vr_038097,3,3,1,1
vr_038124,3,2,1,1
vr_038233,3,2,1,1
vr_038467,3,2,1,1
vr_038524,3,2,1,1
vr_038669,3,3,1,1
vr_038785,3,3,1,1
vr_038834,3,3,1,1
vr_038953,3,3,1,1
vr_039196,3,2,1,1
vr_039230,3,2,1,1
vr_039383,3,3,1,1
vr_039526,3,3,1,1
vr_039671,3,2,1,1
vr_039714,3,2,1,1
vr_040379,3,2,1,1
gbr_100030,2,2,1,1
gnr_000025,2,1,1,1
gnr_000048,2,2,1,1
gnr_000444,2,2,1,1
gnr_000463,2,1,1,1
gnr_000485,2,2,1,1
gnr_000509,2,1,1,1
gnr_000593,2,2,1,1
gnr_000740,2,2,1,1
gnr_000791,2,2,1,1
gnr_000809,2,1,1,1
gnr_000832,2,2,1,1
gnr_000887,2,2,1,1
gnr_000915,2,2,1,1
hbr_015772,2,1,1,1
hra_001666,2,2,1,1
hra_007542,2,1,1,1
hra_008554,2,2,1,1
hra_009403,2,2,1,1
hra_012571,2,1,1,1
hra_014206,2,2,1,1
hra_027613,2,2,1,1
hra_028834,2,2,1,1
hra_031217,2,2,1,1
hra_033072,2,2,1,1
hra_036396,2,2,1,1
hra_036545,2,2,1,1
hra_038139,2,2,1,1
hra_038969,2,2,1,1
hra_039057,2,2,1,1
hra_039538,2,2,1,1
hra_040773,2,2,1,1
hra_040803,2,2,1,1
hra_041657,2,2,1,1
hra_042139,2,2,1,1
hra_044342,2,2,1,1
hra_045477,2,1,1,1
hra_046196,2,2,1,1
hra_046203,2,2,1,1
hra_046282,2,2,1,1
hra_046367,2,2,1,1
hra_047522,2,2,1,1
hra_047802,2,2,1,1
hra_048742,2,2,1,1
hra_049937,2,2,1,1
hra_050212,2,2,1,1
hra_050311,2,2,1,1
hra_050343,2,2,1,1
hra_052171,2,2,1,1
hra_053833,2,2,1,1
hra_054353,2,2,1,1
hra_054474,2,2,1,1
hra_055083,2,2,1,1
hra_055360,2,1,1,1
hra_055978,2,2,1,1
hra_056363,2,2,1,1
hra_061551,2,2,1,1
hrb_002473,2,2,1,1
hrb_002854,2,1,1,1
hrb_003351,2,2,1,1
hrb_004191,2,2,1,1
hrb_005465,2,2,1,1
hrb_005484,2,1,1,1
hrb_007598,2,2,1,1
hrb_008191,2,1,1,1
hrb_009188,2,2,1,1
hrb_010174,2,2,1,1
hrb_011231,2,2,1,1
hrb_011901,2,2,1,1
hrb_014606,2,2,1,1
hrb_014791,2,1,1,1
hrb_015263,2,2,1,1
hrb_015674,2,2,1,1
hrb_016393,2,2,1,1
hrb_016745,2,2,1,1
hrb_016800,2,2,1,1
hrb_018993,2,2,1,1
hrb_019917,2,1,1,1
hrb_020469,2,2,1,1
hrb_021565,2,2,1,1
hrb_021583,2,2,1,1
hrb_022278,2,2,1,1
hrb_022455,2,2,1,1
hrb_022810,2,2,1,1
hrb_022830,2,2,1,1
hrb_023232,2,2,1,1
hrb_024440,2,2,1,1
hrb_024779,2,2,1,1
hrb_025172,2,2,1,1
hrb_025374,2,2,1,1
hrb_025763,2,2,1,1
hrb_026146,2,2,1,1
hrb_026270,2,2,1,1
hrb_026404,2,2,1,1
hrb_026917,2,2,1,1
hrb_027182,2,1,1,1
hrb_028236,2,2,1,1
hrb_030809,2,1,1,1
hrb_031375,2,2,1,1
hrb_031541,2,2,1,1
hrb_031762,2,1,1,1
hrb_031839,2,2,1,1
hrb_032389,2,2,1,1
hrb_033179,2,2,1,1
hrb_034030,2,2,1,1
hrb_034249,2,2,1,1
hrb_034454,2,1,1,1
hrb_035534,2,2,1,1
hrb_036551,2,2,1,1
hrb_037010,2,2,1,1
hrb_037295,2,2,1,1
hrb_037694,2,2,1,1
hrb_038023,2,2,1,1
hrb_038578,2,2,1,1
hrb_038787,2,2,1,1
hrb_038822,2,1,1,1
hrb_039047,2,2,1,1
hrb_039336,2,2,1,1
hrb_039871,2,1,1,1
hrb_040147,2,2,1,1
hrb_040476,2,2,1,1
hrb_040677,2,2,1,1
hrb_041265,2,2,1,1
hrb_041398,2,2,1,1
hrb_041537,2,2,1,1
hrb_042087,2,2,1,1
hrb_042568,2,2,1,1
hrb_042731,2,2,1,1
hrb_043188,2,2,1,1
hrb_045230,2,2,1,1
hrb_045297,2,2,1,1
hrb_045428,2,2,1,1
hrb_045624,2,1,1,1
hrb_046194,2,1,1,1
hrb_046827,2,2,1,1
hrb_047275,2,1,1,1
hrb_047303,2,2,1,1
hrb_047614,2,1,1,1
hrb_047881,2,1,1,1
hrb_048429,2,2,1,1
hrb_049061,2,2,1,1
hrb_049077,2,1,1,1
hrb_049293,2,2,1,1
hrb_049423,2,2,1,1
hrb_050082,2,2,1,1
hrb_050744,2,2,1,1
hrb_051029,2,2,1,1
hrb_051497,2,2,1,1
hrb_051499,2,2,1,1
hrb_051598,2,2,1,1
hrb_053214,2,2,1,1
hrb_053473,2,2,1,1
hrb_053781,2,2,1,1
hrb_054478,2,2,1,1
hrb_054945,2,2,1,1
hrb_055416,2,2,1,1
hrb_055865,2,2,1,1
hrb_056092,2,2,1,1
hrb_056263,2,2,1,1
hrb_056745,2,2,1,1
hrb_056877,2,2,1,1
hrb_057210,2,2,1,1
hrb_057406,2,1,1,1
hrb_057574,2,2,1,1
hrb_057827,2,2,1,1
hrb_057863,2,2,1,1
hrb_058092,2,2,1,1
hrb_058132,2,2,1,1
hrb_058472,2,2,1,1
hrb_059104,2,1,1,1
hrb_059182,2,2,1,1
hrb_059805,2,1,1,1
hrb_060546,2,2,1,1
hrb_060663,2,1,1,1
hrb_060894,2,1,1,1
hrb_061444,2,2,1,1
hrb_061495,2,2,1,1
hrb_062281,2,2,1,1
hrb_062465,2,2,1,1
hrb_062477,2,2,1,1
hrb_062624,2,2,1,1
hrb_062744,2,2,1,1
hrb_063051,2,2,1,1
hrb_063780,2,2,1,1
hrb_063799,2,2,1,1
hrb_063970,2,1,1,1
hrb_064012,2,2,1,1
hrb_064125,2,2,1,1
hrb_065342,2,2,1,1
hrb_065576,2,1,1,1
hrb_067006,2,2,1,1
hrb_067629,2,2,1,1
hrb_069284,2,2,1,1
hrb_069709,2,2,1,1
hrb_069754,2,2,1,1
hrb_070726,2,1,1,1
hrb_072392,2,1,1,1
hrb_073304,2,2,1,1
hrb_073357,2,2,1,1
hrb_073544,2,2,1,1
hrb_073652,2,2,1,1
hrb_073694,2,1,1,1
hrb_073965,2,2,1,1
hrb_074440,2,1,1,1
hrb_074624,2,2,1,1
hrb_075241,2,2,1,1
hrb_075603,2,2,1,1
hrb_075758,2,2,1,1
hrb_075927,2,2,1,1
hrb_076199,2,2,1,1
hrb_076301,2,2,1,1
hrb_076499,2,1,1,1
hrb_077257,2,1,1,1
hrb_077476,2,1,1,1
hrb_077516,2,2,1,1
hrb_077787,2,1,1,1
hrb_078834,2,2,1,1
hrb_079580,2,2,1,1
hrb_079649,2,2,1,1
hrb_080382,2,2,1,1
hrb_080513,2,2,1,1
hrb_080885,2,2,1,1
hrb_080934,2,2,1,1
hrb_081449,2,2,1,1
hrb_081479,2,1,1,1
hrb_082036,2,2,1,1
hrb_082714,2,2,1,1
hrb_082903,2,2,1,1
hrb_082987,2,2,1,1
hrb_083045,2,2,1,1
hrb_083511,2,2,1,1
hrb_083557,2,2,1,1
hrb_083577,2,2,1,1
hrb_083722,2,2,1,1
hrb_083775,2,2,1,1
hrb_083820,2,2,1,1
hrb_084522,2,2,1,1
hrb_085009,2,2,1,1
hrb_085354,2,1,1,1
hrb_085738,2,1,1,1
hrb_086350,2,2,1,1
hrb_086543,2,1,1,1
hrb_086727,2,2,1,1
hrb_087189,2,2,1,1
hrb_087308,2,2,1,1
hrb_088072,2,2,1,1
hrb_088486,2,2,1,1
hrb_088701,2,2,1,1
hrb_088746,2,1,1,1
hrb_089156,2,2,1,1
hrb_089487,2,2,1,1
hrb_089495,2,2,1,1
hrb_089971,2,2,1,1
hrb_090096,2,2,1,1
hrb_090516,2,2,1,1
hrb_091157,2,2,1,1
hrb_091217,2,2,1,1
hrb_091247,2,2,1,1
hrb_091397,2,2,1,1
hrb_091773,2,2,1,1
hrb_092053,2,2,1,1
hrb_092156,2,2,1,1
hrb_092317,2,2,1,1
hrb_092330,2,2,1,1
hrb_092381,2,2,1,1
hrb_092846,2,2,1,1
hrb_093278,2,2,1,1
hrb_093938,2,2,1,1
hrb_094022,2,2,1,1
hrb_094083,2,2,1,1
hrb_094154,2,2,1,1
hrb_094343,2,2,1,1
hrb_094586,2,2,1,1
hrb_095226,2,1,1,1
hrb_095231,2,2,1,1
hrb_095659,2,2,1,1
hrb_096102,2,2,1,1
hrb_096160,2,1,1,1
hrb_096200,2,2,1,1
hrb_096229,2,2,1,1
hrb_096319,2,1,1,1
hrb_096524,2,2,1,1
hrb_096740,2,2,1,1
hrb_096932,2,2,1,1
hrb_097003,2,1,1,1
hrb_097263,2,2,1,1
hrb_097288,2,2,1,1
hrb_097363,2,2,1,1
hrb_097527,2,2,1,1
hrb_098213,2,2,1,1
hrb_098803,2,2,1,1
hrb_098813,2,2,1,1
hrb_098883,2,2,1,1
hrb_098960,2,2,1,1
hrb_099002,2,1,1,1
hrb_099107,2,2,1,1
hrb_099306,2,2,1,1
hrb_099369,2,2,1,1
hrb_099372,2,1,1,1
hrb_099398,2,2,1,1
hrb_099582,2,2,1,1
hrb_099657,2,2,1,1
hrb_099824,2,2,1,1
hrb_099913,2,2,1,1
hrb_100020,2,2,1,1
hrb_100144,2,2,1,1
hrb_100280,2,2,1,1
hrb_100286,2,2,1,1
hrb_100345,2,2,1,1
hrb_100412,2,2,1,1
hrb_101042,2,2,1,1
hrb_102754,2,2,1,1
hrb_102944,2,2,1,1
hrb_103233,2,2,1,1
hrb_103256,2,2,1,1
hrb_103426,2,2,1,1
hrb_103732,2,2,1,1
hrb_104212,2,1,1,1
hrb_105156,2,2,1,1
hrb_105479,2,2,1,1
hrb_105558,2,2,1,1
hrb_105584,2,2,1,1
hrb_105666,2,2,1,1
hrb_106070,2,1,1,1
hrb_106405,2,2,1,1
hrb_106474,2,2,1,1
hrb_106667,2,2,1,1
hrb_106899,2,1,1,1
hrb_106909,2,2,1,1
hrb_107106,2,2,1,1
hrb_107569,2,2,1,1
hrb_107650,2,2,1,1
hrb_107679,2,2,1,1
hrb_107737,2,2,1,1
hrb_108298,2,1,1,1
hrb_108592,2,2,1,1
hrb_108601,2,2,1,1
hrb_108771,2,2,1,1
hrb_109080,2,2,1,1
hrb_109492,2,1,1,1
hrb_110142,2,2,1,1
hrb_110195,2,2,1,1
hrb_110223,2,2,1,1
hrb_110722,2,2,1,1
hrb_110742,2,2,1,1
hrb_110822,2,2,1,1
hrb_110918,2,2,1,1
hrb_111341,2,2,1,1
hrb_111483,2,2,1,1
hrb_111586,2,1,1,1
hrb_111760,2,2,1,1
hrb_111785,2,1,1,1
hrb_111786,2,1,1,1
hrb_112338,2,2,1,1
hrb_112353,2,2,1,1
hrb_112437,2,1,1,1
hrb_112498,2,2,1,1
hrb_112531,2,1,1,1
hrb_112678,2,2,1,1
hrb_112745,2,1,1,1
hrb_113163,2,2,1,1
hrb_113394,2,2,1,1
hrb_113450,2,2,1,1
hrb_114038,2,2,1,1
hrb_114105,2,2,1,1
hrb_115020,2,1,1,1
hrb_115056,2,2,1,1
hrb_115128,2,2,1,1
hrb_115136,2,2,1,1
hrb_115427,2,2,1,1
hrb_115730,2,2,1,1
hrb_115757,2,1,1,1
hrb_116174,2,1,1,1
hrb_116284,2,2,1,1
hrb_116854,2,2,1,1
hrb_116994,2,2,1,1
hrb_117025,2,2,1,1
hrb_117214,2,2,1,1
hrb_117348,2,2,1,1
hrb_117643,2,2,1,1
hrb_117713,2,2,1,1
hrb_117724,2,2,1,1
hrb_117945,2,2,1,1
hrb_118007,2,2,1,1
hrb_118255,2,2,1,1
hrb_118475,2,2,1,1
hrb_118703,2,2,1,1
hrb_118925,2,2,1,1
hrb_119288,2,1,1,1
hrb_119570,2,1,1,1
hrb_120685,2,2,1,1
hrb_120729,2,2,1,1
hrb_120749,2,1,1,1
hrb_120935,2,1,1,1
hrb_120949,2,2,1,1
hrb_121791,2,1,1,1
hrb_121869,2,1,1,1
hrb_122176,2,2,1,1
hrb_122959,2,2,1,1
hrb_123054,2,2,1,1
hrb_123682,2,2,1,1
hrb_123734,2,2,1,1
hrb_123804,2,1,1,1
hrb_124004,2,2,1,1
hrb_124761,2,2,1,1
hrb_124902,2,2,1,1
hrb_124984,2,2,1,1
hrb_125150,2,2,1,1
hrb_125978,2,1,1,1
hrb_126115,2,2,1,1
hrb_126292,2,2,1,1
hrb_126404,2,2,1,1
hrb_127258,2,1,1,1
hrb_127281,2,2,1,1
hrb_127310,2,1,1,1
hrb_127899,2,2,1,1
hrb_127912,2,1,1,1
hrb_127949,2,2,1,1
hrb_128415,2,2,1,1
hrb_129037,2,1,1,1
hrb_129286,2,2,1,1
hrb_129601,2,1,1,1
hrb_129769,2,2,1,1
hrb_129995,2,1,1,1
hrb_130008,2,2,1,1
hrb_131166,2,2,1,1
hrb_131235,2,2,1,1
hrb_131344,2,2,1,1
hrb_131455,2,2,1,1
hrb_131653,2,2,1,1
hrb_131812,2,2,1,1
hrb_132062,2,2,1,1
hrb_132295,2,2,1,1
hrb_132347,2,2,1,1
hrb_132410,2,1,1,1
hrb_132521,2,1,1,1
hrb_132896,2,2,1,1
hrb_133199,2,2,1,1
hrb_133634,2,2,1,1
hrb_133707,2,1,1,1
hrb_133779,2,1,1,1
hrb_133791,2,2,1,1
hrb_133845,2,2,1,1
hrb_133943,2,2,1,1
hrb_133957,2,2,1,1
hrb_134285,2,2,1,1
hrb_134410,2,2,1,1
hrb_134416,2,2,1,1
hrb_134473,2,2,1,1
hrb_134552,2,1,1,1
hrb_134578,2,2,1,1
hrb_134740,2,2,1,1
hrb_134791,2,2,1,1
hrb_135492,2,2,1,1
hrb_135705,2,2,1,1
hrb_136247,2,2,1,1
hrb_136270,2,2,1,1
hrb_136562,2,2,1,1
hrb_136729,2,2,1,1
hrb_136769,2,2,1,1
hrb_137240,2,2,1,1
hrb_137461,2,2,1,1
hrb_137495,2,2,1,1
hrb_137505,2,2,1,1
hrb_138007,2,2,1,1
hrb_138563,2,1,1,1
hrb_138574,2,2,1,1
hrb_138889,2,1,1,1
hrb_138912,2,1,1,1
hrb_138964,2,2,1,1
hrb_139213,2,2,1,1
hrb_139457,2,2,1,1
hrb_139493,2,2,1,1
hrb_139741,2,2,1,1
hrb_139891,2,1,1,1
hrb_140008,2,2,1,1
hrb_140634,2,2,1,1
hrb_140674,2,2,1,1
hrb_140912,2,2,1,1
hrb_140953,2,2,1,1
hrb_141100,2,2,1,1
hrb_141173,2,2,1,1
hrb_141292,2,1,1,1
hrb_141817,2,1,1,1
hrb_141938,2,1,1,1
hrb_142337,2,2,1,1
hrb_142419,2,1,1,1
hrb_142480,2,2,1,1
hrb_143020,2,2,1,1
hrb_143137,2,2,1,1
hrb_143538,2,2,1,1
hrb_144550,2,2,1,1
hrb_144715,2,2,1,1
hrb_144751,2,2,1,1
hrb_145309,2,2,1,1
hrb_145740,2,2,1,1
hrb_146138,2,2,1,1
hrb_146215,2,2,1,1
hrb_146272,2,2,1,1
hrb_146923,2,1,1,1
hrb_147166,2,2,1,1
hrb_147444,2,2,1,1
hrb_148320,2,2,1,1
hrb_148755,2,2,1,1
hrb_148890,2,2,1,1
hrb_148962,2,1,1,1
hrb_148998,2,2,1,1
hrb_149006,2,2,1,1
hrb_149145,2,2,1,1
hrb_149248,2,2,1,1
hrb_149335,2,2,1,1
hrb_149513,2,1,1,1
hrb_149553,2,1,1,1
hrb_149918,2,2,1,1
hrb_150082,2,2,1,1
hrb_150428,2,2,1,1
hrb_150505,2,2,1,1
hrb_150855,2,2,1,1
hrb_151055,2,2,1,1
hrb_151070,2,2,1,1
hrb_151519,2,1,1,1
hrb_151633,2,2,1,1
hrb_151680,2,2,1,1
hrb_152448,2,2,1,1
hrb_152450,2,2,1,1
hrb_152782,2,2,1,1
hrb_152981,2,2,1,1
hrb_153002,2,2,1,1
hrb_153112,2,1,1,1
hrb_153218,2,2,1,1
hrb_153245,2,2,1,1
hrb_153333,2,1,1,1
hrb_153548,2,1,1,1
hrb_153607,2,2,1,1
hrb_153886,2,1,1,1
hrb_154056,2,2,1,1
hrb_154164,2,2,1,1
hrb_154485,2,1,1,1
hrb_154754,2,2,1,1
hrb_154808,2,2,1,1
hrb_155221,2,1,1,1
hrb_155552,2,2,1,1
hrb_155614,2,2,1,1
hrb_155704,2,2,1,1
hrb_155847,2,1,1,1
hrb_156170,2,2,1,1
hrb_156297,2,2,1,1
hrb_156396,2,2,1,1
hrb_156821,2,2,1,1
hrb_156934,2,2,1,1
hrb_157024,2,1,1,1
hrb_157229,2,2,1,1
hrb_157240,2,2,1,1
hrb_157704,2,2,1,1
hrb_157882,2,2,1,1
hrb_158060,2,1,1,1
hrb_158135,2,2,1,1
hrb_158347,2,1,1,1
hrb_158425,2,2,1,1
hrb_158540,2,2,1,1
hrb_158665,2,1,1,1
hrb_158921,2,2,1,1
hrb_159066,2,2,1,1
hrb_159211,2,2,1,1
hrb_159524,2,2,1,1
hrb_160003,2,1,1,1
hrb_160085,2,2,1,1
hrb_160287,2,1,1,1
hrb_160485,2,2,1,1
hrb_160562,2,2,1,1
hrb_160616,2,1,1,1
hrb_160641,2,2,1,1
hrb_160731,2,1,1,1
hrb_161057,2,1,1,1
hrb_161072,2,2,1,1
hrb_161220,2,2,1,1
hrb_161290,2,2,1,1
hrb_161463,2,2,1,1
hrb_161688,2,2,1,1
hrb_161833,2,2,1,1
hrb_162156,2,2,1,1
hrb_162578,2,2,1,1
hrb_162651,2,2,1,1
hrb_162772,2,2,1,1
hrb_162802,2,1,1,1
hrb_162918,2,2,1,1
hrb_163202,2,2,1,1
hrb_163543,2,2,1,1
hrb_164175,2,2,1,1
hrb_164412,2,1,1,1
hrb_164531,2,2,1,1
hrb_164621,2,2,1,1
hrb_164752,2,2,1,1
hrb_165553,2,2,1,1
hrb_166271,2,2,1,1
hrb_166353,2,2,1,1
hrb_166369,2,2,1,1
hrb_166712,2,2,1,1
hrb_166895,2,2,1,1
hrb_167034,2,2,1,1
hrb_167143,2,1,1,1
hrb_167383,2,2,1,1
hrb_167550,2,2,1,1
hrb_168427,2,2,1,1
hrb_168767,2,1,1,1
hrb_169438,2,2,1,1
hrb_169484,2,1,1,1
hrb_169762,2,2,1,1
hrb_169937,2,2,1,1
hrb_170052,2,2,1,1
hrb_170196,2,2,1,1
hrb_170649,2,2,1,1
hrb_170710,2,2,1,1
hrb_170992,2,2,1,1
hrb_171194,2,2,1,1
hrb_171216,2,2,1,1
hrb_171452,2,2,1,1
hrb_171767,2,2,1,1
hrb_171784,2,1,1,1
hrb_172106,2,1,1,1
hrb_172287,2,2,1,1
hrb_172398,2,2,1,1
hrb_172726,2,1,1,1
hrb_172832,2,2,1,1
hrb_172849,2,2,1,1
hrb_172934,2,2,1,1
hrb_173010,2,2,1,1
hrb_173177,2,2,1,1
hrb_173183,2,2,1,1
hrb_173371,2,1,1,1
hrb_173452,2,2,1,1
hrb_173523,2,2,1,1
hrb_173615,2,1,1,1
hrb_173749,2,2,1,1
hrb_174151,2,2,1,1
hrb_174183,2,2,1,1
hrb_174495,2,1,1,1
hrb_174528,2,2,1,1
hrb_175124,2,2,1,1
hrb_175267,2,2,1,1
hrb_175758,2,2,1,1
hrb_175811,2,2,1,1
hrb_176021,2,2,1,1
hrb_176264,2,2,1,1
hrb_176266,2,1,1,1
hrb_176287,2,2,1,1
hrb_176761,2,2,1,1
hrb_176766,2,2,1,1
hrb_176950,2,2,1,1
hrb_177116,2,1,1,1
hrb_177171,2,2,1,1
hrb_177305,2,1,1,1
hrb_177532,2,2,1,1
hrb_177777,2,2,1,1
hrb_177812,2,2,1,1
hrb_177909,2,2,1,1
hrb_178012,2,2,1,1
hrb_178134,2,1,1,1
hrb_178162,2,1,1,1
hrb_178212,2,2,1,1
hrb_178504,2,2,1,1
hrb_178665,2,1,1,1
hrb_179409,2,1,1,1
hrb_179875,2,1,1,1
hrb_179909,2,2,1,1
hrb_180004,2,2,1,1
hrb_180138,2,2,1,1
hrb_180485,2,2,1,1
hrb_180690,2,2,1,1
hrb_180793,2,2,1,1
hrb_181025,2,1,1,1
hrb_181519,2,2,1,1
hrb_181816,2,2,1,1
hrb_181917,2,2,1,1
hrb_181964,2,1,1,1
hrb_182093,2,2,1,1
hrb_182262,2,2,1,1
hrb_182355,2,1,1,1
hrb_182518,2,2,1,1
hrb_183224,2,2,1,1
hrb_183439,2,2,1,1
hrb_183610,2,2,1,1
hrb_183653,2,2,1,1
hrb_183681,2,1,1,1
hrb_183693,2,1,1,1
hrb_183851,2,1,1,1
hrb_184010,2,2,1,1
hrb_184215,2,2,1,1
hrb_184574,2,2,1,1
hrb_185114,2,2,1,1
hrb_185134,2,2,1,1
hrb_185632,2,2,1,1
hrb_186036,2,1,1,1
hrb_186554,2,2,1,1
hrb_187936,2,1,1,1
hrb_188157,2,1,1,1
hrb_188575,2,1,1,1
hrb_188587,2,2,1,1
hrb_188718,2,2,1,1
hrb_188821,2,2,1,1
hrb_188915,2,2,1,1
hrb_189292,2,2,1,1
hrb_189417,2,2,1,1
hrb_189567,2,2,1,1
hrb_189859,2,2,1,1
hrb_189869,2,1,1,1
hrb_190153,2,2,1,1
hrb_190299,2,2,1,1
hrb_190534,2,2,1,1
hrb_190785,2,1,1,1
hrb_190929,2,1,1,1
hrb_190969,2,1,1,1
hrb_191194,2,2,1,1
hrb_191285,2,2,1,1
hrb_191458,2,1,1,1
hrb_192020,2,2,1,1
hrb_192049,2,2,1,1
hrb_192360,2,2,1,1
hrb_192683,2,2,1,1
hrb_192802,2,2,1,1
hrb_192835,2,1,1,1
hrb_192900,2,2,1,1
hrb_192971,2,1,1,1
hrb_192996,2,2,1,1
hrb_193113,2,2,1,1
hrb_193226,2,2,1,1
hrb_193228,2,2,1,1
hrb_193316,2,2,1,1
hrb_193352,2,2,1,1
hrb_193537,2,2,1,1
hrb_193578,2,2,1,1
hrb_194018,2,2,1,1
hrb_194301,2,1,1,1
hrb_194351,2,2,1,1
hrb_194356,2,1,1,1
hrb_194420,2,2,1,1
hrb_194972,2,1,1,1
hrb_195241,2,1,1,1
hrb_195256,2,2,1,1
hrb_195296,2,2,1,1
hrb_195453,2,2,1,1
hrb_195456,2,1,1,1
hrb_195708,2,1,1,1
hrb_196151,2,2,1,1
hrb_196164,2,1,1,1
hrb_196172,2,2,1,1
hrb_196499,2,1,1,1
hrb_196537,2,1,1,1
hrb_196568,2,2,1,1
hrb_196579,2,1,1,1
hrb_196599,2,1,1,1
hrb_197038,2,2,1,1
hrb_197112,2,2,1,1
hrb_197420,2,2,1,1
hrb_197652,2,1,1,1
hrb_197835,2,2,1,1
hrb_198053,2,2,1,1
hrb_198116,2,2,1,1
hrb_198197,2,2,1,1
hrb_198268,2,2,1,1
hrb_198377,2,2,1,1
hrb_198508,2,2,1,1
hrb_198588,2,1,1,1
hrb_198738,2,2,1,1
hrb_198811,2,1,1,1
hrb_198817,2,2,1,1
hrb_199030,2,1,1,1
hrb_199078,2,2,1,1
hrb_199277,2,2,1,1
hrb_199345,2,1,1,1
hrb_199747,2,2,1,1
hrb_200085,2,2,1,1
hrb_200097,2,1,1,1
hrb_200098,2,2,1,1
hrb_200332,2,1,1,1
hrb_200482,2,1,1,1
hrb_200797,2,2,1,1
hrb_200859,2,1,1,1
hrb_201068,2,1,1,1
hrb_201111,2,2,1,1
hrb_201188,2,1,1,1
hrb_201717,2,2,1,1
hrb_202058,2,1,1,1
hrb_202180,2,1,1,1
hrb_202394,2,1,1,1
hrb_202409,2,1,1,1
hrb_202809,2,1,1,1
hrb_202903,2,2,1,1
hrb_203227,2,2,1,1
hrb_203424,2,2,1,1
hrb_203647,2,1,1,1
hrb_203812,2,2,1,1
hrb_203975,2,2,1,1
hrb_204075,2,1,1,1
hrb_204443,2,2,1,1
hrb_204722,2,2,1,1
hrb_204754,2,2,1,1
hrb_204886,2,2,1,1
hrb_204890,2,2,1,1
hrb_204980,2,2,1,1
hrb_205000,2,2,1,1
hrb_205004,2,2,1,1
hrb_205059,2,2,1,1
hrb_205145,2,1,1,1
hrb_205198,2,2,1,1
hrb_205219,2,2,1,1
hrb_205319,2,2,1,1
hrb_205412,2,2,1,1
hrb_205416,2,1,1,1
hrb_205543,2,2,1,1
hrb_205544,2,1,1,1
hrb_205628,2,2,1,1
hrb_205639,2,1,1,1
hrb_206094,2,2,1,1
hrb_206147,2,1,1,1
hrb_206310,2,2,1,1
hrb_206389,2,2,1,1
hrb_206477,2,2,1,1
hrb_206572,2,1,1,1
hrb_206625,2,2,1,1
hrb_206726,2,2,1,1
hrb_206757,2,1,1,1
hrb_207093,2,1,1,1
hrb_207174,2,2,1,1
hrb_207207,2,2,1,1
hrb_207324,2,2,1,1
hrb_207553,2,2,1,1
hrb_207594,2,2,1,1
hrb_207604,2,2,1,1
hrb_207661,2,1,1,1
hrb_207721,2,1,1,1
hrb_207791,2,2,1,1
hrb_208223,2,1,1,1
hrb_208477,2,2,1,1
hrb_208622,2,2,1,1
hrb_208659,2,1,1,1
hrb_208838,2,1,1,1
hrb_208885,2,2,1,1
hrb_208943,2,2,1,1
hrb_209037,2,2,1,1
hrb_209184,2,2,1,1
hrb_209226,2,2,1,1
hrb_209337,2,2,1,1
hrb_209517,2,2,1,1
hrb_209547,2,1,1,1
hrb_209602,2,1,1,1
hrb_209610,2,2,1,1
hrb_209699,2,2,1,1
hrb_209910,2,2,1,1
hrb_209967,2,2,1,1
hrb_210139,2,2,1,1
hrb_210255,2,2,1,1
hrb_210371,2,2,1,1
hrb_210758,2,2,1,1
hrb_211246,2,2,1,1
hrb_211351,2,2,1,1
hrb_211380,2,2,1,1
hrb_211390,2,2,1,1
hrb_211496,2,2,1,1
hrb_211608,2,2,1,1
hrb_211643,2,2,1,1
hrb_211659,2,2,1,1
hrb_211722,2,2,1,1
hrb_211958,2,2,1,1
hrb_212091,2,2,1,1
hrb_212119,2,2,1,1
hrb_212238,2,1,1,1
hrb_212274,2,2,1,1
hrb_212400,2,2,1,1
hrb_212406,2,1,1,1
hrb_212529,2,1,1,1
hrb_212767,2,2,1,1
hrb_212927,2,2,1,1
hrb_213171,2,1,1,1
hrb_213292,2,2,1,1
hrb_213408,2,2,1,1
hrb_213471,2,1,1,1
hrb_213817,2,1,1,1
hrb_214104,2,2,1,1
hrb_214230,2,2,1,1
hrb_214331,2,2,1,1
hrb_214392,2,1,1,1
hrb_214523,2,1,1,1
hrb_214583,2,1,1,1
hrb_214804,2,1,1,1
hrb_214858,2,1,1,1
hrb_215026,2,2,1,1
hrb_215082,2,2,1,1
hrb_215361,2,2,1,1
hrb_215384,2,1,1,1
hrb_215390,2,1,1,1
hrb_215513,2,2,1,1
hrb_215822,2,2,1,1
hrb_216252,2,1,1,1
hrb_216257,2,1,1,1
hrb_216346,2,1,1,1
hrb_216478,2,2,1,1
hrb_216621,2,2,1,1
hrb_216900,2,2,1,1
hrb_216907,2,2,1,1
hrb_217045,2,2,1,1
hrb_217183,2,2,1,1
hrb_217233,2,1,1,1
hrb_217304,2,2,1,1
hrb_217321,2,1,1,1
hrb_217352,2,1,1,1
hrb_217580,2,1,1,1
hrb_217703,2,2,1,1
hrb_218111,2,2,1,1
hrb_218239,2,2,1,1
hrb_218366,2,1,1,1
hrb_218674,2,1,1,1
hrb_218876,2,2,1,1
hrb_219247,2,1,1,1
hrb_219273,2,1,1,1
hrb_219816,2,2,1,1
hrb_220217,2,2,1,1
hrb_220268,2,1,1,1
hrb_220599,2,2,1,1
hrb_220622,2,1,1,1
hrb_220626,2,1,1,1
hrb_221712,2,1,1,1
hrb_222019,2,2,1,1
hrb_222221,2,2,1,1
hrb_222245,2,2,1,1
hrb_222362,2,1,1,1
hrb_222452,2,2,1,1
hrb_222704,2,1,1,1
hrb_223123,2,1,1,1
hrb_223888,2,2,1,1
hrb_224207,2,2,1,1
hrb_224655,2,2,1,1
hrb_224704,2,1,1,1
hrb_224961,2,1,1,1
hrb_225495,2,1,1,1
hrb_225758,2,1,1,1
hrb_226196,2,1,1,1
hrb_226566,2,2,1,1
hrb_226572,2,2,1,1
hrb_226662,2,2,1,1
hrb_227176,2,2,1,1
hrb_227583,2,2,1,1
hrb_227729,2,1,1,1
hrb_227760,2,1,1,1
hrb_227937,2,1,1,1
hrb_227942,2,2,1,1
hrb_228021,2,1,1,1
hrb_228275,2,2,1,1
hrb_228855,2,2,1,1
hrb_229010,2,1,1,1
hrb_229014,2,1,1,1
hrb_229031,2,1,1,1
hrb_229171,2,1,1,1
hrb_229534,2,1,1,1
hrb_229632,2,2,1,1
hrb_230162,2,2,1,1
hrb_230226,2,1,1,1
hrb_230360,2,2,1,1
hrb_230424,2,1,1,1
hrb_230441,2,2,1,1
hrb_230503,2,1,1,1
hrb_230660,2,2,1,1
hrb_230811,2,2,1,1
hrb_230860,2,2,1,1
hrb_230872,2,2,1,1
hrb_231038,2,2,1,1
hrb_231286,2,1,1,1
hrb_231452,2,2,1,1
hrb_231656,2,1,1,1
hrb_231822,2,2,1,1
hrb_232010,2,1,1,1
hrb_232166,2,2,1,1
hrb_232999,2,2,1,1
hrb_233174,2,2,1,1
hrb_233249,2,2,1,1
hrb_233597,2,1,1,1
hrb_233921,2,1,1,1
hrb_233961,2,2,1,1
hrb_234003,2,1,1,1
hrb_234274,2,2,1,1
hrb_234492,2,2,1,1
hrb_235012,2,2,1,1
hrb_235255,2,1,1,1
hrb_235335,2,2,1,1
hrb_235659,2,2,1,1
hrb_235938,2,2,1,1
hrb_236206,2,2,1,1
hrb_236329,2,2,1,1
hrb_236870,2,2,1,1
hrb_236992,2,2,1,1
hrb_237102,2,2,1,1
hrb_237257,2,2,1,1
hrb_237318,2,2,1,1
hrb_237322,2,1,1,1
hrb_237689,2,2,1,1
hrb_238199,2,2,1,1
hrb_238371,2,2,1,1
hrb_238841,2,1,1,1
hrb_238994,2,2,1,1
hrb_238998,2,2,1,1
hrb_239031,2,2,1,1
hrb_239071,2,2,1,1
hrb_239206,2,1,1,1
hrb_239299,2,1,1,1
hrb_239529,2,2,1,1
hrb_239646,2,1,1,1
hrb_239704,2,2,1,1
hrb_239728,2,2,1,1
hrb_239736,2,1,1,1
hrb_239908,2,2,1,1
hrb_239967,2,1,1,1
hrb_239969,2,1,1,1
hrb_240410,2,1,1,1
hrb_240600,2,2,1,1
hrb_240931,2,2,1,1
hrb_240991,2,2,1,1
hrb_241137,2,1,1,1
hrb_241240,2,2,1,1
hrb_241314,2,1,1,1
hrb_241378,2,1,1,1
hrb_241579,2,2,1,1
hrb_241783,2,2,1,1
hrb_242129,2,1,1,1
hrb_243023,2,2,1,1
hrb_243137,2,2,1,1
hrb_243418,2,2,1,1
hrb_243656,2,2,1,1
hrb_243882,2,1,1,1
hrb_243971,2,2,1,1
hrb_244110,2,2,1,1
hrb_244129,2,2,1,1
hrb_244186,2,1,1,1
hrb_244237,2,2,1,1
hrb_244316,2,2,1,1
hrb_244317,2,2,1,1
hrb_244318,2,2,1,1
hrb_244338,2,2,1,1
hrb_244740,2,2,1,1
hrb_244871,2,1,1,1
hrb_244877,2,2,1,1
hrb_245095,2,2,1,1
hrb_245211,2,2,1,1
hrb_245213,2,1,1,1
hrb_245367,2,2,1,1
hrb_245864,2,2,1,1
hrb_245926,2,2,1,1
hrb_246460,2,2,1,1
hrb_246592,2,2,1,1
hrb_246819,2,2,1,1
hrb_246820,2,2,1,1
hrb_246981,2,2,1,1
hrb_247065,2,2,1,1
hrb_247362,2,2,1,1
hrb_247436,2,2,1,1
hrb_247544,2,2,1,1
hrb_247775,2,2,1,1
hrb_248263,2,2,1,1
hrb_248319,2,2,1,1
hrb_249010,2,2,1,1
hrb_249166,2,2,1,1
hrb_249168,2,2,1,1
hrb_249222,2,1,1,1
hrb_249593,2,2,1,1
hrb_249780,2,2,1,1
hrb_249917,2,1,1,1
hrb_250034,2,2,1,1
hrb_250049,2,2,1,1
hrb_250375,2,1,1,1
hrb_250472,2,2,1,1
hrb_250477,2,2,1,1
hrb_250841,2,2,1,1
hrb_250955,2,2,1,1
hrb_250961,2,1,1,1
hrb_251373,2,1,1,1
hrb_251587,2,2,1,1
hrb_251973,2,1,1,1
hrb_252317,2,2,1,1
hrb_252458,2,1,1,1
hrb_252606,2,1,1,1
hrb_252724,2,1,1,1
hrb_252930,2,1,1,1
hrb_253247,2,2,1,1
hrb_254440,2,1,1,1
hrb_254661,2,1,1,1
hrb_255795,2,2,1,1
hrb_255984,2,1,1,1
hrb_256177,2,1,1,1
hrb_256361,2,1,1,1
hrb_256555,2,1,1,1
hrb_258062,2,1,1,1
hrb_259249,2,1,1,1
hrb_261393,2,1,1,1
hrb_261820,2,1,1,1
kör_100072,2,2,1,1
kör_100080,2,2,1,1
kör_100106,2,2,1,1
kör_100126,2,2,1,1
kör_100129,2,2,1,1
kör_100159,2,2,1,1
kör_100168,2,2,1,1
kör_100174,2,2,1,1
kör_100179,2,2,1,1
kör_100192,2,2,1,1
kör_100210,2,1,1,1
kör_100217,2,2,1,1
kör_100227,2,2,1,1
kör_100246,2,1,1,1
kör_100254,2,2,1,1
kör_100255,2,1,1,1
kör_100266,2,2,1,1
kör_100271,2,2,1,1
kör_100275,2,1,1,1
kör_100277,2,1,1,1
nr_100052,2,2,1,1
nr_100070,2,2,1,1
nr_100082,2,1,1,1
nr_100086,2,2,1,1
nr_100101,2,2,1,1
nr_100346,2,2,1,1
nr_100434,2,2,1,1
nr_100464,2,2,1,1
nr_100482,2,2,1,1
nr_100639,2,1,1,1
nr_100641,2,2,1,1
nr_100650,2,2,1,1
nr_100662,2,1,1,1
nr_100711,2,1,1,1
nr_100734,2,1,1,1
nr_100736,2,2,1,1
nr_100759,2,2,1,1
nr_100801,2,2,1,1
nr_100826,2,1,1,1
nr_100830,2,2,1,1
nr_100838,2,1,1,1
nr_100841,2,1,1,1
nr_100861,2,2,1,1
nr_100866,2,1,1,1
nr_100886,2,1,1,1
nr_100928,2,2,1,1
nr_100937,2,1,1,1
nr_100956,2,2,1,1
nr_100957,2,2,1,1
nr_100965,2,2,1,1
nr_100990,2,2,1,1
nr_100999,2,2,1,1
nr_101005,2,2,1,1
nr_101012,2,2,1,1
nr_101037,2,2,1,1
nr_101042,2,2,1,1
nr_101049,2,2,1,1
nr_101060,2,2,1,1
nr_101065,2,2,1,1
nr_101072,2,2,1,1
nr_101085,2,1,1,1
nr_101089,2,2,1,1
nr_101090,2,2,1,1
nr_101107,2,1,1,1
nr_101119,2,2,1,1
nr_101120,2,2,1,1
nr_101141,2,2,1,1
nr_101207,2,2,1,1
nr_101220,2,2,1,1
nr_101257,2,1,1,1
nr_101263,2,2,1,1
nr_101292,2,2,1,1
nr_101322,2,1,1,1
nr_101327,2,1,1,1
nr_101365,2,2,1,1
nr_101370,2,2,1,1
nr_101418,2,1,1,1
nr_101493,2,1,1,1
nr_101536,2,1,1,1
nr_101905,2,2,1,1
ohne,2,1,1,1
spr_100002,2,2,1,1
spr_100033,2,2,1,1
spr_100061,2,2,1,1
spr_100066,2,2,1,1
spr_100096,2,1,1,1
spr_100112,2,1,1,1
spr_100120,2,2,1,1
spr_100121,2,2,1,1
spr_100125,2,2,1,1
spr_100128,2,1,1,1
spr_100134,2,1,1,1
spr_100158,2,2,1,1
sör_100027,2,2,1,1
vr_000550,2,2,1,1
vr_000837,2,2,1,1
vr_001098,2,2,1,1
vr_001185,2,2,1,1
vr_002174,2,2,1,1
vr_002211,2,1,1,1
vr_003062,2,2,1,1
vr_003153,2,2,1,1
vr_003178,2,2,1,1
vr_003220,2,2,1,1
vr_003663,2,2,1,1
vr_004280,2,2,1,1
vr_004437,2,2,1,1
vr_004680,2,1,1,1
vr_004729,2,2,1,1
vr_004881,2,2,1,1
vr_004924,2,2,1,1
vr_005042,2,2,1,1
vr_005203,2,1,1,1
vr_005520,2,2,1,1
vr_005591,2,2,1,1
vr_005632,2,2,1,1
vr_005969,2,2,1,1
vr_006032,2,2,1,1
vr_006073,2,2,1,1
vr_006194,2,2,1,1
vr_006374,2,2,1,1
vr_006409,2,2,1,1
vr_006494,2,2,1,1
vr_006764,2,2,1,1
vr_006847,2,1,1,1
vr_006922,2,1,1,1
vr_006967,2,2,1,1
vr_007112,2,2,1,1
vr_007141,2,2,1,1
vr_007242,2,2,1,1
vr_007299,2,2,1,1
vr_007495,2,2,1,1
vr_007496,2,2,1,1
vr_007928,2,2,1,1
vr_008002,2,2,1,1
vr_008098,2,2,1,1
vr_008204,2,2,1,1
vr_008284,2,2,1,1
vr_008325,2,1,1,1
vr_008525,2,2,1,1
vr_008601,2,1,1,1
vr_008641,2,2,1,1
vr_0088186,2,1,1,1
vr_008836,2,2,1,1
vr_008891,2,2,1,1
vr_008957,2,2,1,1
vr_009284,2,1,1,1
vr_009343,2,2,1,1
vr_009704,2,2,1,1
vr_010063,2,2,1,1
vr_010654,2,2,1,1
vr_010900,2,1,1,1
vr_011101,2,2,1,1
vr_011152,2,2,1,1
vr_011201,2,2,1,1
vr_011270,2,1,1,1
vr_011366,2,2,1,1
vr_011685,2,2,1,1
vr_011789,2,2,1,1
vr_011838,2,2,1,1
vr_011931,2,2,1,1
vr_012100,2,2,1,1
vr_012224,2,2,1,1
vr_012645,2,2,1,1
vr_013011,2,2,1,1
vr_013173,2,2,1,1
vr_013304,2,2,1,1
vr_013426,2,2,1,1
vr_013478,2,2,1,1
vr_013677,2,2,1,1
vr_013698,2,2,1,1
vr_013731,2,2,1,1
vr_013764,2,2,1,1
vr_013773,2,2,1,1
vr_013967,2,2,1,1
vr_014038,2,2,1,1
vr_014232,2,2,1,1
vr_014524,2,2,1,1
vr_014783,2,2,1,1
vr_015003,2,2,1,1
vr_015025,2,1,1,1
vr_015044,2,2,1,1
vr_015171,2,2,1,1
vr_015304,2,2,1,1
vr_015661,2,1,1,1
vr_015776,2,1,1,1
vr_016023,2,2,1,1
vr_016073,2,2,1,1
vr_016369,2,2,1,1
vr_016387,2,2,1,1
vr_016775,2,2,1,1
vr_017138,2,2,1,1
vr_017188,2,2,1,1
vr_017189,2,2,1,1
vr_017208,2,2,1,1
vr_017542,2,2,1,1
vr_017590,2,2,1,1
vr_017717,2,2,1,1
vr_017721,2,2,1,1
vr_017933,2,2,1,1
vr_018100,2,2,1,1
vr_018274,2,2,1,1
vr_018542,2,2,1,1
vr_018557,2,2,1,1
vr_019018,2,2,1,1
vr_019323,2,2,1,1
vr_019371,2,2,1,1
vr_019524,2,2,1,1
vr_019615,2,2,1,1
vr_019955,2,2,1,1
vr_020351,2,2,1,1
vr_020719,2,1,1,1
vr_020854,2,2,1,1
vr_020922,2,1,1,1
vr_020956,2,2,1,1
vr_021129,2,2,1,1
vr_021185,2,2,1,1
vr_021212,2,2,1,1
vr_021467,2,1,1,1
vr_021485,2,2,1,1
vr_021567,2,2,1,1
vr_021658,2,2,1,1
vr_021842,2,2,1,1
vr_021891,2,2,1,1
vr_022345,2,2,1,1
vr_022367,2,2,1,1
vr_022442,2,2,1,1
vr_022783,2,2,1,1
vr_023064,2,2,1,1
vr_023652,2,2,1,1
vr_023740,2,2,1,1
vr_023851,2,1,1,1
vr_023870,2,1,1,1
vr_024122,2,2,1,1
vr_024170,2,2,1,1
vr_024405,2,1,1,1
vr_024547,2,2,1,1
vr_024990,2,2,1,1
vr_025223,2,1,1,1
vr_025303,2,2,1,1
vr_025870,2,2,1,1
vr_025953,2,2,1,1
vr_026042,2,1,1,1
vr_026072,2,2,1,1
vr_026096,2,2,1,1
vr_026158,2,2,1,1
vr_026235,2,2,1,1
vr_026315,2,1,1,1
vr_026370,2,1,1,1
vr_026397,2,2,1,1
vr_026416,2,2,1,1
vr_026446,2,2,1,1
vr_026575,2,2,1,1
vr_026677,2,2,1,1
vr_026685,2,2,1,1
vr_026823,2,2,1,1
vr_027157,2,2,1,1
vr_027589,2,1,1,1
vr_027799,2,1,1,1
vr_027918,2,2,1,1
vr_028294,2,2,1,1
vr_028388,2,1,1,1
vr_028453,2,2,1,1
vr_028499,2,2,1,1
vr_028719,2,2,1,1
vr_029122,2,1,1,1
vr_029582,2,2,1,1
vr_030204,2,2,1,1
vr_030390,2,2,1,1
vr_030692,2,2,1,1
vr_030872,2,2,1,1
vr_030894,2,2,1,1
vr_030940,2,2,1,1
vr_031184,2,1,1,1
vr_031217,2,2,1,1
vr_031491,2,2,1,1
vr_031561,2,2,1,1
vr_031639,2,2,1,1
vr_031662,2,2,1,1
vr_032121,2,2,1,1
vr_032124,2,2,1,1
vr_032240,2,2,1,1
vr_032363,2,2,1,1
vr_032371,2,1,1,1
vr_032500,2,2,1,1
vr_032510,2,1,1,1
vr_032563,2,2,1,1
vr_032598,2,2,1,1
vr_032627,2,2,1,1
vr_033005,2,2,1,1
vr_033102,2,2,1,1
vr_033258,2,2,1,1
vr_033418,2,2,1,1
vr_033545,2,2,1,1
vr_033653,2,2,1,1
vr_033723,2,2,1,1
vr_033725,2,2,1,1
vr_033730,2,2,1,1
vr_033743,2,2,1,1
vr_033845,2,2,1,1
vr_033849,2,2,1,1
vr_034123,2,2,1,1
vr_034207,2,2,1,1
vr_034222,2,1,1,1
vr_034246,2,1,1,1
vr_034284,2,1,1,1
vr_034348,2,2,1,1
vr_034350,2,2,1,1
vr_034397,2,2,1,1
vr_034664,2,2,1,1
vr_034665,2,2,1,1
vr_034681,2,1,1,1
vr_034730,2,2,1,1
vr_034771,2,2,1,1
vr_034893,2,2,1,1
vr_034959,2,1,1,1
vr_035260,2,2,1,1
vr_035338,2,1,1,1
vr_035397,2,2,1,1
vr_035530,2,2,1,1
vr_035755,2,2,1,1
vr_035965,2,2,1,1
vr_035987,2,2,1,1
vr_036066,2,2,1,1
vr_036109,2,2,1,1
vr_036199,2,2,1,1
vr_036281,2,2,1,1
vr_036381,2,2,1,1
vr_036399,2,1,1,1
vr_036710,2,2,1,1
vr_036752,2,2,1,1
vr_036883,2,2,1,1
vr_036936,2,2,1,1
vr_037013,2,2,1,1
vr_037095,2,2,1,1
vr_037190,2,2,1,1
vr_037288,2,1,1,1
vr_037332,2,1,1,1
vr_037414,2,2,1,1
vr_037619,2,2,1,1
vr_037725,2,2,1,1
vr_037756,2,1,1,1
vr_037773,2,2,1,1
vr_037805,2,2,1,1
vr_037819,2,2,1,1
vr_037844,2,2,1,1
vr_037851,2,2,1,1
vr_037856,2,2,1,1
vr_037978,2,2,1,1
vr_038027,2,2,1,1
vr_038109,2,2,1,1
vr_038196,2,2,1,1
vr_038278,2,2,1,1
vr_038297,2,2,1,1
vr_038586,2,1,1,1
vr_038782,2,2,1,1
vr_038937,2,2,1,1
vr_038951,2,2,1,1
vr_038966,2,1,1,1
vr_039003,2,2,1,1
vr_039017,2,2,1,1
vr_039084,2,2,1,1
vr_039132,2,1,1,1
vr_039180,2,2,1,1
vr_039207,2,2,1,1
vr_039236,2,2,1,1
vr_039273,2,2,1,1
vr_039320,2,2,1,1
vr_039425,2,2,1,1
vr_039529,2,2,1,1
vr_039630,2,1,1,1
vr_039746,2,2,1,1
vr_039931,2,2,1,1
vr_039958,2,2,1,1
vr_039962,2,2,1,1
vr_039971,2,1,1,1
vr_039979,2,2,1,1
vr_040162,2,2,1,1
vr_040257,2,2,1,1
vr_040334,2,2,1,1
vr_040358,2,1,1,1
vr_040453,2,1,1,1
vr_040462,2,2,1,1
vr_040517,2,2,1,1
vr_040755,2,1,1,1
vr_047053,2,1,1,1
0,1,1,1,1
aör_100005,1,1,1,1
aör_100008,1,1,1,1
gbr_100027,1,1,1,1
gnr_000087,1,1,1,1
gnr_000088,1,1,1,1
gnr_000106,1,1,1,1
gnr_000154,1,1,1,1
gnr_000170,1,1,1,1
gnr_000447,1,1,1,1
gnr_000456,1,1,1,1
gnr_000457,1,1,1,1
gnr_000466,1,1,1,1
gnr_000468,1,1,1,1
gnr_000473,1,1,1,1
gnr_000474,1,1,1,1
gnr_000488,1,1,1,1
gnr_000489,1,1,1,1
gnr_000491,1,1,1,1
gnr_000538,1,1,1,1
gnr_000643,1,1,1,1
gnr_000649,1,1,1,1
gnr_000682,1,1,1,1
gnr_000695,1,1,1,1
gnr_000784,1,1,1,1
gnr_000794,1,1,1,1
gnr_000936,1,1,1,1
gnr_000952,1,1,1,1
gnr_000970,1,1,1,1
gnr_000985,1,1,1,1
gnr_001021,1,1,1,1
gnr_001023,1,1,1,1
gnr_001036,1,1,1,1
hra_000030,1,1,1,1
hra_000673,1,1,1,1
hra_001334,1,1,1,1
hra_001430,1,1,1,1
hra_005284,1,1,1,1
hra_006318,1,1,1,1
hra_006501,1,1,1,1
hra_006593,1,1,1,1
hra_007189,1,1,1,1
hra_008284,1,1,1,1
hra_014487,1,1,1,1
hra_016379,1,1,1,1
hra_017314,1,1,1,1
hra_017397,1,1,1,1
hra_019373,1,1,1,1
hra_021581,1,1,1,1
hra_021743,1,1,1,1
hra_022269,1,1,1,1
hra_023263,1,1,1,1
hra_023462,1,1,1,1
hra_024198,1,1,1,1
hra_025391,1,1,1,1
hra_026836,1,1,1,1
hra_027473,1,1,1,1
hra_027605,1,1,1,1
hra_028132,1,1,1,1
hra_028281,1,1,1,1
hra_028843,1,1,1,1
hra_030659,1,1,1,1
hra_031579,1,1,1,1
hra_032189,1,1,1,1
hra_032390,1,1,1,1
hra_032549,1,1,1,1
hra_032925,1,1,1,1
hra_033158,1,1,1,1
hra_033346,1,1,1,1
hra_033406,1,1,1,1
hra_033477,1,1,1,1
hra_034395,1,1,1,1
hra_034512,1,1,1,1
hra_034836,1,1,1,1
hra_035361,1,1,1,1
hra_035576,1,1,1,1
hra_037016,1,1,1,1
hra_037064,1,1,1,1
hra_037086,1,1,1,1
hra_037226,1,1,1,1
hra_037913,1,1,1,1
hra_038153,1,1,1,1
hra_038327,1,1,1,1
hra_038655,1,1,1,1
hra_039041,1,1,1,1
hra_039198,1,1,1,1
hra_039385,1,1,1,1
hra_039493,1,1,1,1
hra_040079,1,1,1,1
hra_040293,1,1,1,1
hra_040435,1,1,1,1
hra_041644,1,1,1,1
hra_042383,1,1,1,1
hra_042444,1,1,1,1
hra_042799,1,1,1,1
hra_042848,1,1,1,1
hra_043443,1,1,1,1
hra_043459,1,1,1,1
hra_043839,1,1,1,1
hra_043894,1,1,1,1
hra_044211,1,1,1,1
hra_044249,1,1,1,1
hra_044290,1,1,1,1
hra_044693,1,1,1,1
hra_044782,1,1,1,1
hra_045033,1,1,1,1
hra_045378,1,1,1,1
hra_045562,1,1,1,1
hra_046263,1,1,1,1
hra_046331,1,1,1,1
hra_046443,1,1,1,1
hra_046977,1,1,1,1
hra_047514,1,1,1,1
hra_047597,1,1,1,1
hra_047765,1,1,1,1
hra_048105,1,1,1,1
hra_048160,1,1,1,1
hra_048348,1,1,1,1
hra_048733,1,1,1,1
hra_048834,1,1,1,1
hra_048868,1,1,1,1
hra_049168,1,1,1,1
hra_049247,1,1,1,1
hra_049398,1,1,1,1
hra_049416,1,1,1,1
hra_049434,1,1,1,1
hra_049777,1,1,1,1
hra_050123,1,1,1,1
hra_050360,1,1,1,1
hra_050530,1,1,1,1
hra_050646,1,1,1,1
hra_050833,1,1,1,1
hra_050985,1,1,1,1
hra_051239,1,1,1,1
hra_051350,1,1,1,1
hra_051376,1,1,1,1
hra_051444,1,1,1,1
hra_051732,1,1,1,1
hra_052035,1,1,1,1
hra_052158,1,1,1,1
hra_052368,1,1,1,1
hra_052578,1,1,1,1
hra_052613,1,1,1,1
hra_053225,1,1,1,1
hra_053582,1,1,1,1
hra_053953,1,1,1,1
hra_053976,1,1,1,1
hra_054134,1,1,1,1
hra_054367,1,1,1,1
hra_054571,1,1,1,1
hra_054987,1,1,1,1
hra_055004,1,1,1,1
hra_055149,1,1,1,1
hra_055553,1,1,1,1
hra_055573,1,1,1,1
hra_055669,1,1,1,1
hra_055860,1,1,1,1
hra_055865,1,1,1,1
hra_056145,1,1,1,1
hra_056183,1,1,1,1
hra_056185,1,1,1,1
hra_056264,1,1,1,1
hra_056343,1,1,1,1
hra_056349,1,1,1,1
hra_056567,1,1,1,1
hra_056580,1,1,1,1
hra_056714,1,1,1,1
hra_057230,1,1,1,1
hra_057461,1,1,1,1
hra_057625,1,1,1,1
hra_058249,1,1,1,1
hra_058445,1,1,1,1
hra_058467,1,1,1,1
hra_059087,1,1,1,1
hra_059265,1,1,1,1
hra_059560,1,1,1,1
hra_059687,1,1,1,1
hra_060323,1,1,1,1
hra_060424,1,1,1,1
hra_060549,1,1,1,1
hra_061113,1,1,1,1
hrb_ 213073,1,1,1,1
hrb_001832,1,1,1,1
hrb_001857,1,1,1,1
hrb_002246,1,1,1,1
hrb_002790,1,1,1,1
hrb_003219,1,1,1,1
hrb_003996,1,1,1,1
hrb_004561,1,1,1,1
hrb_004905,1,1,1,1
hrb_005041,1,1,1,1
hrb_005255,1,1,1,1
hrb_005577,1,1,1,1
hrb_006306,1,1,1,1
hrb_006696,1,1,1,1
hrb_007177,1,1,1,1
hrb_007223,1,1,1,1
hrb_007554,1,1,1,1
hrb_007627,1,1,1,1
hrb_008814,1,1,1,1
hrb_009486,1,1,1,1
hrb_010292,1,1,1,1
hrb_010303,1,1,1,1
hrb_010835,1,1,1,1
hrb_010841,1,1,1,1
hrb_010850,1,1,1,1
hrb_011019,1,1,1,1
hrb_011116,1,1,1,1
hrb_011202,1,1,1,1
hrb_011331,1,1,1,1
hrb_011610,1,1,1,1
hrb_011792,1,1,1,1
hrb_011925,1,1,1,1
hrb_012311,1,1,1,1
hrb_012643,1,1,1,1
hrb_013667,1,1,1,1
hrb_013758,1,1,1,1
hrb_013955,1,1,1,1
hrb_013983,1,1,1,1
hrb_014377,1,1,1,1
hrb_014548,1,1,1,1
hrb_014752,1,1,1,1
hrb_014764,1,1,1,1
hrb_015786,1,1,1,1
hrb_016067,1,1,1,1
hrb_016300,1,1,1,1
hrb_016329,1,1,1,1
hrb_016380,1,1,1,1
hrb_016439,1,1,1,1
hrb_016456,1,1,1,1
hrb_016575,1,1,1,1
hrb_016896,1,1,1,1
hrb_017072,1,1,1,1
hrb_017209,1,1,1,1
hrb_017230,1,1,1,1
hrb_017313,1,1,1,1
hrb_017374,1,1,1,1
hrb_017402,1,1,1,1
hrb_017492,1,1,1,1
hrb_017766,1,1,1,1
hrb_017818,1,1,1,1
hrb_018114,1,1,1,1
hrb_018407,1,1,1,1
hrb_018564,1,1,1,1
hrb_018570,1,1,1,1
hrb_018697,1,1,1,1
hrb_018751,1,1,1,1
hrb_018988,1,1,1,1
hrb_019507,1,1,1,1
hrb_019900,1,1,1,1
hrb_020594,1,1,1,1
hrb_020630,1,1,1,1
hrb_020878,1,1,1,1
hrb_020972,1,1,1,1
hrb_021287,1,1,1,1
hrb_021380,1,1,1,1
hrb_021467,1,1,1,1
hrb_021494,1,1,1,1
hrb_021575,1,1,1,1
hrb_021589,1,1,1,1
hrb_021808,1,1,1,1
hrb_022208,1,1,1,1
hrb_022517,1,1,1,1
hrb_022534,1,1,1,1
hrb_022679,1,1,1,1
hrb_023109,1,1,1,1
hrb_023258,1,1,1,1
hrb_023532,1,1,1,1
hrb_023816,1,1,1,1
hrb_023852,1,1,1,1
hrb_023972,1,1,1,1
hrb_024020,1,1,1,1
hrb_024240,1,1,1,1
hrb_024385,1,1,1,1
hrb_024657,1,1,1,1
hrb_024744,1,1,1,1
hrb_024776,1,1,1,1
hrb_024987,1,1,1,1
hrb_025003,1,1,1,1
hrb_025059,1,1,1,1
hrb_025125,1,1,1,1
hrb_025585,1,1,1,1
hrb_025795,1,1,1,1
hrb_026126,1,1,1,1
hrb_026329,1,1,1,1
hrb_026352,1,1,1,1
hrb_026622,1,1,1,1
hrb_026665,1,1,1,1
hrb_026754,1,1,1,1
hrb_026855,1,1,1,1
hrb_027287,1,1,1,1
hrb_027699,1,1,1,1
hrb_028190,1,1,1,1
hrb_028286,1,1,1,1
hrb_028348,1,1,1,1
hrb_028413,1,1,1,1
hrb_028419,1,1,1,1
hrb_028573,1,1,1,1
hrb_029251,1,1,1,1
hrb_029257,1,1,1,1
hrb_029561,1,1,1,1
hrb_029856,1,1,1,1
hrb_030047,1,1,1,1
hrb_030057,1,1,1,1
hrb_030137,1,1,1,1
hrb_030249,1,1,1,1
hrb_030331,1,1,1,1
hrb_030412,1,1,1,1
hrb_031099,1,1,1,1
hrb_031157,1,1,1,1
hrb_031558,1,1,1,1
hrb_031728,1,1,1,1
hrb_031769,1,1,1,1
hrb_032133,1,1,1,1
hrb_032299,1,1,1,1
hrb_032520,1,1,1,1
hrb_032624,1,1,1,1
hrb_032744,1,1,1,1
hrb_033214,1,1,1,1
hrb_033525,1,1,1,1
hrb_033543,1,1,1,1
hrb_033661,1,1,1,1
hrb_033669,1,1,1,1
hrb_034057,1,1,1,1
hrb_034082,1,1,1,1
hrb_034406,1,1,1,1
hrb_034422,1,1,1,1
hrb_034534,1,1,1,1
hrb_035055,1,1,1,1
hrb_035112,1,1,1,1
hrb_035454,1,1,1,1
hrb_035465,1,1,1,1
hrb_035574,1,1,1,1
hrb_035986,1,1,1,1
hrb_036069,1,1,1,1
hrb_036115,1,1,1,1
hrb_036210,1,1,1,1
hrb_036260,1,1,1,1
hrb_036347,1,1,1,1
hrb_036414,1,1,1,1
hrb_036769,1,1,1,1
hrb_036829,1,1,1,1
hrb_036905,1,1,1,1
hrb_036916,1,1,1,1
hrb_036953,1,1,1,1
hrb_037117,1,1,1,1
hrb_037132,1,1,1,1
hrb_037209,1,1,1,1
hrb_037330,1,1,1,1
hrb_037424,1,1,1,1
hrb_037479,1,1,1,1
hrb_037514,1,1,1,1
hrb_037567,1,1,1,1
hrb_037686,1,1,1,1
hrb_037845,1,1,1,1
hrb_037932,1,1,1,1
hrb_038015,1,1,1,1
hrb_038160,1,1,1,1
hrb_038418,1,1,1,1
hrb_038431,1,1,1,1
hrb_038667,1,1,1,1
hrb_038899,1,1,1,1
hrb_039393,1,1,1,1
hrb_039544,1,1,1,1
hrb_039610,1,1,1,1
hrb_039614,1,1,1,1
hrb_039616,1,1,1,1
hrb_039749,1,1,1,1
hrb_039943,1,1,1,1
hrb_040010,1,1,1,1
hrb_040345,1,1,1,1
hrb_040368,1,1,1,1
hrb_040455,1,1,1,1
hrb_040459,1,1,1,1
hrb_040460,1,1,1,1
hrb_040509,1,1,1,1
hrb_040760,1,1,1,1
hrb_040776,1,1,1,1
hrb_040830,1,1,1,1
hrb_041072,1,1,1,1
hrb_041197,1,1,1,1
hrb_041252,1,1,1,1
hrb_041257,1,1,1,1
hrb_041448,1,1,1,1
hrb_041488,1,1,1,1
hrb_041750,1,1,1,1
hrb_041862,1,1,1,1
hrb_041912,1,1,1,1
hrb_041922,1,1,1,1
hrb_041962,1,1,1,1
hrb_042053,1,1,1,1
hrb_042094,1,1,1,1
hrb_042139,1,1,1,1
hrb_042165,1,1,1,1
hrb_042171,1,1,1,1
hrb_042172,1,1,1,1
hrb_042242,1,1,1,1
hrb_042308,1,1,1,1
hrb_042419,1,1,1,1
hrb_042491,1,1,1,1
hrb_042952,1,1,1,1
hrb_042979,1,1,1,1
hrb_043080,1,1,1,1
hrb_043168,1,1,1,1
hrb_043292,1,1,1,1
hrb_043334,1,1,1,1
hrb_043362,1,1,1,1
hrb_043412,1,1,1,1
hrb_043419,1,1,1,1
hrb_044380,1,1,1,1
hrb_044450,1,1,1,1
hrb_045118,1,1,1,1
hrb_045324,1,1,1,1
hrb_045442,1,1,1,1
hrb_045642,1,1,1,1
hrb_045715,1,1,1,1
hrb_045782,1,1,1,1
hrb_045809,1,1,1,1
hrb_045829,1,1,1,1
hrb_045859,1,1,1,1
hrb_045908,1,1,1,1
hrb_046087,1,1,1,1
hrb_046185,1,1,1,1
hrb_046192,1,1,1,1
hrb_046287,1,1,1,1
hrb_046397,1,1,1,1
hrb_046414,1,1,1,1
hrb_046425,1,1,1,1
hrb_047013,1,1,1,1
hrb_047234,1,1,1,1
hrb_047357,1,1,1,1
hrb_047360,1,1,1,1
hrb_047379,1,1,1,1
hrb_047673,1,1,1,1
hrb_047697,1,1,1,1
hrb_047853,1,1,1,1
hrb_048158,1,1,1,1
hrb_048194,1,1,1,1
hrb_048200,1,1,1,1
hrb_048379,1,1,1,1
hrb_048474,1,1,1,1
hrb_048768,1,1,1,1
hrb_048880,1,1,1,1
hrb_049009,1,1,1,1
hrb_049057,1,1,1,1
hrb_049075,1,1,1,1
hrb_049283,1,1,1,1
hrb_049296,1,1,1,1
hrb_049539,1,1,1,1
hrb_049668,1,1,1,1
hrb_049674,1,1,1,1
hrb_049904,1,1,1,1
hrb_050057,1,1,1,1
hrb_050212,1,1,1,1
hrb_050261,1,1,1,1
hrb_050476,1,1,1,1
hrb_050504,1,1,1,1
hrb_050539,1,1,1,1
hrb_050614,1,1,1,1
hrb_050693,1,1,1,1
hrb_050792,1,1,1,1
hrb_050914,1,1,1,1
hrb_051062,1,1,1,1
hrb_051184,1,1,1,1
hrb_051278,1,1,1,1
hrb_051361,1,1,1,1
hrb_051474,1,1,1,1
hrb_051524,1,1,1,1
hrb_051670,1,1,1,1
hrb_051690,1,1,1,1
hrb_051884,1,1,1,1
hrb_051907,1,1,1,1
hrb_052140,1,1,1,1
hrb_052216,1,1,1,1
hrb_052237,1,1,1,1
hrb_052239,1,1,1,1
hrb_052326,1,1,1,1
hrb_052360,1,1,1,1
hrb_052449,1,1,1,1
hrb_052615,1,1,1,1
hrb_052897,1,1,1,1
hrb_052932,1,1,1,1
hrb_053189,1,1,1,1
hrb_053217,1,1,1,1
hrb_053313,1,1,1,1
hrb_053555,1,1,1,1
hrb_053587,1,1,1,1
hrb_053634,1,1,1,1
hrb_053761,1,1,1,1
hrb_053935,1,1,1,1
hrb_053961,1,1,1,1
hrb_054052,1,1,1,1
hrb_054100,1,1,1,1
hrb_054141,1,1,1,1
hrb_054147,1,1,1,1
hrb_054412,1,1,1,1
hrb_054431,1,1,1,1
hrb_054581,1,1,1,1
hrb_054760,1,1,1,1
hrb_054775,1,1,1,1
hrb_054825,1,1,1,1
hrb_054847,1,1,1,1
hrb_055014,1,1,1,1
hrb_055015,1,1,1,1
hrb_055087,1,1,1,1
hrb_055122,1,1,1,1
hrb_055467,1,1,1,1
hrb_055651,1,1,1,1
hrb_055766,1,1,1,1
hrb_055856,1,1,1,1
hrb_056085,1,1,1,1
hrb_056253,1,1,1,1
hrb_056300,1,1,1,1
hrb_056469,1,1,1,1
hrb_056650,1,1,1,1
hrb_056699,1,1,1,1
hrb_056722,1,1,1,1
hrb_056912,1,1,1,1
hrb_057020,1,1,1,1
hrb_057084,1,1,1,1
hrb_057170,1,1,1,1
hrb_057174,1,1,1,1
hrb_057202,1,1,1,1
hrb_057400,1,1,1,1
hrb_057444,1,1,1,1
hrb_057448,1,1,1,1
hrb_057611,1,1,1,1
hrb_057821,1,1,1,1
hrb_057947,1,1,1,1
hrb_058021,1,1,1,1
hrb_058025,1,1,1,1
hrb_058057,1,1,1,1
hrb_058159,1,1,1,1
hrb_058222,1,1,1,1
hrb_058461,1,1,1,1
hrb_058468,1,1,1,1
hrb_058512,1,1,1,1
hrb_058575,1,1,1,1
hrb_058650,1,1,1,1
hrb_058730,1,1,1,1
hrb_058850,1,1,1,1
hrb_059373,1,1,1,1
hrb_059451,1,1,1,1
hrb_060019,1,1,1,1
hrb_060146,1,1,1,1
hrb_060207,1,1,1,1
hrb_060245,1,1,1,1
hrb_060252,1,1,1,1
hrb_060308,1,1,1,1
hrb_060400,1,1,1,1
hrb_060757,1,1,1,1
hrb_060844,1,1,1,1
hrb_060857,1,1,1,1
hrb_060873,1,1,1,1
hrb_061072,1,1,1,1
hrb_061153,1,1,1,1
hrb_061239,1,1,1,1
hrb_061249,1,1,1,1
hrb_061363,1,1,1,1
hrb_061459,1,1,1,1
hrb_061752,1,1,1,1
hrb_061793,1,1,1,1
hrb_061814,1,1,1,1
hrb_062012,1,1,1,1
hrb_062322,1,1,1,1
hrb_062521,1,1,1,1
hrb_062710,1,1,1,1
hrb_062933,1,1,1,1
hrb_062981,1,1,1,1
hrb_063183,1,1,1,1
hrb_063218,1,1,1,1
hrb_063234,1,1,1,1
hrb_063337,1,1,1,1
hrb_063557,1,1,1,1
hrb_063936,1,1,1,1
hrb_063993,1,1,1,1
hrb_064020,1,1,1,1
hrb_064085,1,1,1,1
hrb_064087,1,1,1,1
hrb_064284,1,1,1,1
hrb_064384,1,1,1,1
hrb_064406,1,1,1,1
hrb_064430,1,1,1,1
hrb_064562,1,1,1,1
hrb_064586,1,1,1,1
hrb_064597,1,1,1,1
hrb_064637,1,1,1,1
hrb_064666,1,1,1,1
hrb_064669,1,1,1,1
hrb_064989,1,1,1,1
hrb_065099,1,1,1,1
hrb_065241,1,1,1,1
hrb_065499,1,1,1,1
hrb_065541,1,1,1,1
hrb_065747,1,1,1,1
hrb_065974,1,1,1,1
hrb_065999,1,1,1,1
hrb_066162,1,1,1,1
hrb_066247,1,1,1,1
hrb_066681,1,1,1,1
hrb_066692,1,1,1,1
hrb_066738,1,1,1,1
hrb_066872,1,1,1,1
hrb_066915,1,1,1,1
hrb_067033,1,1,1,1
hrb_067179,1,1,1,1
hrb_067303,1,1,1,1
hrb_067489,1,1,1,1
hrb_067564,1,1,1,1
hrb_067865,1,1,1,1
hrb_067889,1,1,1,1
hrb_067896,1,1,1,1
hrb_067969,1,1,1,1
hrb_068162,1,1,1,1
hrb_068198,1,1,1,1
hrb_068230,1,1,1,1
hrb_068256,1,1,1,1
hrb_068308,1,1,1,1
hrb_068388,1,1,1,1
hrb_068460,1,1,1,1
hrb_068573,1,1,1,1
hrb_068668,1,1,1,1
hrb_068818,1,1,1,1
hrb_069253,1,1,1,1
hrb_069322,1,1,1,1
hrb_069421,1,1,1,1
hrb_069592,1,1,1,1
hrb_069650,1,1,1,1
hrb_069706,1,1,1,1
hrb_069726,1,1,1,1
hrb_069737,1,1,1,1
hrb_069810,1,1,1,1
hrb_069945,1,1,1,1
hrb_070032,1,1,1,1
hrb_070211,1,1,1,1
hrb_070340,1,1,1,1
hrb_070354,1,1,1,1
hrb_070365,1,1,1,1
hrb_070382,1,1,1,1
hrb_070416,1,1,1,1
hrb_070500,1,1,1,1
hrb_070600,1,1,1,1
hrb_070767,1,1,1,1
hrb_070915,1,1,1,1
hrb_070947,1,1,1,1
hrb_071042,1,1,1,1
hrb_071133,1,1,1,1
hrb_071151,1,1,1,1
hrb_071298,1,1,1,1
hrb_071354,1,1,1,1
hrb_071359,1,1,1,1
hrb_071365,1,1,1,1
hrb_071420,1,1,1,1
hrb_071591,1,1,1,1
hrb_071653,1,1,1,1
hrb_071959,1,1,1,1
hrb_071968,1,1,1,1
hrb_072019,1,1,1,1
hrb_072239,1,1,1,1
hrb_072266,1,1,1,1
hrb_072430,1,1,1,1
hrb_072464,1,1,1,1
hrb_072631,1,1,1,1
hrb_072849,1,1,1,1
hrb_072853,1,1,1,1
hrb_072899,1,1,1,1
hrb_072919,1,1,1,1
hrb_072924,1,1,1,1
hrb_073218,1,1,1,1
hrb_073233,1,1,1,1
hrb_073266,1,1,1,1
hrb_073494,1,1,1,1
hrb_073518,1,1,1,1
hrb_073572,1,1,1,1
hrb_073631,1,1,1,1
hrb_073708,1,1,1,1
hrb_073798,1,1,1,1
hrb_073810,1,1,1,1
hrb_073852,1,1,1,1
hrb_073894,1,1,1,1
hrb_073945,1,1,1,1
hrb_074005,1,1,1,1
hrb_074097,1,1,1,1
hrb_074153,1,1,1,1
hrb_074258,1,1,1,1
hrb_074279,1,1,1,1
hrb_074292,1,1,1,1
hrb_074295,1,1,1,1
hrb_074322,1,1,1,1
hrb_074434,1,1,1,1
hrb_074514,1,1,1,1
hrb_074710,1,1,1,1
hrb_074715,1,1,1,1
hrb_074755,1,1,1,1
hrb_074771,1,1,1,1
hrb_074950,1,1,1,1
hrb_075433,1,1,1,1
hrb_075450,1,1,1,1
hrb_075539,1,1,1,1
hrb_075562,1,1,1,1
hrb_075594,1,1,1,1
hrb_075604,1,1,1,1
hrb_075644,1,1,1,1
hrb_075797,1,1,1,1
hrb_075861,1,1,1,1
hrb_075982,1,1,1,1
hrb_076142,1,1,1,1
hrb_076233,1,1,1,1
hrb_076317,1,1,1,1
hrb_076523,1,1,1,1
hrb_076534,1,1,1,1
hrb_076659,1,1,1,1
hrb_076686,1,1,1,1
hrb_076950,1,1,1,1
hrb_077373,1,1,1,1
hrb_077374,1,1,1,1
hrb_077409,1,1,1,1
hrb_077470,1,1,1,1
hrb_077473,1,1,1,1
hrb_077513,1,1,1,1
hrb_077519,1,1,1,1
hrb_077566,1,1,1,1
hrb_077660,1,1,1,1
hrb_077717,1,1,1,1
hrb_077769,1,1,1,1
hrb_077833,1,1,1,1
hrb_078014,1,1,1,1
hrb_078015,1,1,1,1
hrb_078363,1,1,1,1
hrb_078370,1,1,1,1
hrb_078384,1,1,1,1
hrb_078596,1,1,1,1
hrb_078781,1,1,1,1
hrb_078822,1,1,1,1
hrb_078948,1,1,1,1
hrb_079023,1,1,1,1
hrb_079054,1,1,1,1
hrb_079109,1,1,1,1
hrb_079195,1,1,1,1
hrb_079252,1,1,1,1
hrb_079342,1,1,1,1
hrb_079543,1,1,1,1
hrb_079669,1,1,1,1
hrb_079771,1,1,1,1
hrb_079781,1,1,1,1
hrb_079879,1,1,1,1
hrb_079909,1,1,1,1
hrb_079982,1,1,1,1
hrb_080250,1,1,1,1
hrb_080610,1,1,1,1
hrb_080667,1,1,1,1
hrb_080683,1,1,1,1
hrb_080738,1,1,1,1
hrb_080901,1,1,1,1
hrb_080902,1,1,1,1
hrb_081351,1,1,1,1
hrb_081533,1,1,1,1
hrb_081618,1,1,1,1
hrb_081620,1,1,1,1
hrb_081625,1,1,1,1
hrb_081671,1,1,1,1
hrb_081841,1,1,1,1
hrb_081857,1,1,1,1
hrb_082029,1,1,1,1
hrb_082062,1,1,1,1
hrb_082156,1,1,1,1
hrb_082232,1,1,1,1
hrb_082247,1,1,1,1
hrb_082260,1,1,1,1
hrb_082357,1,1,1,1
hrb_082366,1,1,1,1
hrb_082613,1,1,1,1
hrb_082834,1,1,1,1
hrb_082844,1,1,1,1
hrb_082849,1,1,1,1
hrb_082938,1,1,1,1
hrb_082939,1,1,1,1
hrb_083051,1,1,1,1
hrb_083068,1,1,1,1
hrb_083101,1,1,1,1
hrb_083112,1,1,1,1
hrb_083182,1,1,1,1
hrb_083198,1,1,1,1
hrb_083261,1,1,1,1
hrb_083294,1,1,1,1
hrb_083391,1,1,1,1
hrb_083478,1,1,1,1
hrb_083479,1,1,1,1
hrb_083502,1,1,1,1
hrb_083516,1,1,1,1
hrb_083739,1,1,1,1
hrb_083774,1,1,1,1
hrb_083984,1,1,1,1
hrb_084001,1,1,1,1
hrb_084056,1,1,1,1
hrb_084184,1,1,1,1
hrb_084334,1,1,1,1
hrb_084531,1,1,1,1
hrb_084723,1,1,1,1
hrb_084734,1,1,1,1
hrb_084806,1,1,1,1
hrb_084895,1,1,1,1
hrb_084996,1,1,1,1
hrb_085037,1,1,1,1
hrb_085039,1,1,1,1
hrb_085053,1,1,1,1
hrb_085082,1,1,1,1
hrb_085094,1,1,1,1
hrb_085113,1,1,1,1
hrb_085124,1,1,1,1
hrb_085171,1,1,1,1
hrb_085304,1,1,1,1
hrb_085313,1,1,1,1
hrb_085384,1,1,1,1
hrb_085419,1,1,1,1
hrb_085476,1,1,1,1
hrb_085521,1,1,1,1
hrb_085559,1,1,1,1
hrb_085575,1,1,1,1
hrb_085583,1,1,1,1
hrb_085795,1,1,1,1
hrb_085798,1,1,1,1
hrb_085870,1,1,1,1
hrb_085943,1,1,1,1
hrb_085956,1,1,1,1
hrb_086003,1,1,1,1
hrb_086086,1,1,1,1
hrb_086174,1,1,1,1
hrb_086452,1,1,1,1
hrb_086554,1,1,1,1
hrb_086559,1,1,1,1
hrb_086626,1,1,1,1
hrb_086782,1,1,1,1
hrb_086896,1,1,1,1
hrb_087007,1,1,1,1
hrb_087053,1,1,1,1
hrb_087077,1,1,1,1
hrb_087106,1,1,1,1
hrb_087122,1,1,1,1
hrb_087163,1,1,1,1
hrb_087200,1,1,1,1
hrb_087273,1,1,1,1
hrb_087290,1,1,1,1
hrb_087374,1,1,1,1
hrb_087571,1,1,1,1
hrb_087643,1,1,1,1
hrb_087649,1,1,1,1
hrb_087667,1,1,1,1
hrb_087795,1,1,1,1
hrb_087804,1,1,1,1
hrb_087886,1,1,1,1
hrb_087910,1,1,1,1
hrb_087991,1,1,1,1
hrb_088120,1,1,1,1
hrb_088230,1,1,1,1
hrb_088240,1,1,1,1
hrb_088339,1,1,1,1
hrb_088491,1,1,1,1
hrb_088833,1,1,1,1
hrb_088886,1,1,1,1
hrb_088895,1,1,1,1
hrb_088969,1,1,1,1
hrb_089024,1,1,1,1
hrb_089168,1,1,1,1
hrb_089243,1,1,1,1
hrb_089365,1,1,1,1
hrb_089511,1,1,1,1
hrb_089525,1,1,1,1
hrb_089541,1,1,1,1
hrb_089586,1,1,1,1
hrb_089722,1,1,1,1
hrb_089816,1,1,1,1
hrb_089907,1,1,1,1
hrb_089927,1,1,1,1
hrb_089967,1,1,1,1
hrb_090030,1,1,1,1
hrb_090037,1,1,1,1
hrb_090153,1,1,1,1
hrb_090159,1,1,1,1
hrb_090205,1,1,1,1
hrb_090287,1,1,1,1
hrb_090436,1,1,1,1
hrb_090473,1,1,1,1
hrb_090591,1,1,1,1
hrb_090609,1,1,1,1
hrb_090663,1,1,1,1
hrb_090683,1,1,1,1
hrb_090910,1,1,1,1
hrb_090918,1,1,1,1
hrb_091052,1,1,1,1
hrb_091091,1,1,1,1
hrb_091121,1,1,1,1
hrb_091273,1,1,1,1
hrb_091328,1,1,1,1
hrb_091329,1,1,1,1
hrb_091391,1,1,1,1
hrb_091565,1,1,1,1
hrb_091577,1,1,1,1
hrb_091613,1,1,1,1
hrb_091618,1,1,1,1
hrb_091647,1,1,1,1
hrb_091664,1,1,1,1
hrb_091711,1,1,1,1
hrb_091787,1,1,1,1
hrb_091793,1,1,1,1
hrb_091953,1,1,1,1
hrb_092013,1,1,1,1
hrb_092036,1,1,1,1
hrb_092037,1,1,1,1
hrb_092048,1,1,1,1
hrb_092128,1,1,1,1
hrb_092220,1,1,1,1
hrb_092247,1,1,1,1
hrb_092249,1,1,1,1
hrb_092350,1,1,1,1
hrb_092387,1,1,1,1
hrb_092453,1,1,1,1
hrb_092484,1,1,1,1
hrb_092511,1,1,1,1
hrb_092542,1,1,1,1
hrb_092619,1,1,1,1
hrb_092737,1,1,1,1
hrb_092968,1,1,1,1
hrb_092975,1,1,1,1
hrb_093121,1,1,1,1
hrb_093215,1,1,1,1
hrb_093332,1,1,1,1
hrb_093338,1,1,1,1
hrb_093353,1,1,1,1
hrb_093435,1,1,1,1
hrb_093472,1,1,1,1
hrb_093500,1,1,1,1
hrb_093567,1,1,1,1
hrb_093569,1,1,1,1
hrb_093580,1,1,1,1
hrb_093717,1,1,1,1
hrb_093747,1,1,1,1
hrb_093829,1,1,1,1
hrb_093845,1,1,1,1
hrb_093982,1,1,1,1
hrb_094217,1,1,1,1
hrb_094373,1,1,1,1
hrb_094457,1,1,1,1
hrb_094520,1,1,1,1
hrb_094600,1,1,1,1
hrb_094611,1,1,1,1
hrb_094762,1,1,1,1
hrb_094778,1,1,1,1
hrb_094786,1,1,1,1
hrb_094827,1,1,1,1
hrb_094857,1,1,1,1
hrb_094877,1,1,1,1
hrb_094898,1,1,1,1
hrb_095100,1,1,1,1
hrb_095120,1,1,1,1
hrb_095135,1,1,1,1
hrb_095156,1,1,1,1
hrb_095157,1,1,1,1
hrb_095183,1,1,1,1
hrb_095199,1,1,1,1
hrb_095319,1,1,1,1
hrb_095574,1,1,1,1
hrb_095579,1,1,1,1
hrb_095735,1,1,1,1
hrb_095953,1,1,1,1
hrb_096027,1,1,1,1
hrb_096154,1,1,1,1
hrb_096333,1,1,1,1
hrb_096399,1,1,1,1
hrb_096514,1,1,1,1
hrb_096635,1,1,1,1
hrb_096771,1,1,1,1
hrb_096796,1,1,1,1
hrb_096956,1,1,1,1
hrb_096980,1,1,1,1
hrb_096988,1,1,1,1
hrb_097013,1,1,1,1
hrb_097018,1,1,1,1
hrb_097161,1,1,1,1
hrb_097295,1,1,1,1
hrb_097331,1,1,1,1
hrb_097352,1,1,1,1
hrb_097401,1,1,1,1
hrb_097415,1,1,1,1
hrb_097418,1,1,1,1
hrb_097514,1,1,1,1
hrb_097657,1,1,1,1
hrb_097812,1,1,1,1
hrb_097957,1,1,1,1
hrb_097976,1,1,1,1
hrb_097992,1,1,1,1
hrb_097996,1,1,1,1
hrb_098054,1,1,1,1
hrb_098095,1,1,1,1
hrb_098115,1,1,1,1
hrb_098188,1,1,1,1
hrb_098249,1,1,1,1
hrb_098371,1,1,1,1
hrb_098537,1,1,1,1
hrb_098563,1,1,1,1
hrb_098748,1,1,1,1
hrb_098790,1,1,1,1
hrb_098849,1,1,1,1
hrb_098858,1,1,1,1
hrb_098892,1,1,1,1
hrb_098984,1,1,1,1
hrb_099025,1,1,1,1
hrb_099071,1,1,1,1
hrb_099179,1,1,1,1
hrb_099335,1,1,1,1
hrb_099336,1,1,1,1
hrb_099425,1,1,1,1
hrb_099445,1,1,1,1
hrb_099519,1,1,1,1
hrb_099584,1,1,1,1
hrb_099678,1,1,1,1
hrb_099736,1,1,1,1
hrb_099811,1,1,1,1
hrb_099904,1,1,1,1
hrb_099925,1,1,1,1
hrb_099935,1,1,1,1
hrb_100009,1,1,1,1
hrb_100311,1,1,1,1
hrb_100453,1,1,1,1
hrb_100528,1,1,1,1
hrb_100575,1,1,1,1
hrb_100611,1,1,1,1
hrb_100678,1,1,1,1
hrb_100741,1,1,1,1
hrb_100852,1,1,1,1
hrb_100925,1,1,1,1
hrb_101049,1,1,1,1
hrb_101126,1,1,1,1
hrb_101200,1,1,1,1
hrb_101618,1,1,1,1
hrb_101946,1,1,1,1
hrb_102117,1,1,1,1
hrb_102161,1,1,1,1
hrb_102585,1,1,1,1
hrb_102608,1,1,1,1
hrb_102702,1,1,1,1
hrb_102770,1,1,1,1
hrb_102847,1,1,1,1
hrb_103019,1,1,1,1
hrb_103039,1,1,1,1
hrb_103396,1,1,1,1
hrb_103602,1,1,1,1
hrb_103618,1,1,1,1
hrb_103698,1,1,1,1
hrb_103699,1,1,1,1
hrb_103704,1,1,1,1
hrb_103884,1,1,1,1
hrb_104043,1,1,1,1
hrb_104213,1,1,1,1
hrb_104263,1,1,1,1
hrb_104335,1,1,1,1
hrb_104490,1,1,1,1
hrb_104587,1,1,1,1
hrb_104802,1,1,1,1
hrb_104955,1,1,1,1
hrb_105051,1,1,1,1
hrb_105134,1,1,1,1
hrb_105161,1,1,1,1
hrb_105162,1,1,1,1
hrb_105268,1,1,1,1
hrb_105524,1,1,1,1
hrb_105564,1,1,1,1
hrb_105677,1,1,1,1
hrb_105749,1,1,1,1
hrb_105791,1,1,1,1
hrb_105808,1,1,1,1
hrb_105829,1,1,1,1
hrb_105941,1,1,1,1
hrb_106030,1,1,1,1
hrb_106080,1,1,1,1
hrb_106287,1,1,1,1
hrb_106491,1,1,1,1
hrb_106598,1,1,1,1
hrb_106717,1,1,1,1
hrb_106984,1,1,1,1
hrb_107063,1,1,1,1
hrb_107099,1,1,1,1
hrb_107154,1,1,1,1
hrb_107265,1,1,1,1
hrb_107301,1,1,1,1
hrb_107372,1,1,1,1
hrb_107399,1,1,1,1
hrb_107504,1,1,1,1
hrb_107505,1,1,1,1
hrb_107562,1,1,1,1
hrb_108009,1,1,1,1
hrb_108181,1,1,1,1
hrb_108341,1,1,1,1
hrb_108370,1,1,1,1
hrb_108443,1,1,1,1
hrb_108623,1,1,1,1
hrb_108792,1,1,1,1
hrb_108839,1,1,1,1
hrb_108842,1,1,1,1
hrb_108908,1,1,1,1
hrb_108948,1,1,1,1
hrb_109113,1,1,1,1
hrb_109259,1,1,1,1
hrb_109307,1,1,1,1
hrb_109333,1,1,1,1
hrb_109348,1,1,1,1
hrb_109353,1,1,1,1
hrb_109360,1,1,1,1
hrb_109453,1,1,1,1
hrb_109526,1,1,1,1
hrb_109612,1,1,1,1
hrb_109648,1,1,1,1
hrb_109761,1,1,1,1
hrb_109770,1,1,1,1
hrb_109776,1,1,1,1
hrb_109851,1,1,1,1
hrb_109897,1,1,1,1
hrb_109899,1,1,1,1
hrb_109910,1,1,1,1
hrb_110081,1,1,1,1
hrb_110082,1,1,1,1
hrb_110095,1,1,1,1
hrb_110148,1,1,1,1
hrb_110319,1,1,1,1
hrb_110349,1,1,1,1
hrb_110366,1,1,1,1
hrb_110393,1,1,1,1
hrb_110490,1,1,1,1
hrb_110602,1,1,1,1
hrb_110666,1,1,1,1
hrb_110701,1,1,1,1
hrb_110929,1,1,1,1
hrb_111100,1,1,1,1
hrb_111102,1,1,1,1
hrb_111249,1,1,1,1
hrb_111291,1,1,1,1
hrb_111568,1,1,1,1
hrb_111589,1,1,1,1
hrb_111663,1,1,1,1
hrb_111679,1,1,1,1
hrb_111724,1,1,1,1
hrb_111769,1,1,1,1
hrb_111815,1,1,1,1
hrb_111857,1,1,1,1
hrb_111867,1,1,1,1
hrb_111868,1,1,1,1
hrb_112005,1,1,1,1
hrb_112068,1,1,1,1
hrb_112111,1,1,1,1
hrb_112117,1,1,1,1
hrb_112277,1,1,1,1
hrb_112309,1,1,1,1
hrb_112330,1,1,1,1
hrb_112530,1,1,1,1
hrb_112583,1,1,1,1
hrb_112596,1,1,1,1
hrb_112642,1,1,1,1
hrb_112664,1,1,1,1
hrb_112723,1,1,1,1
hrb_112737,1,1,1,1
hrb_112738,1,1,1,1
hrb_112801,1,1,1,1
hrb_112811,1,1,1,1
hrb_112925,1,1,1,1
hrb_112929,1,1,1,1
hrb_113073,1,1,1,1
hrb_113298,1,1,1,1
hrb_113370,1,1,1,1
hrb_113374,1,1,1,1
hrb_113397,1,1,1,1
hrb_113438,1,1,1,1
hrb_113559,1,1,1,1
hrb_113573,1,1,1,1
hrb_113693,1,1,1,1
hrb_113775,1,1,1,1
hrb_113844,1,1,1,1
hrb_114159,1,1,1,1
hrb_114231,1,1,1,1
hrb_114232,1,1,1,1
hrb_114393,1,1,1,1
hrb_114414,1,1,1,1
hrb_114429,1,1,1,1
hrb_114545,1,1,1,1
hrb_114564,1,1,1,1
hrb_114574,1,1,1,1
hrb_114597,1,1,1,1
hrb_114692,1,1,1,1
hrb_114729,1,1,1,1
hrb_114977,1,1,1,1
hrb_115015,1,1,1,1
hrb_115083,1,1,1,1
hrb_115126,1,1,1,1
hrb_115161,1,1,1,1
hrb_115219,1,1,1,1
hrb_115234,1,1,1,1
hrb_115309,1,1,1,1
hrb_115426,1,1,1,1
hrb_115474,1,1,1,1
hrb_115559,1,1,1,1
hrb_115567,1,1,1,1
hrb_115578,1,1,1,1
hrb_115661,1,1,1,1
hrb_115780,1,1,1,1
hrb_115811,1,1,1,1
hrb_115854,1,1,1,1
hrb_115869,1,1,1,1
hrb_115894,1,1,1,1
hrb_115905,1,1,1,1
hrb_115922,1,1,1,1
hrb_115930,1,1,1,1
hrb_115994,1,1,1,1
hrb_116157,1,1,1,1
hrb_116314,1,1,1,1
hrb_116409,1,1,1,1
hrb_116432,1,1,1,1
hrb_116528,1,1,1,1
hrb_116595,1,1,1,1
hrb_116597,1,1,1,1
hrb_116707,1,1,1,1
hrb_116831,1,1,1,1
hrb_116949,1,1,1,1
hrb_117177,1,1,1,1
hrb_117211,1,1,1,1
hrb_117213,1,1,1,1
hrb_117240,1,1,1,1
hrb_117254,1,1,1,1
hrb_117533,1,1,1,1
hrb_117536,1,1,1,1
hrb_117589,1,1,1,1
hrb_117611,1,1,1,1
hrb_117652,1,1,1,1
hrb_117743,1,1,1,1
hrb_117788,1,1,1,1
hrb_117938,1,1,1,1
hrb_118054,1,1,1,1
hrb_118059,1,1,1,1
hrb_118303,1,1,1,1
hrb_118437,1,1,1,1
hrb_118461,1,1,1,1
hrb_118506,1,1,1,1
hrb_118517,1,1,1,1
hrb_118538,1,1,1,1
hrb_118561,1,1,1,1
hrb_118569,1,1,1,1
hrb_118598,1,1,1,1
hrb_118607,1,1,1,1
hrb_118608,1,1,1,1
hrb_118665,1,1,1,1
hrb_118714,1,1,1,1
hrb_118732,1,1,1,1
hrb_118825,1,1,1,1
hrb_118917,1,1,1,1
hrb_118956,1,1,1,1
hrb_119049,1,1,1,1
hrb_119143,1,1,1,1
hrb_119252,1,1,1,1
hrb_119293,1,1,1,1
hrb_119313,1,1,1,1
hrb_119363,1,1,1,1
hrb_119477,1,1,1,1
hrb_119487,1,1,1,1
hrb_119534,1,1,1,1
hrb_119580,1,1,1,1
hrb_119702,1,1,1,1
hrb_119748,1,1,1,1
hrb_119784,1,1,1,1
hrb_119964,1,1,1,1
hrb_120079,1,1,1,1
hrb_120220,1,1,1,1
hrb_120256,1,1,1,1
hrb_120299,1,1,1,1
hrb_120373,1,1,1,1
hrb_120430,1,1,1,1
hrb_120702,1,1,1,1
hrb_121005,1,1,1,1
hrb_121060,1,1,1,1
hrb_121098,1,1,1,1
hrb_121108,1,1,1,1
hrb_121198,1,1,1,1
hrb_121199,1,1,1,1
hrb_121526,1,1,1,1
hrb_121605,1,1,1,1
hrb_121676,1,1,1,1
hrb_121712,1,1,1,1
hrb_121774,1,1,1,1
hrb_121872,1,1,1,1
hrb_121880,1,1,1,1
hrb_121927,1,1,1,1
hrb_121931,1,1,1,1
hrb_121976,1,1,1,1
hrb_121983,1,1,1,1
hrb_122038,1,1,1,1
hrb_122052,1,1,1,1
hrb_122061,1,1,1,1
hrb_122201,1,1,1,1
hrb_122224,1,1,1,1
hrb_122284,1,1,1,1
hrb_122349,1,1,1,1
hrb_122355,1,1,1,1
hrb_122365,1,1,1,1
hrb_122415,1,1,1,1
hrb_122513,1,1,1,1
hrb_122589,1,1,1,1
hrb_122665,1,1,1,1
hrb_122685,1,1,1,1
hrb_122707,1,1,1,1
hrb_122752,1,1,1,1
hrb_122772,1,1,1,1
hrb_122796,1,1,1,1
hrb_122842,1,1,1,1
hrb_122901,1,1,1,1
hrb_122904,1,1,1,1
hrb_123039,1,1,1,1
hrb_123163,1,1,1,1
hrb_123334,1,1,1,1
hrb_123486,1,1,1,1
hrb_123591,1,1,1,1
hrb_123623,1,1,1,1
hrb_123657,1,1,1,1
hrb_123686,1,1,1,1
hrb_123757,1,1,1,1
hrb_123763,1,1,1,1
hrb_123935,1,1,1,1
hrb_123941,1,1,1,1
hrb_124140,1,1,1,1
hrb_124219,1,1,1,1
hrb_124345,1,1,1,1
hrb_124378,1,1,1,1
hrb_124421,1,1,1,1
hrb_124426,1,1,1,1
hrb_124446,1,1,1,1
hrb_124462,1,1,1,1
hrb_124529,1,1,1,1
hrb_124541,1,1,1,1
hrb_124620,1,1,1,1
hrb_124659,1,1,1,1
hrb_124680,1,1,1,1
hrb_124815,1,1,1,1
hrb_124941,1,1,1,1
hrb_124950,1,1,1,1
hrb_124974,1,1,1,1
hrb_125113,1,1,1,1
hrb_125196,1,1,1,1
hrb_125252,1,1,1,1
hrb_125264,1,1,1,1
hrb_125331,1,1,1,1
hrb_125565,1,1,1,1
hrb_125584,1,1,1,1
hrb_125662,1,1,1,1
hrb_125675,1,1,1,1
hrb_125750,1,1,1,1
hrb_125798,1,1,1,1
hrb_126042,1,1,1,1
hrb_126303,1,1,1,1
hrb_126374,1,1,1,1
hrb_126385,1,1,1,1
hrb_126395,1,1,1,1
hrb_126429,1,1,1,1
hrb_126469,1,1,1,1
hrb_126588,1,1,1,1
hrb_126728,1,1,1,1
hrb_126748,1,1,1,1
hrb_126769,1,1,1,1
hrb_126795,1,1,1,1
hrb_126923,1,1,1,1
hrb_126963,1,1,1,1
hrb_127209,1,1,1,1
hrb_127297,1,1,1,1
hrb_127372,1,1,1,1
hrb_127421,1,1,1,1
hrb_127462,1,1,1,1
hrb_127476,1,1,1,1
hrb_127522,1,1,1,1
hrb_127527,1,1,1,1
hrb_127742,1,1,1,1
hrb_127833,1,1,1,1
hrb_127846,1,1,1,1
hrb_127948,1,1,1,1
hrb_127962,1,1,1,1
hrb_127991,1,1,1,1
hrb_128118,1,1,1,1
hrb_128223,1,1,1,1
hrb_128421,1,1,1,1
hrb_128528,1,1,1,1
hrb_128535,1,1,1,1
hrb_128748,1,1,1,1
hrb_128789,1,1,1,1
hrb_128965,1,1,1,1
hrb_128971,1,1,1,1
hrb_129079,1,1,1,1
hrb_129208,1,1,1,1
hrb_129310,1,1,1,1
hrb_129314,1,1,1,1
hrb_129342,1,1,1,1
hrb_129385,1,1,1,1
hrb_129388,1,1,1,1
hrb_129405,1,1,1,1
hrb_129427,1,1,1,1
hrb_129642,1,1,1,1
hrb_129733,1,1,1,1
hrb_129939,1,1,1,1
hrb_129991,1,1,1,1
hrb_130062,1,1,1,1
hrb_130102,1,1,1,1
hrb_130120,1,1,1,1
hrb_130140,1,1,1,1
hrb_130186,1,1,1,1
hrb_130544,1,1,1,1
hrb_130554,1,1,1,1
hrb_130586,1,1,1,1
hrb_130779,1,1,1,1
hrb_130788,1,1,1,1
hrb_130800,1,1,1,1
hrb_130813,1,1,1,1
hrb_130825,1,1,1,1
hrb_130968,1,1,1,1
hrb_131022,1,1,1,1
hrb_131075,1,1,1,1
hrb_131162,1,1,1,1
hrb_131237,1,1,1,1
hrb_131281,1,1,1,1
hrb_131321,1,1,1,1
hrb_131373,1,1,1,1
hrb_131402,1,1,1,1
hrb_131441,1,1,1,1
hrb_131521,1,1,1,1
hrb_131595,1,1,1,1
hrb_131913,1,1,1,1
hrb_131994,1,1,1,1
hrb_132048,1,1,1,1
hrb_132050,1,1,1,1
hrb_132058,1,1,1,1
hrb_132098,1,1,1,1
hrb_132237,1,1,1,1
hrb_132239,1,1,1,1
hrb_132318,1,1,1,1
hrb_132341,1,1,1,1
hrb_132358,1,1,1,1
hrb_132363,1,1,1,1
hrb_132423,1,1,1,1
hrb_132552,1,1,1,1
hrb_132556,1,1,1,1
hrb_132603,1,1,1,1
hrb_132690,1,1,1,1
hrb_132715,1,1,1,1
hrb_132964,1,1,1,1
hrb_133035,1,1,1,1
hrb_133104,1,1,1,1
hrb_133120,1,1,1,1
hrb_133163,1,1,1,1
hrb_133213,1,1,1,1
hrb_133256,1,1,1,1
hrb_133438,1,1,1,1
hrb_133586,1,1,1,1
hrb_133710,1,1,1,1
hrb_133787,1,1,1,1
hrb_134178,1,1,1,1
hrb_134256,1,1,1,1
hrb_134382,1,1,1,1
hrb_134445,1,1,1,1
hrb_134477,1,1,1,1
hrb_134523,1,1,1,1
hrb_134616,1,1,1,1
hrb_134662,1,1,1,1
hrb_134670,1,1,1,1
hrb_134677,1,1,1,1
hrb_134719,1,1,1,1
hrb_134837,1,1,1,1
hrb_134949,1,1,1,1
hrb_135066,1,1,1,1
hrb_135118,1,1,1,1
hrb_135149,1,1,1,1
hrb_135176,1,1,1,1
hrb_135178,1,1,1,1
hrb_135184,1,1,1,1
hrb_135199,1,1,1,1
hrb_135303,1,1,1,1
hrb_135315,1,1,1,1
hrb_135474,1,1,1,1
hrb_135521,1,1,1,1
hrb_135532,1,1,1,1
hrb_135660,1,1,1,1
hrb_135982,1,1,1,1
hrb_136010,1,1,1,1
hrb_136057,1,1,1,1
hrb_136188,1,1,1,1
hrb_136273,1,1,1,1
hrb_136344,1,1,1,1
hrb_136396,1,1,1,1
hrb_136422,1,1,1,1
hrb_136528,1,1,1,1
hrb_136589,1,1,1,1
hrb_136630,1,1,1,1
hrb_136895,1,1,1,1
hrb_136979,1,1,1,1
hrb_137205,1,1,1,1
hrb_137232,1,1,1,1
hrb_137242,1,1,1,1
hrb_137348,1,1,1,1
hrb_137664,1,1,1,1
hrb_137742,1,1,1,1
hrb_137908,1,1,1,1
hrb_138065,1,1,1,1
hrb_138112,1,1,1,1
hrb_138282,1,1,1,1
hrb_138285,1,1,1,1
hrb_138433,1,1,1,1
hrb_138435,1,1,1,1
hrb_138454,1,1,1,1
hrb_138459,1,1,1,1
hrb_138477,1,1,1,1
hrb_138594,1,1,1,1
hrb_138709,1,1,1,1
hrb_138817,1,1,1,1
hrb_138823,1,1,1,1
hrb_138938,1,1,1,1
hrb_138962,1,1,1,1
hrb_139063,1,1,1,1
hrb_139168,1,1,1,1
hrb_139232,1,1,1,1
hrb_139284,1,1,1,1
hrb_139326,1,1,1,1
hrb_139444,1,1,1,1
hrb_139483,1,1,1,1
hrb_139567,1,1,1,1
hrb_139674,1,1,1,1
hrb_139725,1,1,1,1
hrb_139757,1,1,1,1
hrb_139759,1,1,1,1
hrb_139774,1,1,1,1
hrb_139851,1,1,1,1
hrb_139864,1,1,1,1
hrb_139903,1,1,1,1
hrb_139970,1,1,1,1
hrb_140276,1,1,1,1
hrb_140314,1,1,1,1
hrb_140345,1,1,1,1
hrb_140349,1,1,1,1
hrb_140385,1,1,1,1
hrb_140404,1,1,1,1
hrb_140477,1,1,1,1
hrb_140559,1,1,1,1
hrb_140561,1,1,1,1
hrb_140580,1,1,1,1
hrb_140597,1,1,1,1
hrb_140600,1,1,1,1
hrb_140607,1,1,1,1
hrb_141075,1,1,1,1
hrb_141308,1,1,1,1
hrb_141331,1,1,1,1
hrb_141362,1,1,1,1
hrb_141408,1,1,1,1
hrb_141412,1,1,1,1
hrb_141481,1,1,1,1
hrb_141490,1,1,1,1
hrb_141523,1,1,1,1
hrb_141572,1,1,1,1
hrb_141615,1,1,1,1
hrb_141627,1,1,1,1
hrb_141684,1,1,1,1
hrb_141762,1,1,1,1
hrb_141864,1,1,1,1
hrb_141936,1,1,1,1
hrb_142026,1,1,1,1
hrb_142084,1,1,1,1
hrb_142090,1,1,1,1
hrb_142150,1,1,1,1
hrb_142302,1,1,1,1
hrb_142458,1,1,1,1
hrb_142656,1,1,1,1
hrb_142689,1,1,1,1
hrb_142717,1,1,1,1
hrb_142764,1,1,1,1
hrb_142888,1,1,1,1
hrb_142946,1,1,1,1
hrb_143220,1,1,1,1
hrb_143263,1,1,1,1
hrb_143269,1,1,1,1
hrb_143480,1,1,1,1
hrb_143718,1,1,1,1
hrb_143801,1,1,1,1
hrb_143854,1,1,1,1
hrb_144026,1,1,1,1
hrb_144051,1,1,1,1
hrb_144384,1,1,1,1
hrb_144489,1,1,1,1
hrb_144515,1,1,1,1
hrb_144538,1,1,1,1
hrb_144594,1,1,1,1
hrb_144624,1,1,1,1
hrb_144644,1,1,1,1
hrb_144657,1,1,1,1
hrb_144706,1,1,1,1
hrb_144792,1,1,1,1
hrb_144802,1,1,1,1
hrb_144862,1,1,1,1
hrb_145006,1,1,1,1
hrb_145099,1,1,1,1
hrb_145274,1,1,1,1
hrb_145362,1,1,1,1
hrb_145406,1,1,1,1
hrb_145456,1,1,1,1
hrb_145457,1,1,1,1
hrb_145631,1,1,1,1
hrb_145701,1,1,1,1
hrb_145725,1,1,1,1
hrb_145750,1,1,1,1
hrb_145838,1,1,1,1
hrb_145851,1,1,1,1
hrb_145880,1,1,1,1
hrb_145977,1,1,1,1
hrb_146027,1,1,1,1
hrb_146196,1,1,1,1
hrb_146208,1,1,1,1
hrb_146241,1,1,1,1
hrb_146296,1,1,1,1
hrb_146313,1,1,1,1
hrb_146413,1,1,1,1
hrb_146423,1,1,1,1
hrb_146438,1,1,1,1
hrb_146450,1,1,1,1
hrb_146569,1,1,1,1
hrb_146589,1,1,1,1
hrb_146591,1,1,1,1
hrb_146690,1,1,1,1
hrb_146857,1,1,1,1
hrb_147057,1,1,1,1
hrb_147067,1,1,1,1
hrb_147074,1,1,1,1
hrb_147095,1,1,1,1
hrb_147124,1,1,1,1
hrb_147125,1,1,1,1
hrb_147156,1,1,1,1
hrb_147189,1,1,1,1
hrb_147206,1,1,1,1
hrb_147217,1,1,1,1
hrb_147255,1,1,1,1
hrb_147259,1,1,1,1
hrb_147331,1,1,1,1
hrb_147386,1,1,1,1
hrb_147418,1,1,1,1
hrb_147440,1,1,1,1
hrb_147594,1,1,1,1
hrb_147597,1,1,1,1
hrb_147807,1,1,1,1
hrb_147851,1,1,1,1
hrb_147895,1,1,1,1
hrb_147923,1,1,1,1
hrb_147943,1,1,1,1
hrb_148032,1,1,1,1
hrb_148126,1,1,1,1
hrb_148146,1,1,1,1
hrb_148240,1,1,1,1
hrb_148309,1,1,1,1
hrb_148343,1,1,1,1
hrb_148367,1,1,1,1
hrb_148419,1,1,1,1
hrb_148496,1,1,1,1
hrb_148519,1,1,1,1
hrb_148573,1,1,1,1
hrb_148656,1,1,1,1
hrb_148727,1,1,1,1
hrb_148752,1,1,1,1
hrb_148898,1,1,1,1
hrb_148911,1,1,1,1
hrb_149023,1,1,1,1
hrb_149037,1,1,1,1
hrb_149070,1,1,1,1
hrb_149084,1,1,1,1
hrb_149114,1,1,1,1
hrb_149166,1,1,1,1
hrb_149183,1,1,1,1
hrb_149204,1,1,1,1
hrb_149307,1,1,1,1
hrb_149415,1,1,1,1
hrb_149473,1,1,1,1
hrb_149554,1,1,1,1
hrb_149711,1,1,1,1
hrb_149786,1,1,1,1
hrb_149829,1,1,1,1
hrb_149862,1,1,1,1
hrb_149875,1,1,1,1
hrb_149889,1,1,1,1
hrb_150092,1,1,1,1
hrb_150157,1,1,1,1
hrb_150264,1,1,1,1
hrb_150464,1,1,1,1
hrb_150578,1,1,1,1
hrb_150644,1,1,1,1
hrb_150743,1,1,1,1
hrb_150762,1,1,1,1
hrb_150806,1,1,1,1
hrb_150825,1,1,1,1
hrb_150891,1,1,1,1
hrb_150928,1,1,1,1
hrb_150967,1,1,1,1
hrb_151143,1,1,1,1
hrb_151226,1,1,1,1
hrb_151350,1,1,1,1
hrb_151419,1,1,1,1
hrb_151447,1,1,1,1
hrb_151576,1,1,1,1
hrb_151625,1,1,1,1
hrb_151629,1,1,1,1
hrb_151691,1,1,1,1
hrb_151834,1,1,1,1
hrb_151913,1,1,1,1
hrb_152093,1,1,1,1
hrb_152142,1,1,1,1
hrb_152143,1,1,1,1
hrb_152171,1,1,1,1
hrb_152243,1,1,1,1
hrb_152252,1,1,1,1
hrb_152309,1,1,1,1
hrb_152337,1,1,1,1
hrb_153122,1,1,1,1
hrb_153242,1,1,1,1
hrb_153250,1,1,1,1
hrb_153280,1,1,1,1
hrb_153342,1,1,1,1
hrb_153383,1,1,1,1
hrb_153397,1,1,1,1
hrb_153434,1,1,1,1
hrb_153590,1,1,1,1
hrb_153686,1,1,1,1
hrb_153885,1,1,1,1
hrb_153918,1,1,1,1
hrb_154196,1,1,1,1
hrb_154277,1,1,1,1
hrb_154526,1,1,1,1
hrb_154598,1,1,1,1
hrb_154662,1,1,1,1
hrb_154669,1,1,1,1
hrb_154703,1,1,1,1
hrb_154747,1,1,1,1
hrb_154792,1,1,1,1
hrb_154820,1,1,1,1
hrb_154921,1,1,1,1
hrb_155021,1,1,1,1
hrb_155058,1,1,1,1
hrb_155088,1,1,1,1
hrb_155129,1,1,1,1
hrb_155183,1,1,1,1
hrb_155332,1,1,1,1
hrb_155360,1,1,1,1
hrb_155374,1,1,1,1
hrb_155381,1,1,1,1
hrb_155383,1,1,1,1
hrb_155446,1,1,1,1
hrb_155493,1,1,1,1
hrb_155516,1,1,1,1
hrb_155517,1,1,1,1
hrb_155541,1,1,1,1
hrb_155545,1,1,1,1
hrb_155566,1,1,1,1
hrb_155620,1,1,1,1
hrb_155807,1,1,1,1
hrb_155819,1,1,1,1
hrb_155872,1,1,1,1
hrb_155901,1,1,1,1
hrb_155948,1,1,1,1
hrb_155951,1,1,1,1
hrb_156032,1,1,1,1
hrb_156094,1,1,1,1
hrb_156132,1,1,1,1
hrb_156133,1,1,1,1
hrb_156166,1,1,1,1
hrb_156245,1,1,1,1
hrb_156551,1,1,1,1
hrb_156569,1,1,1,1
hrb_156653,1,1,1,1
hrb_156703,1,1,1,1
hrb_156876,1,1,1,1
hrb_156935,1,1,1,1
hrb_157037,1,1,1,1
hrb_157039,1,1,1,1
hrb_157067,1,1,1,1
hrb_157099,1,1,1,1
hrb_157122,1,1,1,1
hrb_157137,1,1,1,1
hrb_157209,1,1,1,1
hrb_157285,1,1,1,1
hrb_157344,1,1,1,1
hrb_157442,1,1,1,1
hrb_157468,1,1,1,1
hrb_157496,1,1,1,1
hrb_157583,1,1,1,1
hrb_157674,1,1,1,1
hrb_157719,1,1,1,1
hrb_157733,1,1,1,1
hrb_157758,1,1,1,1
hrb_157841,1,1,1,1
hrb_157908,1,1,1,1
hrb_157909,1,1,1,1
hrb_158025,1,1,1,1
hrb_158084,1,1,1,1
hrb_158087,1,1,1,1
hrb_158151,1,1,1,1
hrb_158258,1,1,1,1
hrb_158259,1,1,1,1
hrb_158288,1,1,1,1
hrb_158348,1,1,1,1
hrb_158407,1,1,1,1
hrb_158550,1,1,1,1
hrb_158567,1,1,1,1
hrb_158588,1,1,1,1
hrb_158702,1,1,1,1
hrb_158725,1,1,1,1
hrb_158733,1,1,1,1
hrb_159122,1,1,1,1
hrb_159217,1,1,1,1
hrb_159262,1,1,1,1
hrb_159267,1,1,1,1
hrb_159521,1,1,1,1
hrb_159549,1,1,1,1
hrb_159648,1,1,1,1
hrb_159816,1,1,1,1
hrb_159899,1,1,1,1
hrb_159921,1,1,1,1
hrb_160036,1,1,1,1
hrb_160062,1,1,1,1
hrb_160121,1,1,1,1
hrb_160201,1,1,1,1
hrb_160203,1,1,1,1
hrb_160205,1,1,1,1
hrb_160208,1,1,1,1
hrb_160289,1,1,1,1
hrb_160382,1,1,1,1
hrb_160415,1,1,1,1
hrb_160425,1,1,1,1
hrb_160604,1,1,1,1
hrb_160755,1,1,1,1
hrb_160823,1,1,1,1
hrb_160900,1,1,1,1
hrb_160908,1,1,1,1
hrb_160951,1,1,1,1
hrb_161003,1,1,1,1
hrb_161036,1,1,1,1
hrb_161095,1,1,1,1
hrb_161129,1,1,1,1
hrb_161162,1,1,1,1
hrb_161280,1,1,1,1
hrb_161299,1,1,1,1
hrb_161374,1,1,1,1
hrb_161399,1,1,1,1
hrb_161468,1,1,1,1
hrb_161500,1,1,1,1
hrb_161682,1,1,1,1
hrb_161692,1,1,1,1
hrb_161752,1,1,1,1
hrb_161763,1,1,1,1
hrb_161835,1,1,1,1
hrb_161857,1,1,1,1
hrb_161925,1,1,1,1
hrb_161970,1,1,1,1
hrb_162046,1,1,1,1
hrb_162110,1,1,1,1
hrb_162111,1,1,1,1
hrb_162149,1,1,1,1
hrb_162277,1,1,1,1
hrb_162338,1,1,1,1
hrb_162373,1,1,1,1
hrb_162511,1,1,1,1
hrb_162577,1,1,1,1
hrb_162721,1,1,1,1
hrb_162766,1,1,1,1
hrb_162854,1,1,1,1
hrb_162946,1,1,1,1
hrb_163051,1,1,1,1
hrb_163080,1,1,1,1
hrb_163140,1,1,1,1
hrb_163235,1,1,1,1
hrb_163258,1,1,1,1
hrb_163286,1,1,1,1
hrb_163342,1,1,1,1
hrb_163479,1,1,1,1
hrb_163480,1,1,1,1
hrb_163587,1,1,1,1
hrb_163658,1,1,1,1
hrb_163895,1,1,1,1
hrb_163897,1,1,1,1
hrb_164210,1,1,1,1
hrb_164279,1,1,1,1
hrb_164313,1,1,1,1
hrb_164385,1,1,1,1
hrb_164423,1,1,1,1
hrb_164452,1,1,1,1
hrb_164491,1,1,1,1
hrb_164682,1,1,1,1
hrb_164771,1,1,1,1
hrb_164816,1,1,1,1
hrb_164914,1,1,1,1
hrb_164931,1,1,1,1
hrb_164935,1,1,1,1
hrb_165006,1,1,1,1
hrb_165028,1,1,1,1
hrb_165086,1,1,1,1
hrb_165221,1,1,1,1
hrb_165277,1,1,1,1
hrb_165298,1,1,1,1
hrb_165377,1,1,1,1
hrb_165415,1,1,1,1
hrb_165440,1,1,1,1
hrb_165502,1,1,1,1
hrb_165568,1,1,1,1
hrb_165639,1,1,1,1
hrb_165672,1,1,1,1
hrb_165677,1,1,1,1
hrb_165681,1,1,1,1
hrb_165716,1,1,1,1
hrb_165733,1,1,1,1
hrb_165820,1,1,1,1
hrb_165970,1,1,1,1
hrb_166076,1,1,1,1
hrb_166108,1,1,1,1
hrb_166116,1,1,1,1
hrb_166186,1,1,1,1
hrb_166190,1,1,1,1
hrb_166376,1,1,1,1
hrb_166474,1,1,1,1
hrb_166624,1,1,1,1
hrb_166655,1,1,1,1
hrb_166793,1,1,1,1
hrb_166814,1,1,1,1
hrb_166968,1,1,1,1
hrb_167150,1,1,1,1
hrb_167277,1,1,1,1
hrb_167329,1,1,1,1
hrb_167343,1,1,1,1
hrb_167407,1,1,1,1
hrb_167487,1,1,1,1
hrb_167615,1,1,1,1
hrb_167771,1,1,1,1
hrb_167803,1,1,1,1
hrb_167811,1,1,1,1
hrb_167820,1,1,1,1
hrb_167843,1,1,1,1
hrb_167997,1,1,1,1
hrb_168101,1,1,1,1
hrb_168120,1,1,1,1
hrb_168307,1,1,1,1
hrb_168434,1,1,1,1
hrb_168435,1,1,1,1
hrb_168441,1,1,1,1
hrb_168689,1,1,1,1
hrb_168830,1,1,1,1
hrb_168838,1,1,1,1
hrb_168868,1,1,1,1
hrb_168995,1,1,1,1
hrb_169194,1,1,1,1
hrb_169208,1,1,1,1
hrb_169402,1,1,1,1
hrb_169404,1,1,1,1
hrb_169442,1,1,1,1
hrb_169478,1,1,1,1
hrb_169537,1,1,1,1
hrb_169603,1,1,1,1
hrb_169612,1,1,1,1
hrb_169652,1,1,1,1
hrb_169703,1,1,1,1
hrb_169804,1,1,1,1
hrb_169851,1,1,1,1
hrb_169886,1,1,1,1
hrb_169891,1,1,1,1
hrb_169948,1,1,1,1
hrb_169984,1,1,1,1
hrb_170066,1,1,1,1
hrb_170147,1,1,1,1
hrb_170178,1,1,1,1
hrb_170265,1,1,1,1
hrb_170275,1,1,1,1
hrb_170294,1,1,1,1
hrb_170295,1,1,1,1
hrb_170314,1,1,1,1
hrb_170321,1,1,1,1
hrb_170384,1,1,1,1
hrb_170427,1,1,1,1
hrb_170455,1,1,1,1
hrb_170732,1,1,1,1
hrb_170745,1,1,1,1
hrb_170873,1,1,1,1
hrb_171068,1,1,1,1
hrb_171143,1,1,1,1
hrb_171162,1,1,1,1
hrb_171167,1,1,1,1
hrb_171190,1,1,1,1
hrb_171236,1,1,1,1
hrb_171273,1,1,1,1
hrb_171309,1,1,1,1
hrb_171333,1,1,1,1
hrb_171430,1,1,1,1
hrb_171480,1,1,1,1
hrb_171512,1,1,1,1
hrb_171603,1,1,1,1
hrb_171605,1,1,1,1
hrb_171714,1,1,1,1
hrb_171718,1,1,1,1
hrb_171770,1,1,1,1
hrb_171817,1,1,1,1
hrb_171946,1,1,1,1
hrb_171957,1,1,1,1
hrb_171964,1,1,1,1
hrb_172037,1,1,1,1
hrb_172060,1,1,1,1
hrb_172085,1,1,1,1
hrb_172109,1,1,1,1
hrb_172114,1,1,1,1
hrb_172120,1,1,1,1
hrb_172224,1,1,1,1
hrb_172263,1,1,1,1
hrb_172264,1,1,1,1
hrb_172425,1,1,1,1
hrb_172434,1,1,1,1
hrb_172463,1,1,1,1
hrb_172476,1,1,1,1
hrb_172477,1,1,1,1
hrb_172489,1,1,1,1
hrb_172551,1,1,1,1
hrb_172654,1,1,1,1
hrb_172739,1,1,1,1
hrb_172787,1,1,1,1
hrb_172869,1,1,1,1
hrb_172872,1,1,1,1
hrb_172893,1,1,1,1
hrb_173012,1,1,1,1
hrb_173062,1,1,1,1
hrb_173080,1,1,1,1
hrb_173083,1,1,1,1
hrb_173159,1,1,1,1
hrb_173261,1,1,1,1
hrb_173427,1,1,1,1
hrb_173454,1,1,1,1
hrb_173504,1,1,1,1
hrb_173514,1,1,1,1
hrb_173556,1,1,1,1
hrb_173610,1,1,1,1
hrb_173688,1,1,1,1
hrb_173723,1,1,1,1
hrb_173730,1,1,1,1
hrb_173811,1,1,1,1
hrb_173812,1,1,1,1
hrb_173823,1,1,1,1
hrb_174005,1,1,1,1
hrb_174012,1,1,1,1
hrb_174048,1,1,1,1
hrb_174114,1,1,1,1
hrb_174150,1,1,1,1
hrb_174158,1,1,1,1
hrb_174174,1,1,1,1
hrb_174344,1,1,1,1
hrb_174449,1,1,1,1
hrb_174503,1,1,1,1
hrb_174519,1,1,1,1
hrb_174522,1,1,1,1
hrb_174563,1,1,1,1
hrb_174575,1,1,1,1
hrb_174723,1,1,1,1
hrb_174735,1,1,1,1
hrb_174758,1,1,1,1
hrb_174869,1,1,1,1
hrb_174886,1,1,1,1
hrb_175020,1,1,1,1
hrb_175135,1,1,1,1
hrb_175173,1,1,1,1
hrb_175224,1,1,1,1
hrb_175309,1,1,1,1
hrb_175324,1,1,1,1
hrb_175358,1,1,1,1
hrb_175390,1,1,1,1
hrb_175419,1,1,1,1
hrb_175499,1,1,1,1
hrb_175519,1,1,1,1
hrb_175529,1,1,1,1
hrb_175677,1,1,1,1
hrb_175733,1,1,1,1
hrb_175859,1,1,1,1
hrb_175943,1,1,1,1
hrb_175958,1,1,1,1
hrb_175963,1,1,1,1
hrb_175978,1,1,1,1
hrb_175984,1,1,1,1
hrb_176031,1,1,1,1
hrb_176052,1,1,1,1
hrb_176074,1,1,1,1
hrb_176147,1,1,1,1
hrb_176267,1,1,1,1
hrb_176289,1,1,1,1
hrb_176298,1,1,1,1
hrb_176319,1,1,1,1
hrb_176406,1,1,1,1
hrb_176414,1,1,1,1
hrb_176569,1,1,1,1
hrb_176599,1,1,1,1
hrb_176601,1,1,1,1
hrb_176710,1,1,1,1
hrb_176779,1,1,1,1
hrb_176814,1,1,1,1
hrb_176887,1,1,1,1
hrb_177017,1,1,1,1
hrb_177057,1,1,1,1
hrb_177091,1,1,1,1
hrb_177275,1,1,1,1
hrb_177289,1,1,1,1
hrb_177309,1,1,1,1
hrb_177338,1,1,1,1
hrb_177390,1,1,1,1
hrb_177541,1,1,1,1
hrb_177602,1,1,1,1
hrb_177639,1,1,1,1
hrb_177652,1,1,1,1
hrb_177752,1,1,1,1
hrb_177781,1,1,1,1
hrb_177785,1,1,1,1
hrb_177861,1,1,1,1
hrb_177975,1,1,1,1
hrb_178019,1,1,1,1
hrb_178098,1,1,1,1
hrb_178286,1,1,1,1
hrb_178309,1,1,1,1
hrb_178447,1,1,1,1
hrb_178526,1,1,1,1
hrb_178536,1,1,1,1
hrb_178577,1,1,1,1
hrb_178727,1,1,1,1
hrb_178759,1,1,1,1
hrb_178817,1,1,1,1
hrb_178991,1,1,1,1
hrb_179100,1,1,1,1
hrb_179180,1,1,1,1
hrb_179197,1,1,1,1
hrb_179269,1,1,1,1
hrb_179278,1,1,1,1
hrb_179294,1,1,1,1
hrb_179319,1,1,1,1
hrb_179326,1,1,1,1
hrb_179369,1,1,1,1
hrb_179427,1,1,1,1
hrb_179749,1,1,1,1
hrb_179782,1,1,1,1
hrb_179885,1,1,1,1
hrb_179927,1,1,1,1
hrb_179928,1,1,1,1
hrb_180008,1,1,1,1
hrb_180074,1,1,1,1
hrb_180076,1,1,1,1
hrb_180091,1,1,1,1
hrb_180229,1,1,1,1
hrb_180269,1,1,1,1
hrb_180290,1,1,1,1
hrb_180303,1,1,1,1
hrb_180319,1,1,1,1
hrb_180376,1,1,1,1
hrb_180377,1,1,1,1
hrb_180583,1,1,1,1
hrb_180681,1,1,1,1
hrb_180893,1,1,1,1
hrb_180918,1,1,1,1
hrb_180937,1,1,1,1
hrb_180977,1,1,1,1
hrb_180984,1,1,1,1
hrb_181066,1,1,1,1
hrb_181084,1,1,1,1
hrb_181271,1,1,1,1
hrb_181345,1,1,1,1
hrb_181348,1,1,1,1
hrb_181431,1,1,1,1
hrb_181447,1,1,1,1
hrb_181536,1,1,1,1
hrb_181613,1,1,1,1
hrb_181710,1,1,1,1
hrb_181749,1,1,1,1
hrb_181756,1,1,1,1
hrb_181813,1,1,1,1
hrb_181846,1,1,1,1
hrb_181909,1,1,1,1
hrb_182119,1,1,1,1
hrb_182192,1,1,1,1
hrb_182220,1,1,1,1
hrb_182228,1,1,1,1
hrb_182250,1,1,1,1
hrb_182574,1,1,1,1
hrb_182591,1,1,1,1
hrb_182756,1,1,1,1
hrb_182879,1,1,1,1
hrb_182924,1,1,1,1
hrb_182926,1,1,1,1
hrb_182999,1,1,1,1
hrb_183023,1,1,1,1
hrb_183072,1,1,1,1
hrb_183106,1,1,1,1
hrb_183231,1,1,1,1
hrb_183273,1,1,1,1
hrb_183289,1,1,1,1
hrb_183380,1,1,1,1
hrb_183402,1,1,1,1
hrb_183436,1,1,1,1
hrb_183450,1,1,1,1
hrb_183462,1,1,1,1
hrb_183474,1,1,1,1
hrb_183477,1,1,1,1
hrb_183648,1,1,1,1
hrb_183660,1,1,1,1
hrb_183685,1,1,1,1
hrb_183803,1,1,1,1
hrb_183891,1,1,1,1
hrb_183900,1,1,1,1
hrb_183903,1,1,1,1
hrb_183928,1,1,1,1
hrb_183931,1,1,1,1
hrb_184018,1,1,1,1
hrb_184019,1,1,1,1
hrb_184034,1,1,1,1
hrb_184086,1,1,1,1
hrb_184149,1,1,1,1
hrb_184158,1,1,1,1
hrb_184308,1,1,1,1
hrb_184394,1,1,1,1
hrb_184396,1,1,1,1
hrb_184422,1,1,1,1
hrb_184460,1,1,1,1
hrb_184486,1,1,1,1
hrb_184510,1,1,1,1
hrb_184785,1,1,1,1
hrb_184787,1,1,1,1
hrb_184845,1,1,1,1
hrb_184847,1,1,1,1
hrb_185003,1,1,1,1
hrb_185022,1,1,1,1
hrb_185099,1,1,1,1
hrb_185103,1,1,1,1
hrb_185191,1,1,1,1
hrb_185265,1,1,1,1
hrb_185318,1,1,1,1
hrb_185341,1,1,1,1
hrb_185377,1,1,1,1
hrb_185676,1,1,1,1
hrb_185702,1,1,1,1
hrb_185757,1,1,1,1
hrb_185779,1,1,1,1
hrb_185850,1,1,1,1
hrb_186006,1,1,1,1
hrb_186145,1,1,1,1
hrb_186182,1,1,1,1
hrb_186241,1,1,1,1
hrb_186268,1,1,1,1
hrb_186475,1,1,1,1
hrb_186476,1,1,1,1
hrb_186629,1,1,1,1
hrb_186650,1,1,1,1
hrb_186663,1,1,1,1
hrb_186792,1,1,1,1
hrb_186835,1,1,1,1
hrb_186851,1,1,1,1
hrb_186859,1,1,1,1
hrb_186883,1,1,1,1
hrb_186976,1,1,1,1
hrb_186980,1,1,1,1
hrb_187045,1,1,1,1
hrb_187055,1,1,1,1
hrb_187132,1,1,1,1
hrb_187138,1,1,1,1
hrb_187192,1,1,1,1
hrb_187194,1,1,1,1
hrb_187230,1,1,1,1
hrb_187246,1,1,1,1
hrb_187308,1,1,1,1
hrb_187364,1,1,1,1
hrb_187467,1,1,1,1
hrb_187471,1,1,1,1
hrb_187503,1,1,1,1
hrb_187514,1,1,1,1
hrb_187520,1,1,1,1
hrb_187656,1,1,1,1
hrb_187657,1,1,1,1
hrb_187690,1,1,1,1
hrb_187695,1,1,1,1
hrb_187715,1,1,1,1
hrb_187752,1,1,1,1
hrb_187827,1,1,1,1
hrb_187861,1,1,1,1
hrb_187895,1,1,1,1
hrb_188041,1,1,1,1
hrb_188056,1,1,1,1
hrb_188128,1,1,1,1
hrb_188146,1,1,1,1
hrb_188228,1,1,1,1
hrb_188376,1,1,1,1
hrb_188468,1,1,1,1
hrb_188524,1,1,1,1
hrb_188559,1,1,1,1
hrb_188610,1,1,1,1
hrb_188777,1,1,1,1
hrb_188817,1,1,1,1
hrb_188844,1,1,1,1
hrb_188853,1,1,1,1
hrb_188908,1,1,1,1
hrb_189074,1,1,1,1
hrb_189110,1,1,1,1
hrb_189129,1,1,1,1
hrb_189153,1,1,1,1
hrb_189179,1,1,1,1
hrb_189266,1,1,1,1
hrb_189299,1,1,1,1
hrb_189363,1,1,1,1
hrb_189364,1,1,1,1
hrb_189429,1,1,1,1
hrb_189457,1,1,1,1
hrb_189471,1,1,1,1
hrb_189515,1,1,1,1
hrb_189544,1,1,1,1
hrb_189672,1,1,1,1
hrb_189680,1,1,1,1
hrb_189739,1,1,1,1
hrb_189778,1,1,1,1
hrb_189779,1,1,1,1
hrb_189844,1,1,1,1
hrb_189978,1,1,1,1
hrb_190063,1,1,1,1
hrb_190069,1,1,1,1
hrb_190114,1,1,1,1
hrb_190124,1,1,1,1
hrb_190134,1,1,1,1
hrb_190389,1,1,1,1
hrb_190403,1,1,1,1
hrb_190415,1,1,1,1
hrb_190525,1,1,1,1
hrb_190566,1,1,1,1
hrb_190751,1,1,1,1
hrb_190900,1,1,1,1
hrb_190935,1,1,1,1
hrb_190939,1,1,1,1
hrb_191007,1,1,1,1
hrb_191118,1,1,1,1
hrb_191137,1,1,1,1
hrb_191186,1,1,1,1
hrb_191335,1,1,1,1
hrb_191373,1,1,1,1
hrb_191435,1,1,1,1
hrb_191663,1,1,1,1
hrb_191710,1,1,1,1
hrb_191744,1,1,1,1
hrb_191816,1,1,1,1
hrb_192094,1,1,1,1
hrb_192101,1,1,1,1
hrb_192145,1,1,1,1
hrb_192151,1,1,1,1
hrb_192199,1,1,1,1
hrb_192241,1,1,1,1
hrb_192388,1,1,1,1
hrb_192427,1,1,1,1
hrb_192517,1,1,1,1
hrb_192522,1,1,1,1
hrb_192569,1,1,1,1
hrb_192581,1,1,1,1
hrb_192585,1,1,1,1
hrb_192654,1,1,1,1
hrb_192674,1,1,1,1
hrb_192718,1,1,1,1
hrb_192729,1,1,1,1
hrb_192735,1,1,1,1
hrb_192768,1,1,1,1
hrb_192871,1,1,1,1
hrb_192897,1,1,1,1
hrb_192962,1,1,1,1
hrb_192989,1,1,1,1
hrb_193025,1,1,1,1
hrb_193066,1,1,1,1
hrb_193092,1,1,1,1
hrb_193126,1,1,1,1
hrb_193141,1,1,1,1
hrb_193189,1,1,1,1
hrb_193398,1,1,1,1
hrb_193420,1,1,1,1
hrb_193454,1,1,1,1
hrb_193476,1,1,1,1
hrb_193495,1,1,1,1
hrb_193563,1,1,1,1
hrb_193586,1,1,1,1
hrb_193605,1,1,1,1
hrb_193630,1,1,1,1
hrb_193689,1,1,1,1
hrb_193697,1,1,1,1
hrb_193800,1,1,1,1
hrb_193887,1,1,1,1
hrb_193902,1,1,1,1
hrb_193941,1,1,1,1
hrb_193959,1,1,1,1
hrb_194141,1,1,1,1
hrb_194146,1,1,1,1
hrb_194199,1,1,1,1
hrb_194231,1,1,1,1
hrb_194296,1,1,1,1
hrb_194363,1,1,1,1
hrb_194403,1,1,1,1
hrb_194411,1,1,1,1
hrb_194431,1,1,1,1
hrb_194443,1,1,1,1
hrb_194446,1,1,1,1
hrb_194496,1,1,1,1
hrb_194499,1,1,1,1
hrb_194582,1,1,1,1
hrb_194585,1,1,1,1
hrb_194598,1,1,1,1
hrb_194689,1,1,1,1
hrb_194695,1,1,1,1
hrb_194734,1,1,1,1
hrb_194801,1,1,1,1
hrb_194802,1,1,1,1
hrb_194838,1,1,1,1
hrb_194847,1,1,1,1
hrb_194881,1,1,1,1
hrb_194909,1,1,1,1
hrb_194913,1,1,1,1
hrb_194914,1,1,1,1
hrb_194996,1,1,1,1
hrb_195058,1,1,1,1
hrb_195062,1,1,1,1
hrb_195158,1,1,1,1
hrb_195184,1,1,1,1
hrb_195200,1,1,1,1
hrb_195214,1,1,1,1
hrb_195237,1,1,1,1
hrb_195251,1,1,1,1
hrb_195260,1,1,1,1
hrb_195270,1,1,1,1
hrb_195308,1,1,1,1
hrb_195311,1,1,1,1
hrb_195366,1,1,1,1
hrb_195380,1,1,1,1
hrb_195421,1,1,1,1
hrb_195430,1,1,1,1
hrb_195436,1,1,1,1
hrb_195481,1,1,1,1
hrb_195550,1,1,1,1
hrb_195637,1,1,1,1
hrb_195662,1,1,1,1
hrb_195672,1,1,1,1
hrb_195678,1,1,1,1
hrb_195701,1,1,1,1
hrb_195737,1,1,1,1
hrb_195778,1,1,1,1
hrb_195781,1,1,1,1
hrb_195793,1,1,1,1
hrb_195877,1,1,1,1
hrb_195882,1,1,1,1
hrb_195940,1,1,1,1
hrb_196017,1,1,1,1
hrb_196067,1,1,1,1
hrb_196070,1,1,1,1
hrb_196132,1,1,1,1
hrb_196136,1,1,1,1
hrb_196138,1,1,1,1
hrb_196183,1,1,1,1
hrb_196213,1,1,1,1
hrb_196264,1,1,1,1
hrb_196326,1,1,1,1
hrb_196358,1,1,1,1
hrb_196380,1,1,1,1
hrb_196487,1,1,1,1
hrb_196508,1,1,1,1
hrb_196511,1,1,1,1
hrb_196641,1,1,1,1
hrb_196679,1,1,1,1
hrb_196683,1,1,1,1
hrb_196756,1,1,1,1
hrb_196861,1,1,1,1
hrb_196947,1,1,1,1
hrb_197111,1,1,1,1
hrb_197145,1,1,1,1
hrb_197197,1,1,1,1
hrb_197226,1,1,1,1
hrb_197282,1,1,1,1
hrb_197313,1,1,1,1
hrb_197332,1,1,1,1
hrb_197381,1,1,1,1
hrb_197429,1,1,1,1
hrb_197430,1,1,1,1
hrb_197467,1,1,1,1
hrb_197521,1,1,1,1
hrb_197537,1,1,1,1
hrb_197547,1,1,1,1
hrb_197580,1,1,1,1
hrb_197582,1,1,1,1
hrb_197593,1,1,1,1
hrb_197606,1,1,1,1
hrb_197611,1,1,1,1
hrb_197624,1,1,1,1
hrb_197635,1,1,1,1
hrb_197666,1,1,1,1
hrb_197727,1,1,1,1
hrb_197782,1,1,1,1
hrb_197839,1,1,1,1
hrb_197842,1,1,1,1
hrb_198023,1,1,1,1
hrb_198037,1,1,1,1
hrb_198054,1,1,1,1
hrb_198059,1,1,1,1
hrb_198100,1,1,1,1
hrb_198145,1,1,1,1
hrb_198217,1,1,1,1
hrb_198246,1,1,1,1
hrb_198278,1,1,1,1
hrb_198302,1,1,1,1
hrb_198335,1,1,1,1
hrb_198419,1,1,1,1
hrb_198439,1,1,1,1
hrb_198464,1,1,1,1
hrb_198541,1,1,1,1
hrb_198554,1,1,1,1
hrb_198604,1,1,1,1
hrb_198616,1,1,1,1
hrb_198634,1,1,1,1
hrb_198637,1,1,1,1
hrb_198644,1,1,1,1
hrb_198677,1,1,1,1
hrb_198717,1,1,1,1
hrb_198741,1,1,1,1
hrb_198804,1,1,1,1
hrb_198830,1,1,1,1
hrb_198894,1,1,1,1
hrb_198895,1,1,1,1
hrb_198944,1,1,1,1
hrb_198958,1,1,1,1
hrb_199003,1,1,1,1
hrb_199015,1,1,1,1
hrb_199039,1,1,1,1
hrb_199051,1,1,1,1
hrb_199070,1,1,1,1
hrb_199098,1,1,1,1
hrb_199117,1,1,1,1
hrb_199146,1,1,1,1
hrb_199171,1,1,1,1
hrb_199191,1,1,1,1
hrb_199246,1,1,1,1
hrb_199260,1,1,1,1
hrb_199266,1,1,1,1
hrb_199267,1,1,1,1
hrb_199274,1,1,1,1
hrb_199278,1,1,1,1
hrb_199291,1,1,1,1
hrb_199346,1,1,1,1
hrb_199349,1,1,1,1
hrb_199500,1,1,1,1
hrb_199508,1,1,1,1
hrb_199509,1,1,1,1
hrb_199538,1,1,1,1
hrb_199556,1,1,1,1
hrb_199565,1,1,1,1
hrb_199568,1,1,1,1
hrb_199648,1,1,1,1
hrb_199653,1,1,1,1
hrb_199670,1,1,1,1
hrb_199750,1,1,1,1
hrb_199757,1,1,1,1
hrb_199829,1,1,1,1
hrb_199844,1,1,1,1
hrb_199876,1,1,1,1
hrb_199880,1,1,1,1
hrb_199893,1,1,1,1
hrb_199941,1,1,1,1
hrb_199979,1,1,1,1
hrb_200012,1,1,1,1
hrb_200022,1,1,1,1
hrb_200084,1,1,1,1
hrb_200099,1,1,1,1
hrb_200117,1,1,1,1
hrb_200146,1,1,1,1
hrb_200163,1,1,1,1
hrb_200212,1,1,1,1
hrb_200349,1,1,1,1
hrb_200402,1,1,1,1
hrb_200444,1,1,1,1
hrb_200463,1,1,1,1
hrb_200465,1,1,1,1
hrb_200506,1,1,1,1
hrb_200561,1,1,1,1
hrb_200573,1,1,1,1
hrb_200575,1,1,1,1
hrb_200655,1,1,1,1
hrb_200669,1,1,1,1
hrb_200772,1,1,1,1
hrb_200778,1,1,1,1
hrb_200819,1,1,1,1
hrb_200823,1,1,1,1
hrb_200896,1,1,1,1
hrb_200912,1,1,1,1
hrb_200913,1,1,1,1
hrb_200919,1,1,1,1
hrb_200920,1,1,1,1
hrb_200937,1,1,1,1
hrb_200942,1,1,1,1
hrb_200967,1,1,1,1
hrb_201064,1,1,1,1
hrb_201066,1,1,1,1
hrb_201097,1,1,1,1
hrb_201116,1,1,1,1
hrb_201198,1,1,1,1
hrb_201263,1,1,1,1
hrb_201302,1,1,1,1
hrb_201318,1,1,1,1
hrb_201324,1,1,1,1
hrb_201356,1,1,1,1
hrb_201381,1,1,1,1
hrb_201398,1,1,1,1
hrb_201479,1,1,1,1
hrb_201520,1,1,1,1
hrb_201540,1,1,1,1
hrb_201559,1,1,1,1
hrb_201679,1,1,1,1
hrb_201702,1,1,1,1
hrb_201718,1,1,1,1
hrb_201741,1,1,1,1
hrb_201824,1,1,1,1
hrb_201848,1,1,1,1
hrb_201861,1,1,1,1
hrb_202055,1,1,1,1
hrb_202069,1,1,1,1
hrb_202150,1,1,1,1
hrb_202169,1,1,1,1
hrb_202202,1,1,1,1
hrb_202208,1,1,1,1
hrb_202221,1,1,1,1
hrb_202272,1,1,1,1
hrb_202421,1,1,1,1
hrb_202467,1,1,1,1
hrb_202508,1,1,1,1
hrb_202590,1,1,1,1
hrb_202624,1,1,1,1
hrb_202646,1,1,1,1
hrb_202658,1,1,1,1
hrb_202687,1,1,1,1
hrb_202798,1,1,1,1
hrb_202828,1,1,1,1
hrb_202840,1,1,1,1
hrb_202846,1,1,1,1
hrb_202860,1,1,1,1
hrb_202919,1,1,1,1
hrb_203038,1,1,1,1
hrb_203090,1,1,1,1
hrb_203095,1,1,1,1
hrb_203129,1,1,1,1
hrb_203153,1,1,1,1
hrb_203182,1,1,1,1
hrb_203250,1,1,1,1
hrb_203315,1,1,1,1
hrb_203389,1,1,1,1
hrb_203396,1,1,1,1
hrb_203399,1,1,1,1
hrb_203445,1,1,1,1
hrb_203544,1,1,1,1
hrb_203565,1,1,1,1
hrb_203590,1,1,1,1
hrb_203611,1,1,1,1
hrb_203677,1,1,1,1
hrb_203692,1,1,1,1
hrb_203739,1,1,1,1
hrb_203794,1,1,1,1
hrb_203816,1,1,1,1
hrb_203820,1,1,1,1
hrb_203899,1,1,1,1
hrb_203978,1,1,1,1
hrb_204002,1,1,1,1
hrb_204061,1,1,1,1
hrb_204063,1,1,1,1
hrb_204109,1,1,1,1
hrb_204126,1,1,1,1
hrb_204140,1,1,1,1
hrb_204259,1,1,1,1
hrb_204299,1,1,1,1
hrb_204359,1,1,1,1
hrb_204375,1,1,1,1
hrb_204383,1,1,1,1
hrb_204410,1,1,1,1
hrb_204456,1,1,1,1
hrb_204521,1,1,1,1
hrb_204547,1,1,1,1
hrb_204566,1,1,1,1
hrb_204580,1,1,1,1
hrb_204637,1,1,1,1
hrb_204695,1,1,1,1
hrb_204698,1,1,1,1
hrb_204717,1,1,1,1
hrb_204730,1,1,1,1
hrb_204755,1,1,1,1
hrb_204767,1,1,1,1
hrb_204795,1,1,1,1
hrb_204843,1,1,1,1
hrb_204862,1,1,1,1
hrb_204867,1,1,1,1
hrb_204887,1,1,1,1
hrb_204902,1,1,1,1
hrb_204905,1,1,1,1
hrb_204923,1,1,1,1
hrb_204946,1,1,1,1
hrb_204961,1,1,1,1
hrb_204973,1,1,1,1
hrb_205050,1,1,1,1
hrb_205052,1,1,1,1
hrb_205080,1,1,1,1
hrb_205097,1,1,1,1
hrb_205307,1,1,1,1
hrb_205308,1,1,1,1
hrb_205358,1,1,1,1
hrb_205362,1,1,1,1
hrb_205383,1,1,1,1
hrb_205469,1,1,1,1
hrb_205475,1,1,1,1
hrb_205599,1,1,1,1
hrb_205630,1,1,1,1
hrb_205716,1,1,1,1
hrb_205776,1,1,1,1
hrb_205783,1,1,1,1
hrb_205787,1,1,1,1
hrb_205791,1,1,1,1
hrb_205803,1,1,1,1
hrb_205918,1,1,1,1
hrb_206000,1,1,1,1
hrb_206034,1,1,1,1
hrb_206036,1,1,1,1
hrb_206072,1,1,1,1
hrb_206113,1,1,1,1
hrb_206241,1,1,1,1
hrb_206253,1,1,1,1
hrb_206327,1,1,1,1
hrb_206334,1,1,1,1
hrb_206446,1,1,1,1
hrb_206491,1,1,1,1
hrb_206496,1,1,1,1
hrb_206504,1,1,1,1
hrb_206506,1,1,1,1
hrb_206512,1,1,1,1
hrb_206545,1,1,1,1
hrb_206610,1,1,1,1
hrb_206614,1,1,1,1
hrb_206637,1,1,1,1
hrb_206667,1,1,1,1
hrb_206675,1,1,1,1
hrb_206688,1,1,1,1
hrb_206692,1,1,1,1
hrb_206791,1,1,1,1
hrb_206797,1,1,1,1
hrb_206854,1,1,1,1
hrb_206879,1,1,1,1
hrb_206889,1,1,1,1
hrb_206924,1,1,1,1
hrb_206937,1,1,1,1
hrb_207044,1,1,1,1
hrb_207068,1,1,1,1
hrb_207091,1,1,1,1
hrb_207120,1,1,1,1
hrb_207123,1,1,1,1
hrb_207132,1,1,1,1
hrb_207158,1,1,1,1
hrb_207182,1,1,1,1
hrb_207234,1,1,1,1
hrb_207249,1,1,1,1
hrb_207251,1,1,1,1
hrb_207255,1,1,1,1
hrb_207258,1,1,1,1
hrb_207268,1,1,1,1
hrb_207298,1,1,1,1
hrb_207300,1,1,1,1
hrb_207344,1,1,1,1
hrb_207350,1,1,1,1
hrb_207357,1,1,1,1
hrb_207370,1,1,1,1
hrb_207384,1,1,1,1
hrb_207389,1,1,1,1
hrb_207486,1,1,1,1
hrb_207506,1,1,1,1
hrb_207520,1,1,1,1
hrb_207624,1,1,1,1
hrb_207653,1,1,1,1
hrb_207693,1,1,1,1
hrb_207722,1,1,1,1
hrb_207760,1,1,1,1
hrb_207788,1,1,1,1
hrb_207824,1,1,1,1
hrb_207855,1,1,1,1
hrb_207873,1,1,1,1
hrb_207889,1,1,1,1
hrb_207931,1,1,1,1
hrb_207994,1,1,1,1
hrb_208019,1,1,1,1
hrb_208029,1,1,1,1
hrb_208078,1,1,1,1
hrb_208144,1,1,1,1
hrb_208165,1,1,1,1
hrb_208214,1,1,1,1
hrb_208219,1,1,1,1
hrb_208246,1,1,1,1
hrb_208251,1,1,1,1
hrb_208287,1,1,1,1
hrb_208395,1,1,1,1
hrb_208400,1,1,1,1
hrb_208442,1,1,1,1
hrb_208444,1,1,1,1
hrb_208464,1,1,1,1
hrb_208468,1,1,1,1
hrb_208483,1,1,1,1
hrb_208627,1,1,1,1
hrb_208676,1,1,1,1
hrb_208718,1,1,1,1
hrb_208749,1,1,1,1
hrb_208771,1,1,1,1
hrb_208772,1,1,1,1
hrb_208805,1,1,1,1
hrb_208830,1,1,1,1
hrb_208888,1,1,1,1
hrb_208931,1,1,1,1
hrb_208945,1,1,1,1
hrb_208972,1,1,1,1
hrb_209013,1,1,1,1
hrb_209065,1,1,1,1
hrb_209209,1,1,1,1
hrb_209222,1,1,1,1
hrb_209315,1,1,1,1
hrb_209364,1,1,1,1
hrb_209396,1,1,1,1
hrb_209448,1,1,1,1
hrb_209464,1,1,1,1
hrb_209495,1,1,1,1
hrb_209575,1,1,1,1
hrb_209590,1,1,1,1
hrb_209634,1,1,1,1
hrb_209645,1,1,1,1
hrb_209666,1,1,1,1
hrb_209673,1,1,1,1
hrb_209701,1,1,1,1
hrb_209712,1,1,1,1
hrb_209725,1,1,1,1
hrb_209769,1,1,1,1
hrb_209782,1,1,1,1
hrb_209796,1,1,1,1
hrb_209838,1,1,1,1
hrb_209854,1,1,1,1
hrb_209881,1,1,1,1
hrb_209911,1,1,1,1
hrb_209923,1,1,1,1
hrb_209976,1,1,1,1
hrb_210015,1,1,1,1
hrb_210033,1,1,1,1
hrb_210155,1,1,1,1
hrb_210168,1,1,1,1
hrb_210222,1,1,1,1
hrb_210226,1,1,1,1
hrb_210235,1,1,1,1
hrb_210275,1,1,1,1
hrb_210287,1,1,1,1
hrb_210294,1,1,1,1
hrb_210296,1,1,1,1
hrb_210344,1,1,1,1
hrb_210353,1,1,1,1
hrb_210356,1,1,1,1
hrb_210379,1,1,1,1
hrb_210391,1,1,1,1
hrb_210397,1,1,1,1
hrb_210400,1,1,1,1
hrb_210410,1,1,1,1
hrb_210448,1,1,1,1
hrb_210459,1,1,1,1
hrb_210595,1,1,1,1
hrb_210645,1,1,1,1
hrb_210695,1,1,1,1
hrb_210769,1,1,1,1
hrb_210807,1,1,1,1
hrb_210840,1,1,1,1
hrb_210863,1,1,1,1
hrb_210870,1,1,1,1
hrb_210918,1,1,1,1
hrb_211003,1,1,1,1
hrb_211006,1,1,1,1
hrb_211043,1,1,1,1
hrb_211116,1,1,1,1
hrb_211126,1,1,1,1
hrb_211157,1,1,1,1
hrb_211167,1,1,1,1
hrb_211168,1,1,1,1
hrb_211197,1,1,1,1
hrb_211213,1,1,1,1
hrb_211267,1,1,1,1
hrb_211383,1,1,1,1
hrb_211421,1,1,1,1
hrb_211426,1,1,1,1
hrb_211461,1,1,1,1
hrb_211491,1,1,1,1
hrb_211505,1,1,1,1
hrb_211527,1,1,1,1
hrb_211685,1,1,1,1
hrb_211703,1,1,1,1
hrb_211767,1,1,1,1
hrb_211835,1,1,1,1
hrb_211880,1,1,1,1
hrb_211896,1,1,1,1
hrb_211997,1,1,1,1
hrb_212024,1,1,1,1
hrb_212151,1,1,1,1
hrb_212205,1,1,1,1
hrb_212236,1,1,1,1
hrb_212263,1,1,1,1
hrb_212280,1,1,1,1
hrb_212281,1,1,1,1
hrb_212330,1,1,1,1
hrb_212398,1,1,1,1
hrb_212480,1,1,1,1
hrb_212507,1,1,1,1
hrb_212643,1,1,1,1
hrb_212687,1,1,1,1
hrb_212696,1,1,1,1
hrb_212717,1,1,1,1
hrb_212765,1,1,1,1
hrb_212782,1,1,1,1
hrb_212897,1,1,1,1
hrb_212956,1,1,1,1
hrb_212969,1,1,1,1
hrb_213015,1,1,1,1
hrb_213032,1,1,1,1
hrb_213067,1,1,1,1
hrb_213081,1,1,1,1
hrb_213082,1,1,1,1
hrb_213108,1,1,1,1
hrb_213120,1,1,1,1
hrb_213198,1,1,1,1
hrb_213255,1,1,1,1
hrb_213267,1,1,1,1
hrb_213286,1,1,1,1
hrb_213388,1,1,1,1
hrb_213413,1,1,1,1
hrb_213436,1,1,1,1
hrb_213458,1,1,1,1
hrb_213462,1,1,1,1
hrb_213510,1,1,1,1
hrb_213552,1,1,1,1
hrb_213654,1,1,1,1
hrb_213657,1,1,1,1
hrb_213659,1,1,1,1
hrb_213667,1,1,1,1
hrb_213685,1,1,1,1
hrb_213705,1,1,1,1
hrb_213717,1,1,1,1
hrb_213734,1,1,1,1
hrb_213754,1,1,1,1
hrb_213758,1,1,1,1
hrb_213837,1,1,1,1
hrb_213869,1,1,1,1
hrb_213881,1,1,1,1
hrb_213942,1,1,1,1
hrb_213983,1,1,1,1
hrb_214096,1,1,1,1
hrb_214109,1,1,1,1
hrb_214141,1,1,1,1
hrb_214176,1,1,1,1
hrb_214239,1,1,1,1
hrb_214242,1,1,1,1
hrb_214291,1,1,1,1
hrb_214360,1,1,1,1
hrb_214429,1,1,1,1
hrb_214461,1,1,1,1
hrb_214502,1,1,1,1
hrb_214508,1,1,1,1
hrb_214564,1,1,1,1
hrb_214657,1,1,1,1
hrb_214675,1,1,1,1
hrb_214683,1,1,1,1
hrb_214694,1,1,1,1
hrb_214698,1,1,1,1
hrb_214760,1,1,1,1
hrb_214784,1,1,1,1
hrb_214856,1,1,1,1
hrb_214914,1,1,1,1
hrb_214975,1,1,1,1
hrb_215030,1,1,1,1
hrb_215098,1,1,1,1
hrb_215117,1,1,1,1
hrb_215140,1,1,1,1
hrb_215182,1,1,1,1
hrb_215251,1,1,1,1
hrb_215252,1,1,1,1
hrb_215340,1,1,1,1
hrb_215372,1,1,1,1
hrb_215439,1,1,1,1
hrb_215563,1,1,1,1
hrb_215566,1,1,1,1
hrb_215598,1,1,1,1
hrb_215615,1,1,1,1
hrb_215617,1,1,1,1
hrb_215677,1,1,1,1
hrb_215704,1,1,1,1
hrb_215879,1,1,1,1
hrb_215918,1,1,1,1
hrb_216003,1,1,1,1
hrb_216028,1,1,1,1
hrb_216070,1,1,1,1
hrb_216151,1,1,1,1
hrb_216221,1,1,1,1
hrb_216233,1,1,1,1
hrb_216270,1,1,1,1
hrb_216273,1,1,1,1
hrb_216304,1,1,1,1
hrb_216307,1,1,1,1
hrb_216312,1,1,1,1
hrb_216398,1,1,1,1
hrb_216422,1,1,1,1
hrb_216474,1,1,1,1
hrb_216543,1,1,1,1
hrb_216581,1,1,1,1
hrb_216680,1,1,1,1
hrb_216717,1,1,1,1
hrb_216765,1,1,1,1
hrb_216772,1,1,1,1
hrb_216816,1,1,1,1
hrb_216924,1,1,1,1
hrb_216925,1,1,1,1
hrb_216931,1,1,1,1
hrb_216934,1,1,1,1
hrb_216979,1,1,1,1
hrb_217131,1,1,1,1
hrb_217136,1,1,1,1
hrb_217140,1,1,1,1
hrb_217146,1,1,1,1
hrb_217175,1,1,1,1
hrb_217229,1,1,1,1
hrb_217232,1,1,1,1
hrb_217285,1,1,1,1
hrb_217350,1,1,1,1
hrb_217439,1,1,1,1
hrb_217440,1,1,1,1
hrb_217483,1,1,1,1
hrb_217599,1,1,1,1
hrb_217740,1,1,1,1
hrb_217777,1,1,1,1
hrb_217783,1,1,1,1
hrb_217861,1,1,1,1
hrb_218099,1,1,1,1
hrb_218121,1,1,1,1
hrb_218173,1,1,1,1
hrb_218229,1,1,1,1
hrb_218292,1,1,1,1
hrb_218301,1,1,1,1
hrb_218347,1,1,1,1
hrb_218453,1,1,1,1
hrb_218475,1,1,1,1
hrb_218477,1,1,1,1
hrb_218559,1,1,1,1
hrb_218571,1,1,1,1
hrb_218590,1,1,1,1
hrb_218642,1,1,1,1
hrb_218651,1,1,1,1
hrb_218755,1,1,1,1
hrb_218855,1,1,1,1
hrb_218892,1,1,1,1
hrb_218906,1,1,1,1
hrb_218961,1,1,1,1
hrb_219035,1,1,1,1
hrb_219082,1,1,1,1
hrb_219164,1,1,1,1
hrb_219166,1,1,1,1
hrb_219216,1,1,1,1
hrb_219287,1,1,1,1
hrb_219346,1,1,1,1
hrb_219362,1,1,1,1
hrb_219443,1,1,1,1
hrb_219517,1,1,1,1
hrb_219533,1,1,1,1
hrb_219654,1,1,1,1
hrb_219700,1,1,1,1
hrb_219735,1,1,1,1
hrb_219801,1,1,1,1
hrb_219821,1,1,1,1
hrb_219847,1,1,1,1
hrb_219939,1,1,1,1
hrb_219953,1,1,1,1
hrb_219977,1,1,1,1
hrb_219985,1,1,1,1
hrb_220007,1,1,1,1
hrb_220009,1,1,1,1
hrb_220010,1,1,1,1
hrb_220140,1,1,1,1
hrb_220273,1,1,1,1
hrb_220306,1,1,1,1
hrb_220327,1,1,1,1
hrb_220331,1,1,1,1
hrb_220346,1,1,1,1
hrb_220412,1,1,1,1
hrb_220414,1,1,1,1
hrb_220429,1,1,1,1
hrb_220476,1,1,1,1
hrb_220486,1,1,1,1
hrb_220536,1,1,1,1
hrb_220557,1,1,1,1
hrb_220588,1,1,1,1
hrb_220611,1,1,1,1
hrb_220613,1,1,1,1
hrb_220633,1,1,1,1
hrb_220646,1,1,1,1
hrb_220715,1,1,1,1
hrb_220777,1,1,1,1
hrb_220787,1,1,1,1
hrb_220857,1,1,1,1
hrb_220915,1,1,1,1
hrb_220987,1,1,1,1
hrb_221053,1,1,1,1
hrb_221157,1,1,1,1
hrb_221260,1,1,1,1
hrb_221369,1,1,1,1
hrb_221378,1,1,1,1
hrb_221397,1,1,1,1
hrb_221417,1,1,1,1
hrb_221420,1,1,1,1
hrb_221423,1,1,1,1
hrb_221441,1,1,1,1
hrb_221477,1,1,1,1
hrb_221511,1,1,1,1
hrb_221618,1,1,1,1
hrb_221732,1,1,1,1
hrb_221756,1,1,1,1
hrb_221791,1,1,1,1
hrb_221869,1,1,1,1
hrb_221891,1,1,1,1
hrb_221945,1,1,1,1
hrb_221960,1,1,1,1
hrb_222101,1,1,1,1
hrb_222122,1,1,1,1
hrb_222176,1,1,1,1
hrb_222202,1,1,1,1
hrb_222263,1,1,1,1
hrb_222276,1,1,1,1
hrb_222426,1,1,1,1
hrb_222449,1,1,1,1
hrb_222484,1,1,1,1
hrb_222486,1,1,1,1
hrb_222511,1,1,1,1
hrb_222523,1,1,1,1
hrb_222549,1,1,1,1
hrb_222575,1,1,1,1
hrb_222655,1,1,1,1
hrb_222667,1,1,1,1
hrb_222679,1,1,1,1
hrb_222726,1,1,1,1
hrb_222742,1,1,1,1
hrb_222768,1,1,1,1
hrb_222782,1,1,1,1
hrb_222793,1,1,1,1
hrb_222835,1,1,1,1
hrb_222919,1,1,1,1
hrb_222977,1,1,1,1
hrb_223057,1,1,1,1
hrb_223063,1,1,1,1
hrb_223130,1,1,1,1
hrb_223138,1,1,1,1
hrb_223158,1,1,1,1
hrb_223189,1,1,1,1
hrb_223234,1,1,1,1
hrb_223256,1,1,1,1
hrb_223257,1,1,1,1
hrb_223398,1,1,1,1
hrb_223418,1,1,1,1
hrb_223551,1,1,1,1
hrb_223629,1,1,1,1
hrb_223642,1,1,1,1
hrb_223649,1,1,1,1
hrb_223784,1,1,1,1
hrb_223786,1,1,1,1
hrb_223798,1,1,1,1
hrb_223900,1,1,1,1
hrb_223923,1,1,1,1
hrb_223967,1,1,1,1
hrb_223990,1,1,1,1
hrb_224027,1,1,1,1
hrb_224050,1,1,1,1
hrb_224057,1,1,1,1
hrb_224102,1,1,1,1
hrb_224184,1,1,1,1
hrb_224193,1,1,1,1
hrb_224260,1,1,1,1
hrb_224270,1,1,1,1
hrb_224282,1,1,1,1
hrb_224337,1,1,1,1
hrb_224341,1,1,1,1
hrb_224375,1,1,1,1
hrb_224401,1,1,1,1
hrb_224485,1,1,1,1
hrb_224491,1,1,1,1
hrb_224531,1,1,1,1
hrb_224532,1,1,1,1
hrb_224658,1,1,1,1
hrb_224677,1,1,1,1
hrb_224703,1,1,1,1
hrb_224708,1,1,1,1
hrb_224782,1,1,1,1
hrb_224804,1,1,1,1
hrb_224840,1,1,1,1
hrb_224906,1,1,1,1
hrb_224937,1,1,1,1
hrb_225063,1,1,1,1
hrb_225112,1,1,1,1
hrb_225245,1,1,1,1
hrb_225269,1,1,1,1
hrb_225280,1,1,1,1
hrb_225320,1,1,1,1
hrb_225330,1,1,1,1
hrb_225341,1,1,1,1
hrb_225352,1,1,1,1
hrb_225432,1,1,1,1
hrb_225472,1,1,1,1
hrb_225473,1,1,1,1
hrb_225493,1,1,1,1
hrb_225515,1,1,1,1
hrb_225565,1,1,1,1
hrb_225576,1,1,1,1
hrb_225609,1,1,1,1
hrb_225690,1,1,1,1
hrb_225726,1,1,1,1
hrb_225959,1,1,1,1
hrb_225978,1,1,1,1
hrb_225983,1,1,1,1
hrb_225996,1,1,1,1
hrb_226047,1,1,1,1
hrb_226066,1,1,1,1
hrb_226187,1,1,1,1
hrb_226236,1,1,1,1
hrb_226356,1,1,1,1
hrb_226394,1,1,1,1
hrb_226406,1,1,1,1
hrb_226476,1,1,1,1
hrb_226508,1,1,1,1
hrb_226520,1,1,1,1
hrb_226536,1,1,1,1
hrb_226554,1,1,1,1
hrb_226605,1,1,1,1
hrb_226613,1,1,1,1
hrb_226746,1,1,1,1
hrb_226770,1,1,1,1
hrb_226785,1,1,1,1
hrb_226874,1,1,1,1
hrb_226890,1,1,1,1
hrb_226999,1,1,1,1
hrb_227079,1,1,1,1
hrb_227437,1,1,1,1
hrb_227449,1,1,1,1
hrb_227527,1,1,1,1
hrb_227559,1,1,1,1
hrb_227677,1,1,1,1
hrb_227703,1,1,1,1
hrb_227723,1,1,1,1
hrb_227736,1,1,1,1
hrb_227738,1,1,1,1
hrb_227753,1,1,1,1
hrb_227812,1,1,1,1
hrb_227831,1,1,1,1
hrb_228046,1,1,1,1
hrb_228048,1,1,1,1
hrb_228083,1,1,1,1
hrb_228102,1,1,1,1
hrb_228128,1,1,1,1
hrb_228183,1,1,1,1
hrb_228243,1,1,1,1
hrb_228258,1,1,1,1
hrb_228389,1,1,1,1
hrb_228582,1,1,1,1
hrb_228710,1,1,1,1
hrb_228722,1,1,1,1
hrb_228793,1,1,1,1
hrb_228854,1,1,1,1
hrb_228878,1,1,1,1
hrb_228940,1,1,1,1
hrb_228987,1,1,1,1
hrb_229088,1,1,1,1
hrb_229114,1,1,1,1
hrb_229251,1,1,1,1
hrb_229343,1,1,1,1
hrb_229449,1,1,1,1
hrb_229452,1,1,1,1
hrb_229507,1,1,1,1
hrb_229523,1,1,1,1
hrb_229587,1,1,1,1
hrb_229616,1,1,1,1
hrb_229624,1,1,1,1
hrb_229640,1,1,1,1
hrb_229743,1,1,1,1
hrb_229754,1,1,1,1
hrb_229760,1,1,1,1
hrb_229772,1,1,1,1
hrb_229775,1,1,1,1
hrb_229812,1,1,1,1
hrb_229867,1,1,1,1
hrb_229885,1,1,1,1
hrb_229899,1,1,1,1
hrb_229952,1,1,1,1
hrb_229971,1,1,1,1
hrb_229992,1,1,1,1
hrb_230072,1,1,1,1
hrb_230209,1,1,1,1
hrb_230247,1,1,1,1
hrb_230342,1,1,1,1
hrb_230419,1,1,1,1
hrb_230566,1,1,1,1
hrb_230712,1,1,1,1
hrb_230846,1,1,1,1
hrb_230927,1,1,1,1
hrb_230936,1,1,1,1
hrb_230960,1,1,1,1
hrb_231007,1,1,1,1
hrb_231053,1,1,1,1
hrb_231085,1,1,1,1
hrb_231101,1,1,1,1
hrb_231110,1,1,1,1
hrb_231169,1,1,1,1
hrb_231177,1,1,1,1
hrb_231247,1,1,1,1
hrb_231253,1,1,1,1
hrb_231390,1,1,1,1
hrb_231470,1,1,1,1
hrb_231536,1,1,1,1
hrb_231539,1,1,1,1
hrb_231559,1,1,1,1
hrb_231599,1,1,1,1
hrb_231626,1,1,1,1
hrb_231688,1,1,1,1
hrb_231696,1,1,1,1
hrb_231799,1,1,1,1
hrb_231959,1,1,1,1
hrb_232028,1,1,1,1
hrb_232178,1,1,1,1
hrb_232188,1,1,1,1
hrb_232211,1,1,1,1
hrb_232236,1,1,1,1
hrb_232300,1,1,1,1
hrb_232336,1,1,1,1
hrb_232366,1,1,1,1
hrb_232370,1,1,1,1
hrb_232496,1,1,1,1
hrb_232556,1,1,1,1
hrb_232608,1,1,1,1
hrb_232688,1,1,1,1
hrb_232722,1,1,1,1
hrb_232773,1,1,1,1
hrb_232800,1,1,1,1
hrb_232840,1,1,1,1
hrb_232917,1,1,1,1
hrb_232922,1,1,1,1
hrb_232980,1,1,1,1
hrb_233036,1,1,1,1
hrb_233310,1,1,1,1
hrb_233356,1,1,1,1
hrb_233389,1,1,1,1
hrb_233394,1,1,1,1
hrb_233401,1,1,1,1
hrb_233489,1,1,1,1
hrb_233497,1,1,1,1
hrb_233580,1,1,1,1
hrb_233640,1,1,1,1
hrb_233661,1,1,1,1
hrb_233752,1,1,1,1
hrb_233786,1,1,1,1
hrb_233788,1,1,1,1
hrb_233897,1,1,1,1
hrb_233915,1,1,1,1
hrb_233959,1,1,1,1
hrb_233969,1,1,1,1
hrb_234024,1,1,1,1
hrb_234070,1,1,1,1
hrb_234104,1,1,1,1
hrb_234245,1,1,1,1
hrb_234286,1,1,1,1
hrb_234302,1,1,1,1
hrb_234303,1,1,1,1
hrb_234344,1,1,1,1
hrb_234398,1,1,1,1
hrb_234441,1,1,1,1
hrb_234451,1,1,1,1
hrb_234465,1,1,1,1
hrb_234522,1,1,1,1
hrb_234529,1,1,1,1
hrb_234530,1,1,1,1
hrb_234626,1,1,1,1
hrb_234666,1,1,1,1
hrb_234846,1,1,1,1
hrb_234929,1,1,1,1
hrb_234935,1,1,1,1
hrb_235150,1,1,1,1
hrb_235202,1,1,1,1
hrb_235243,1,1,1,1
hrb_235256,1,1,1,1
hrb_235336,1,1,1,1
hrb_235360,1,1,1,1
hrb_235368,1,1,1,1
hrb_235393,1,1,1,1
hrb_235433,1,1,1,1
hrb_235454,1,1,1,1
hrb_235492,1,1,1,1
hrb_235601,1,1,1,1
hrb_235608,1,1,1,1
hrb_235921,1,1,1,1
hrb_236034,1,1,1,1
hrb_236050,1,1,1,1
hrb_236087,1,1,1,1
hrb_236134,1,1,1,1
hrb_236268,1,1,1,1
hrb_236463,1,1,1,1
hrb_236493,1,1,1,1
hrb_236520,1,1,1,1
hrb_236568,1,1,1,1
hrb_236707,1,1,1,1
hrb_236877,1,1,1,1
hrb_236889,1,1,1,1
hrb_236994,1,1,1,1
hrb_237005,1,1,1,1
hrb_237056,1,1,1,1
hrb_237128,1,1,1,1
hrb_237164,1,1,1,1
hrb_237203,1,1,1,1
hrb_237246,1,1,1,1
hrb_237623,1,1,1,1
hrb_237725,1,1,1,1
hrb_237856,1,1,1,1
hrb_237863,1,1,1,1
hrb_237894,1,1,1,1
hrb_237936,1,1,1,1
hrb_237957,1,1,1,1
hrb_237972,1,1,1,1
hrb_238188,1,1,1,1
hrb_238230,1,1,1,1
hrb_238286,1,1,1,1
hrb_238336,1,1,1,1
hrb_238358,1,1,1,1
hrb_238427,1,1,1,1
hrb_238461,1,1,1,1
hrb_238551,1,1,1,1
hrb_238638,1,1,1,1
hrb_238763,1,1,1,1
hrb_238835,1,1,1,1
hrb_238933,1,1,1,1
hrb_239234,1,1,1,1
hrb_239624,1,1,1,1
hrb_239865,1,1,1,1
hrb_239875,1,1,1,1
hrb_239964,1,1,1,1
hrb_239979,1,1,1,1
hrb_240054,1,1,1,1
hrb_240101,1,1,1,1
hrb_240217,1,1,1,1
hrb_240275,1,1,1,1
hrb_240433,1,1,1,1
hrb_240565,1,1,1,1
hrb_240589,1,1,1,1
hrb_240847,1,1,1,1
hrb_240883,1,1,1,1
hrb_240895,1,1,1,1
hrb_240929,1,1,1,1
hrb_241005,1,1,1,1
hrb_241038,1,1,1,1
hrb_241055,1,1,1,1
hrb_241096,1,1,1,1
hrb_241170,1,1,1,1
hrb_241307,1,1,1,1
hrb_241530,1,1,1,1
hrb_241788,1,1,1,1
hrb_242012,1,1,1,1
hrb_242016,1,1,1,1
hrb_242084,1,1,1,1
hrb_242158,1,1,1,1
hrb_242211,1,1,1,1
hrb_242373,1,1,1,1
hrb_242638,1,1,1,1
hrb_242649,1,1,1,1
hrb_242768,1,1,1,1
hrb_242976,1,1,1,1
hrb_243010,1,1,1,1
hrb_243054,1,1,1,1
hrb_243057,1,1,1,1
hrb_243082,1,1,1,1
hrb_243160,1,1,1,1
hrb_243420,1,1,1,1
hrb_243510,1,1,1,1
hrb_243623,1,1,1,1
hrb_243830,1,1,1,1
hrb_243937,1,1,1,1
hrb_243969,1,1,1,1
hrb_244191,1,1,1,1
hrb_244300,1,1,1,1
hrb_244308,1,1,1,1
hrb_244319,1,1,1,1
hrb_244344,1,1,1,1
hrb_244447,1,1,1,1
hrb_244482,1,1,1,1
hrb_244488,1,1,1,1
hrb_244546,1,1,1,1
hrb_244557,1,1,1,1
hrb_244579,1,1,1,1
hrb_244656,1,1,1,1
hrb_244869,1,1,1,1
hrb_244882,1,1,1,1
hrb_245017,1,1,1,1
hrb_245519,1,1,1,1
hrb_245574,1,1,1,1
hrb_245779,1,1,1,1
hrb_245863,1,1,1,1
hrb_245894,1,1,1,1
hrb_245958,1,1,1,1
hrb_246046,1,1,1,1
hrb_246201,1,1,1,1
hrb_246212,1,1,1,1
hrb_246324,1,1,1,1
hrb_246466,1,1,1,1
hrb_246520,1,1,1,1
hrb_246547,1,1,1,1
hrb_246680,1,1,1,1
hrb_246711,1,1,1,1
hrb_246755,1,1,1,1
hrb_246770,1,1,1,1
hrb_246794,1,1,1,1
hrb_247115,1,1,1,1
hrb_247122,1,1,1,1
hrb_247456,1,1,1,1
hrb_247500,1,1,1,1
hrb_247588,1,1,1,1
hrb_247700,1,1,1,1
hrb_247890,1,1,1,1
hrb_248144,1,1,1,1
hrb_248388,1,1,1,1
hrb_248878,1,1,1,1
hrb_248966,1,1,1,1
hrb_248969,1,1,1,1
hrb_249005,1,1,1,1
hrb_249033,1,1,1,1
hrb_249207,1,1,1,1
hrb_249378,1,1,1,1
hrb_249452,1,1,1,1
hrb_249524,1,1,1,1
hrb_249743,1,1,1,1
hrb_249941,1,1,1,1
hrb_249963,1,1,1,1
hrb_250132,1,1,1,1
hrb_250144,1,1,1,1
hrb_250199,1,1,1,1
hrb_250217,1,1,1,1
hrb_250384,1,1,1,1
hrb_250393,1,1,1,1
hrb_250515,1,1,1,1
hrb_250635,1,1,1,1
hrb_250717,1,1,1,1
hrb_250833,1,1,1,1
hrb_251010,1,1,1,1
hrb_251100,1,1,1,1
hrb_251112,1,1,1,1
hrb_251180,1,1,1,1
hrb_251251,1,1,1,1
hrb_251253,1,1,1,1
hrb_251266,1,1,1,1
hrb_251292,1,1,1,1
hrb_251295,1,1,1,1
hrb_251328,1,1,1,1
hrb_251377,1,1,1,1
hrb_251563,1,1,1,1
hrb_251626,1,1,1,1
hrb_251813,1,1,1,1
hrb_251830,1,1,1,1
hrb_251917,1,1,1,1
hrb_252050,1,1,1,1
hrb_252134,1,1,1,1
hrb_252144,1,1,1,1
hrb_252193,1,1,1,1
hrb_252278,1,1,1,1
hrb_252423,1,1,1,1
hrb_252593,1,1,1,1
hrb_252620,1,1,1,1
hrb_252756,1,1,1,1
hrb_252786,1,1,1,1
hrb_252826,1,1,1,1
hrb_252833,1,1,1,1
hrb_252844,1,1,1,1
hrb_253071,1,1,1,1
hrb_253093,1,1,1,1
hrb_253303,1,1,1,1
hrb_253322,1,1,1,1
hrb_253431,1,1,1,1
hrb_253433,1,1,1,1
hrb_253463,1,1,1,1
hrb_253523,1,1,1,1
hrb_253596,1,1,1,1
hrb_253741,1,1,1,1
hrb_253807,1,1,1,1
hrb_254147,1,1,1,1
hrb_254530,1,1,1,1
hrb_254624,1,1,1,1
hrb_254662,1,1,1,1
hrb_254824,1,1,1,1
hrb_254865,1,1,1,1
hrb_255101,1,1,1,1
hrb_255118,1,1,1,1
hrb_255423,1,1,1,1
hrb_255831,1,1,1,1
hrb_256073,1,1,1,1
hrb_256268,1,1,1,1
hrb_256275,1,1,1,1
hrb_256278,1,1,1,1
hrb_256363,1,1,1,1
hrb_256782,1,1,1,1
hrb_256789,1,1,1,1
hrb_256800,1,1,1,1
hrb_256838,1,1,1,1
hrb_256918,1,1,1,1
hrb_257018,1,1,1,1
hrb_257167,1,1,1,1
hrb_257408,1,1,1,1
hrb_257411,1,1,1,1
hrb_257413,1,1,1,1
hrb_257793,1,1,1,1
hrb_257833,1,1,1,1
hrb_258012,1,1,1,1
hrb_258385,1,1,1,1
hrb_258673,1,1,1,1
hrb_258726,1,1,1,1
hrb_258777,1,1,1,1
hrb_259216,1,1,1,1
hrb_259345,1,1,1,1
hrb_259707,1,1,1,1
hrb_259716,1,1,1,1
hrb_259823,1,1,1,1
hrb_260057,1,1,1,1
hrb_260110,1,1,1,1
hrb_260253,1,1,1,1
hrb_260260,1,1,1,1
hrb_260407,1,1,1,1
hrb_261304,1,1,1,1
hrb_261395,1,1,1,1
hrb_261840,1,1,1,1
hrb_262011,1,1,1,1
hrb_262199,1,1,1,1
hrb_262455,1,1,1,1
hrb_263098,1,1,1,1
hrb_263360,1,1,1,1
hrb_263433,1,1,1,1
hrb_263665,1,1,1,1
hrb_263787,1,1,1,1
hrb_263977,1,1,1,1
hrb_264953,1,1,1,1
hrb_264978,1,1,1,1
hrb_265239,1,1,1,1
hrb_266065,1,1,1,1
hrb_266513,1,1,1,1
hrb_267262,1,1,1,1
hrb_267354,1,1,1,1
hrb_267728,1,1,1,1
kör_100006,1,1,1,1
kör_100011,1,1,1,1
kör_100014,1,1,1,1
kör_100017,1,1,1,1
kör_100018,1,1,1,1
kör_100034,1,1,1,1
kör_100065,1,1,1,1
kör_100076,1,1,1,1
kör_100086,1,1,1,1
kör_100088,1,1,1,1
kör_100091,1,1,1,1
kör_100094,1,1,1,1
kör_100100,1,1,1,1
kör_100103,1,1,1,1
kör_100105,1,1,1,1
kör_100114,1,1,1,1
kör_100116,1,1,1,1
kör_100134,1,1,1,1
kör_100147,1,1,1,1
kör_100155,1,1,1,1
kör_100158,1,1,1,1
kör_100165,1,1,1,1
kör_100166,1,1,1,1
kör_100167,1,1,1,1
kör_100169,1,1,1,1
kör_100186,1,1,1,1
kör_100187,1,1,1,1
kör_100196,1,1,1,1
kör_100197,1,1,1,1
kör_100200,1,1,1,1
kör_100202,1,1,1,1
kör_100203,1,1,1,1
kör_100206,1,1,1,1
kör_100208,1,1,1,1
kör_100209,1,1,1,1
kör_100212,1,1,1,1
kör_100221,1,1,1,1
kör_100225,1,1,1,1
kör_100231,1,1,1,1
kör_100240,1,1,1,1
kör_100242,1,1,1,1
kör_100245,1,1,1,1
kör_100252,1,1,1,1
kör_100257,1,1,1,1
kör_100259,1,1,1,1
kör_100268,1,1,1,1
kör_100270,1,1,1,1
kör_100272,1,1,1,1
kör_100273,1,1,1,1
kör_100274,1,1,1,1
kör_100276,1,1,1,1
kör_100280,1,1,1,1
kör_100282,1,1,1,1
kör_100283,1,1,1,1
kör_100284,1,1,1,1
kör_100285,1,1,1,1
kör_100286,1,1,1,1
kör_100291,1,1,1,1
kör_100292,1,1,1,1
kör_100295,1,1,1,1
kör_100299,1,1,1,1
kör_100302,1,1,1,1
kör_100303,1,1,1,1
kör_100307,1,1,1,1
kör_100309,1,1,1,1
nr_100009,1,1,1,1
nr_100027,1,1,1,1
nr_100087,1,1,1,1
nr_100091,1,1,1,1
nr_100099,1,1,1,1
nr_100163,1,1,1,1
nr_100175,1,1,1,1
nr_100203,1,1,1,1
nr_100229,1,1,1,1
nr_100230,1,1,1,1
nr_100233,1,1,1,1
nr_100260,1,1,1,1
nr_100352,1,1,1,1
nr_100386,1,1,1,1
nr_100404,1,1,1,1
nr_100423,1,1,1,1
nr_100446,1,1,1,1
nr_100450,1,1,1,1
nr_100494,1,1,1,1
nr_100514,1,1,1,1
nr_100524,1,1,1,1
nr_100531,1,1,1,1
nr_100539,1,1,1,1
nr_100548,1,1,1,1
nr_100583,1,1,1,1
nr_100585,1,1,1,1
nr_100586,1,1,1,1
nr_100590,1,1,1,1
nr_100594,1,1,1,1
nr_100604,1,1,1,1
nr_100605,1,1,1,1
nr_100636,1,1,1,1
nr_100637,1,1,1,1
nr_100643,1,1,1,1
nr_100647,1,1,1,1
nr_100649,1,1,1,1
nr_100667,1,1,1,1
nr_100685,1,1,1,1
nr_100691,1,1,1,1
nr_100705,1,1,1,1
nr_100713,1,1,1,1
nr_100716,1,1,1,1
nr_100723,1,1,1,1
nr_100724,1,1,1,1
nr_100725,1,1,1,1
nr_100726,1,1,1,1
nr_100735,1,1,1,1
nr_100738,1,1,1,1
nr_100744,1,1,1,1
nr_100756,1,1,1,1
nr_100757,1,1,1,1
nr_100761,1,1,1,1
nr_100762,1,1,1,1
nr_100764,1,1,1,1
nr_100765,1,1,1,1
nr_100768,1,1,1,1
nr_100774,1,1,1,1
nr_100776,1,1,1,1
nr_100784,1,1,1,1
nr_100790,1,1,1,1
nr_100792,1,1,1,1
nr_100798,1,1,1,1
nr_100799,1,1,1,1
nr_100802,1,1,1,1
nr_100803,1,1,1,1
nr_100804,1,1,1,1
nr_100806,1,1,1,1
nr_100807,1,1,1,1
nr_100812,1,1,1,1
nr_100817,1,1,1,1
nr_100820,1,1,1,1
nr_100821,1,1,1,1
nr_100822,1,1,1,1
nr_100823,1,1,1,1
nr_100824,1,1,1,1
nr_100825,1,1,1,1
nr_100827,1,1,1,1
nr_100829,1,1,1,1
nr_100831,1,1,1,1
nr_100833,1,1,1,1
nr_100837,1,1,1,1
nr_100839,1,1,1,1
nr_100847,1,1,1,1
nr_100852,1,1,1,1
nr_100854,1,1,1,1
nr_100859,1,1,1,1
nr_100862,1,1,1,1
nr_100864,1,1,1,1
nr_100868,1,1,1,1
nr_100869,1,1,1,1
nr_100873,1,1,1,1
nr_100879,1,1,1,1
nr_100880,1,1,1,1
nr_100881,1,1,1,1
nr_100882,1,1,1,1
nr_100887,1,1,1,1
nr_100895,1,1,1,1
nr_100901,1,1,1,1
nr_100902,1,1,1,1
nr_100904,1,1,1,1
nr_100914,1,1,1,1
nr_100919,1,1,1,1
nr_100921,1,1,1,1
nr_100925,1,1,1,1
nr_100931,1,1,1,1
nr_100932,1,1,1,1
nr_100935,1,1,1,1
nr_100938,1,1,1,1
nr_100939,1,1,1,1
nr_100941,1,1,1,1
nr_100944,1,1,1,1
nr_100949,1,1,1,1
nr_100951,1,1,1,1
nr_100952,1,1,1,1
nr_100953,1,1,1,1
nr_100958,1,1,1,1
nr_100959,1,1,1,1
nr_100962,1,1,1,1
nr_100963,1,1,1,1
nr_100966,1,1,1,1
nr_100968,1,1,1,1
nr_100970,1,1,1,1
nr_100971,1,1,1,1
nr_100972,1,1,1,1
nr_100973,1,1,1,1
nr_100976,1,1,1,1
nr_100979,1,1,1,1
nr_100981,1,1,1,1
nr_100986,1,1,1,1
nr_100988,1,1,1,1
nr_100991,1,1,1,1
nr_100993,1,1,1,1
nr_100996,1,1,1,1
nr_101000,1,1,1,1
nr_101010,1,1,1,1
nr_101011,1,1,1,1
nr_101013,1,1,1,1
nr_101014,1,1,1,1
nr_101018,1,1,1,1
nr_101024,1,1,1,1
nr_101031,1,1,1,1
nr_101032,1,1,1,1
nr_101040,1,1,1,1
nr_101045,1,1,1,1
nr_101057,1,1,1,1
nr_101066,1,1,1,1
nr_101076,1,1,1,1
nr_101081,1,1,1,1
nr_101082,1,1,1,1
nr_101088,1,1,1,1
nr_101101,1,1,1,1
nr_101102,1,1,1,1
nr_101103,1,1,1,1
nr_101104,1,1,1,1
nr_101105,1,1,1,1
nr_101111,1,1,1,1
nr_101113,1,1,1,1
nr_101124,1,1,1,1
nr_101126,1,1,1,1
nr_101138,1,1,1,1
nr_101142,1,1,1,1
nr_101144,1,1,1,1
nr_101147,1,1,1,1
nr_101148,1,1,1,1
nr_101151,1,1,1,1
nr_101156,1,1,1,1
nr_101161,1,1,1,1
nr_101162,1,1,1,1
nr_101170,1,1,1,1
nr_101176,1,1,1,1
nr_101183,1,1,1,1
nr_101188,1,1,1,1
nr_101192,1,1,1,1
nr_101197,1,1,1,1
nr_101198,1,1,1,1
nr_101211,1,1,1,1
nr_101212,1,1,1,1
nr_101231,1,1,1,1
nr_101232,1,1,1,1
nr_101235,1,1,1,1
nr_101238,1,1,1,1
nr_101240,1,1,1,1
nr_101243,1,1,1,1
nr_101254,1,1,1,1
nr_101256,1,1,1,1
nr_101264,1,1,1,1
nr_101266,1,1,1,1
nr_101268,1,1,1,1
nr_101270,1,1,1,1
nr_101273,1,1,1,1
nr_101274,1,1,1,1
nr_101278,1,1,1,1
nr_101288,1,1,1,1
nr_101296,1,1,1,1
nr_101299,1,1,1,1
nr_101302,1,1,1,1
nr_101311,1,1,1,1
nr_101320,1,1,1,1
nr_101323,1,1,1,1
nr_101324,1,1,1,1
nr_101328,1,1,1,1
nr_101330,1,1,1,1
nr_101334,1,1,1,1
nr_101338,1,1,1,1
nr_101339,1,1,1,1
nr_101341,1,1,1,1
nr_101347,1,1,1,1
nr_101350,1,1,1,1
nr_101353,1,1,1,1
nr_101356,1,1,1,1
nr_101358,1,1,1,1
nr_101359,1,1,1,1
nr_101362,1,1,1,1
nr_101363,1,1,1,1
nr_101369,1,1,1,1
nr_101371,1,1,1,1
nr_101383,1,1,1,1
nr_101386,1,1,1,1
nr_101387,1,1,1,1
nr_101393,1,1,1,1
nr_101403,1,1,1,1
nr_101406,1,1,1,1
nr_101407,1,1,1,1
nr_101412,1,1,1,1
nr_101422,1,1,1,1
nr_101426,1,1,1,1
nr_101428,1,1,1,1
nr_101430,1,1,1,1
nr_101431,1,1,1,1
nr_101432,1,1,1,1
nr_101434,1,1,1,1
nr_101439,1,1,1,1
nr_101441,1,1,1,1
nr_101446,1,1,1,1
nr_101448,1,1,1,1
nr_101450,1,1,1,1
nr_101454,1,1,1,1
nr_101455,1,1,1,1
nr_101456,1,1,1,1
nr_101463,1,1,1,1
nr_101481,1,1,1,1
nr_101482,1,1,1,1
nr_101488,1,1,1,1
nr_101490,1,1,1,1
nr_101491,1,1,1,1
nr_101499,1,1,1,1
nr_101501,1,1,1,1
nr_101505,1,1,1,1
nr_101508,1,1,1,1
nr_101511,1,1,1,1
nr_101520,1,1,1,1
nr_101527,1,1,1,1
nr_101535,1,1,1,1
nr_101544,1,1,1,1
nr_101560,1,1,1,1
nr_101902,1,1,1,1
nr_101904,1,1,1,1
spr_100036,1,1,1,1
spr_100039,1,1,1,1
spr_100044,1,1,1,1
spr_100050,1,1,1,1
spr_100057,1,1,1,1
spr_100058,1,1,1,1
spr_100069,1,1,1,1
spr_100094,1,1,1,1
spr_100097,1,1,1,1
spr_100114,1,1,1,1
spr_100118,1,1,1,1
spr_100119,1,1,1,1
spr_100122,1,1,1,1
spr_100123,1,1,1,1
spr_100130,1,1,1,1
spr_100138,1,1,1,1
spr_100139,1,1,1,1
spr_100141,1,1,1,1
spr_100142,1,1,1,1
spr_100144,1,1,1,1
spr_100147,1,1,1,1
spr_100153,1,1,1,1
spr_100155,1,1,1,1
spr_100161,1,1,1,1
spr_100176,1,1,1,1
sör_100004,1,1,1,1
sör_100030,1,1,1,1
sör_100031,1,1,1,1
vr_000012,1,1,1,1
vr_000295,1,1,1,1
vr_000630,1,1,1,1
vr_000756,1,1,1,1
vr_000792,1,1,1,1
vr_000813,1,1,1,1
vr_000845,1,1,1,1
vr_000923,1,1,1,1
vr_001004,1,1,1,1
vr_001115,1,1,1,1
vr_001126,1,1,1,1
vr_001160,1,1,1,1
vr_001231,1,1,1,1
vr_001256,1,1,1,1
vr_001275,1,1,1,1
vr_001333,1,1,1,1
vr_001457,1,1,1,1
vr_001466,1,1,1,1
vr_001546,1,1,1,1
vr_001628,1,1,1,1
vr_001930,1,1,1,1
vr_001972,1,1,1,1
vr_001978,1,1,1,1
vr_001996,1,1,1,1
vr_002020,1,1,1,1
vr_002055,1,1,1,1
vr_002112,1,1,1,1
vr_002154,1,1,1,1
vr_002264,1,1,1,1
vr_002432,1,1,1,1
vr_002535,1,1,1,1
vr_002733,1,1,1,1
vr_002757,1,1,1,1
vr_002898,1,1,1,1
vr_002926,1,1,1,1
vr_003022,1,1,1,1
vr_003027,1,1,1,1
vr_003053,1,1,1,1
vr_003079,1,1,1,1
vr_003129,1,1,1,1
vr_003226,1,1,1,1
vr_003251,1,1,1,1
vr_003286,1,1,1,1
vr_003302,1,1,1,1
vr_003376,1,1,1,1
vr_003412,1,1,1,1
vr_003420,1,1,1,1
vr_003449,1,1,1,1
vr_003612,1,1,1,1
vr_003742,1,1,1,1
vr_003811,1,1,1,1
vr_003840,1,1,1,1
vr_003939,1,1,1,1
vr_003973,1,1,1,1
vr_003982,1,1,1,1
vr_004010,1,1,1,1
vr_004029,1,1,1,1
vr_004034,1,1,1,1
vr_004049,1,1,1,1
vr_004170,1,1,1,1
vr_004245,1,1,1,1
vr_004262,1,1,1,1
vr_004319,1,1,1,1
vr_004472,1,1,1,1
vr_004549,1,1,1,1
vr_004564,1,1,1,1
vr_004574,1,1,1,1
vr_004576,1,1,1,1
vr_004601,1,1,1,1
vr_004675,1,1,1,1
vr_004695,1,1,1,1
vr_004868,1,1,1,1
vr_004902,1,1,1,1
vr_004940,1,1,1,1
vr_004951,1,1,1,1
vr_005000,1,1,1,1
vr_005109,1,1,1,1
vr_005180,1,1,1,1
vr_005251,1,1,1,1
vr_005327,1,1,1,1
vr_005436,1,1,1,1
vr_005635,1,1,1,1
vr_005636,1,1,1,1
vr_005704,1,1,1,1
vr_005890,1,1,1,1
vr_005897,1,1,1,1
vr_005953,1,1,1,1
vr_005970,1,1,1,1
vr_005971,1,1,1,1
vr_006011,1,1,1,1
vr_006021,1,1,1,1
vr_006070,1,1,1,1
vr_006097,1,1,1,1
vr_006112,1,1,1,1
vr_006134,1,1,1,1
vr_006161,1,1,1,1
vr_006167,1,1,1,1
vr_006281,1,1,1,1
vr_006309,1,1,1,1
vr_006333,1,1,1,1
vr_006336,1,1,1,1
vr_006356,1,1,1,1
vr_006479,1,1,1,1
vr_006481,1,1,1,1
vr_006500,1,1,1,1
vr_006597,1,1,1,1
vr_006614,1,1,1,1
vr_006682,1,1,1,1
vr_006720,1,1,1,1
vr_006731,1,1,1,1
vr_006839,1,1,1,1
vr_006917,1,1,1,1
vr_006937,1,1,1,1
vr_007003,1,1,1,1
vr_007151,1,1,1,1
vr_007180,1,1,1,1
vr_007349,1,1,1,1
vr_007410,1,1,1,1
vr_007419,1,1,1,1
vr_007480,1,1,1,1
vr_007494,1,1,1,1
vr_007511,1,1,1,1
vr_007516,1,1,1,1
vr_007611,1,1,1,1
vr_007744,1,1,1,1
vr_007767,1,1,1,1
vr_007786,1,1,1,1
vr_007831,1,1,1,1
vr_007834,1,1,1,1
vr_007866,1,1,1,1
vr_007909,1,1,1,1
vr_007934,1,1,1,1
vr_007939,1,1,1,1
vr_007958,1,1,1,1
vr_007963,1,1,1,1
vr_007967,1,1,1,1
vr_007975,1,1,1,1
vr_008053,1,1,1,1
vr_008082,1,1,1,1
vr_008085,1,1,1,1
vr_008117,1,1,1,1
vr_008132,1,1,1,1
vr_008180,1,1,1,1
vr_008188,1,1,1,1
vr_008192,1,1,1,1
vr_008345,1,1,1,1
vr_008350,1,1,1,1
vr_008371,1,1,1,1
vr_008389,1,1,1,1
vr_008431,1,1,1,1
vr_008513,1,1,1,1
vr_008604,1,1,1,1
vr_008608,1,1,1,1
vr_008622,1,1,1,1
vr_008656,1,1,1,1
vr_008735,1,1,1,1
vr_008775,1,1,1,1
vr_008777,1,1,1,1
vr_008795,1,1,1,1
vr_008825,1,1,1,1
vr_008853,1,1,1,1
vr_008880,1,1,1,1
vr_008895,1,1,1,1
vr_008921,1,1,1,1
vr_008932,1,1,1,1
vr_009025,1,1,1,1
vr_009108,1,1,1,1
vr_009110,1,1,1,1
vr_009181,1,1,1,1
vr_009295,1,1,1,1
vr_009327,1,1,1,1
vr_009347,1,1,1,1
vr_009360,1,1,1,1
vr_009397,1,1,1,1
vr_009399,1,1,1,1
vr_009456,1,1,1,1
vr_009481,1,1,1,1
vr_009674,1,1,1,1
vr_009728,1,1,1,1
vr_009769,1,1,1,1
vr_009780,1,1,1,1
vr_009785,1,1,1,1
vr_009995,1,1,1,1
vr_009997,1,1,1,1
vr_010012,1,1,1,1
vr_010059,1,1,1,1
vr_010068,1,1,1,1
vr_010150,1,1,1,1
vr_010231,1,1,1,1
vr_010353,1,1,1,1
vr_010359,1,1,1,1
vr_010392,1,1,1,1
vr_010422,1,1,1,1
vr_010460,1,1,1,1
vr_010468,1,1,1,1
vr_010480,1,1,1,1
vr_010549,1,1,1,1
vr_010643,1,1,1,1
vr_010750,1,1,1,1
vr_010808,1,1,1,1
vr_010815,1,1,1,1
vr_010958,1,1,1,1
vr_010995,1,1,1,1
vr_011006,1,1,1,1
vr_011031,1,1,1,1
vr_011073,1,1,1,1
vr_011097,1,1,1,1
vr_011160,1,1,1,1
vr_011188,1,1,1,1
vr_011269,1,1,1,1
vr_011413,1,1,1,1
vr_011434,1,1,1,1
vr_011459,1,1,1,1
vr_011501,1,1,1,1
vr_011506,1,1,1,1
vr_011626,1,1,1,1
vr_011769,1,1,1,1
vr_011776,1,1,1,1
vr_011803,1,1,1,1
vr_011903,1,1,1,1
vr_011920,1,1,1,1
vr_011977,1,1,1,1
vr_012005,1,1,1,1
vr_012184,1,1,1,1
vr_012185,1,1,1,1
vr_012228,1,1,1,1
vr_012230,1,1,1,1
vr_012277,1,1,1,1
vr_012357,1,1,1,1
vr_012360,1,1,1,1
vr_012445,1,1,1,1
vr_012625,1,1,1,1
vr_012693,1,1,1,1
vr_012717,1,1,1,1
vr_012726,1,1,1,1
vr_012905,1,1,1,1
vr_012977,1,1,1,1
vr_013013,1,1,1,1
vr_013178,1,1,1,1
vr_013242,1,1,1,1
vr_013283,1,1,1,1
vr_013358,1,1,1,1
vr_013364,1,1,1,1
vr_013389,1,1,1,1
vr_013390,1,1,1,1
vr_013466,1,1,1,1
vr_013664,1,1,1,1
vr_013670,1,1,1,1
vr_013751,1,1,1,1
vr_013756,1,1,1,1
vr_013763,1,1,1,1
vr_013863,1,1,1,1
vr_013877,1,1,1,1
vr_013908,1,1,1,1
vr_014005,1,1,1,1
vr_014021,1,1,1,1
vr_014033,1,1,1,1
vr_014058,1,1,1,1
vr_014059,1,1,1,1
vr_014065,1,1,1,1
vr_014128,1,1,1,1
vr_014202,1,1,1,1
vr_014231,1,1,1,1
vr_014279,1,1,1,1
vr_014354,1,1,1,1
vr_014377,1,1,1,1
vr_014399,1,1,1,1
vr_014503,1,1,1,1
vr_014539,1,1,1,1
vr_014547,1,1,1,1
vr_014559,1,1,1,1
vr_014569,1,1,1,1
vr_014594,1,1,1,1
vr_014774,1,1,1,1
vr_014895,1,1,1,1
vr_014944,1,1,1,1
vr_015156,1,1,1,1
vr_015174,1,1,1,1
vr_015175,1,1,1,1
vr_015192,1,1,1,1
vr_015254,1,1,1,1
vr_015331,1,1,1,1
vr_015336,1,1,1,1
vr_015403,1,1,1,1
vr_015417,1,1,1,1
vr_015472,1,1,1,1
vr_015533,1,1,1,1
vr_015549,1,1,1,1
vr_015557,1,1,1,1
vr_015694,1,1,1,1
vr_015818,1,1,1,1
vr_015845,1,1,1,1
vr_015875,1,1,1,1
vr_015945,1,1,1,1
vr_016021,1,1,1,1
vr_016091,1,1,1,1
vr_016118,1,1,1,1
vr_016229,1,1,1,1
vr_016248,1,1,1,1
vr_016253,1,1,1,1
vr_016311,1,1,1,1
vr_016328,1,1,1,1
vr_016500,1,1,1,1
vr_016585,1,1,1,1
vr_016592,1,1,1,1
vr_016749,1,1,1,1
vr_016777,1,1,1,1
vr_016838,1,1,1,1
vr_016847,1,1,1,1
vr_017031,1,1,1,1
vr_017137,1,1,1,1
vr_017163,1,1,1,1
vr_017199,1,1,1,1
vr_017203,1,1,1,1
vr_017225,1,1,1,1
vr_017297,1,1,1,1
vr_017339,1,1,1,1
vr_017384,1,1,1,1
vr_017389,1,1,1,1
vr_017569,1,1,1,1
vr_017581,1,1,1,1
vr_017585,1,1,1,1
vr_017620,1,1,1,1
vr_017686,1,1,1,1
vr_017799,1,1,1,1
vr_017809,1,1,1,1
vr_017894,1,1,1,1
vr_018011,1,1,1,1
vr_018019,1,1,1,1
vr_018098,1,1,1,1
vr_018155,1,1,1,1
vr_018279,1,1,1,1
vr_018371,1,1,1,1
vr_018401,1,1,1,1
vr_018527,1,1,1,1
vr_018536,1,1,1,1
vr_018538,1,1,1,1
vr_018573,1,1,1,1
vr_018717,1,1,1,1
vr_018792,1,1,1,1
vr_018812,1,1,1,1
vr_018826,1,1,1,1
vr_019029,1,1,1,1
vr_019032,1,1,1,1
vr_019082,1,1,1,1
vr_019105,1,1,1,1
vr_019251,1,1,1,1
vr_019483,1,1,1,1
vr_019603,1,1,1,1
vr_019625,1,1,1,1
vr_019743,1,1,1,1
vr_019751,1,1,1,1
vr_019767,1,1,1,1
vr_019820,1,1,1,1
vr_019849,1,1,1,1
vr_019960,1,1,1,1
vr_020214,1,1,1,1
vr_020398,1,1,1,1
vr_020410,1,1,1,1
vr_020436,1,1,1,1
vr_020443,1,1,1,1
vr_020507,1,1,1,1
vr_020572,1,1,1,1
vr_020577,1,1,1,1
vr_020730,1,1,1,1
vr_020928,1,1,1,1
vr_020932,1,1,1,1
vr_021118,1,1,1,1
vr_021146,1,1,1,1
vr_021148,1,1,1,1
vr_021154,1,1,1,1
vr_021163,1,1,1,1
vr_021184,1,1,1,1
vr_021239,1,1,1,1
vr_021404,1,1,1,1
vr_021463,1,1,1,1
vr_021479,1,1,1,1
vr_021490,1,1,1,1
vr_021495,1,1,1,1
vr_021517,1,1,1,1
vr_021562,1,1,1,1
vr_021570,1,1,1,1
vr_021574,1,1,1,1
vr_021608,1,1,1,1
vr_021760,1,1,1,1
vr_021808,1,1,1,1
vr_021836,1,1,1,1
vr_021867,1,1,1,1
vr_022005,1,1,1,1
vr_022234,1,1,1,1
vr_022235,1,1,1,1
vr_022258,1,1,1,1
vr_022307,1,1,1,1
vr_022359,1,1,1,1
vr_022441,1,1,1,1
vr_022533,1,1,1,1
vr_022615,1,1,1,1
vr_022636,1,1,1,1
vr_022641,1,1,1,1
vr_022709,1,1,1,1
vr_022750,1,1,1,1
vr_022765,1,1,1,1
vr_022826,1,1,1,1
vr_022841,1,1,1,1
vr_022880,1,1,1,1
vr_022881,1,1,1,1
vr_023075,1,1,1,1
vr_023152,1,1,1,1
vr_023215,1,1,1,1
vr_023256,1,1,1,1
vr_023317,1,1,1,1
vr_023366,1,1,1,1
vr_023387,1,1,1,1
vr_023405,1,1,1,1
vr_023441,1,1,1,1
vr_023461,1,1,1,1
vr_023501,1,1,1,1
vr_023682,1,1,1,1
vr_023710,1,1,1,1
vr_023804,1,1,1,1
vr_023941,1,1,1,1
vr_023951,1,1,1,1
vr_023966,1,1,1,1
vr_024015,1,1,1,1
vr_024047,1,1,1,1
vr_024129,1,1,1,1
vr_024167,1,1,1,1
vr_024285,1,1,1,1
vr_024356,1,1,1,1
vr_024446,1,1,1,1
vr_024473,1,1,1,1
vr_024498,1,1,1,1
vr_024536,1,1,1,1
vr_024570,1,1,1,1
vr_024731,1,1,1,1
vr_024735,1,1,1,1
vr_024791,1,1,1,1
vr_024803,1,1,1,1
vr_024841,1,1,1,1
vr_025044,1,1,1,1
vr_025095,1,1,1,1
vr_025123,1,1,1,1
vr_025175,1,1,1,1
vr_025290,1,1,1,1
vr_025293,1,1,1,1
vr_025423,1,1,1,1
vr_025476,1,1,1,1
vr_025635,1,1,1,1
vr_025667,1,1,1,1
vr_025695,1,1,1,1
vr_025790,1,1,1,1
vr_025830,1,1,1,1
vr_025910,1,1,1,1
vr_025928,1,1,1,1
vr_026045,1,1,1,1
vr_026189,1,1,1,1
vr_026248,1,1,1,1
vr_026251,1,1,1,1
vr_026312,1,1,1,1
vr_026485,1,1,1,1
vr_026493,1,1,1,1
vr_026529,1,1,1,1
vr_026539,1,1,1,1
vr_026550,1,1,1,1
vr_026737,1,1,1,1
vr_027052,1,1,1,1
vr_027097,1,1,1,1
vr_027099,1,1,1,1
vr_027114,1,1,1,1
vr_027170,1,1,1,1
vr_027187,1,1,1,1
vr_027309,1,1,1,1
vr_027311,1,1,1,1
vr_027402,1,1,1,1
vr_027431,1,1,1,1
vr_027470,1,1,1,1
vr_027663,1,1,1,1
vr_027740,1,1,1,1
vr_027788,1,1,1,1
vr_027868,1,1,1,1
vr_027898,1,1,1,1
vr_027947,1,1,1,1
vr_027979,1,1,1,1
vr_028006,1,1,1,1
vr_028059,1,1,1,1
vr_028087,1,1,1,1
vr_028097,1,1,1,1
vr_028111,1,1,1,1
vr_028172,1,1,1,1
vr_028245,1,1,1,1
vr_028258,1,1,1,1
vr_028316,1,1,1,1
vr_028358,1,1,1,1
vr_028427,1,1,1,1
vr_028436,1,1,1,1
vr_028438,1,1,1,1
vr_028552,1,1,1,1
vr_028575,1,1,1,1
vr_028603,1,1,1,1
vr_028616,1,1,1,1
vr_028624,1,1,1,1
vr_028626,1,1,1,1
vr_028662,1,1,1,1
vr_028700,1,1,1,1
vr_028759,1,1,1,1
vr_028870,1,1,1,1
vr_029024,1,1,1,1
vr_029084,1,1,1,1
vr_029136,1,1,1,1
vr_029185,1,1,1,1
vr_029377,1,1,1,1
vr_029386,1,1,1,1
vr_029513,1,1,1,1
vr_029537,1,1,1,1
vr_029543,1,1,1,1
vr_029629,1,1,1,1
vr_029674,1,1,1,1
vr_029675,1,1,1,1
vr_029703,1,1,1,1
vr_029781,1,1,1,1
vr_029786,1,1,1,1
vr_029888,1,1,1,1
vr_029904,1,1,1,1
vr_029956,1,1,1,1
vr_029972,1,1,1,1
vr_030031,1,1,1,1
vr_030124,1,1,1,1
vr_030158,1,1,1,1
vr_030179,1,1,1,1
vr_030240,1,1,1,1
vr_030256,1,1,1,1
vr_030274,1,1,1,1
vr_030288,1,1,1,1
vr_030325,1,1,1,1
vr_030446,1,1,1,1
vr_030460,1,1,1,1
vr_030479,1,1,1,1
vr_030504,1,1,1,1
vr_030509,1,1,1,1
vr_030557,1,1,1,1
vr_030674,1,1,1,1
vr_030684,1,1,1,1
vr_030691,1,1,1,1
vr_030755,1,1,1,1
vr_030791,1,1,1,1
vr_030805,1,1,1,1
vr_030808,1,1,1,1
vr_030859,1,1,1,1
vr_030864,1,1,1,1
vr_030881,1,1,1,1
vr_030950,1,1,1,1
vr_031070,1,1,1,1
vr_031171,1,1,1,1
vr_031188,1,1,1,1
vr_031220,1,1,1,1
vr_031221,1,1,1,1
vr_031299,1,1,1,1
vr_031318,1,1,1,1
vr_031421,1,1,1,1
vr_031440,1,1,1,1
vr_031456,1,1,1,1
vr_031532,1,1,1,1
vr_031554,1,1,1,1
vr_031590,1,1,1,1
vr_031724,1,1,1,1
vr_031774,1,1,1,1
vr_031778,1,1,1,1
vr_031794,1,1,1,1
vr_031966,1,1,1,1
vr_031979,1,1,1,1
vr_032025,1,1,1,1
vr_032150,1,1,1,1
vr_032177,1,1,1,1
vr_032201,1,1,1,1
vr_032257,1,1,1,1
vr_032297,1,1,1,1
vr_032300,1,1,1,1
vr_032317,1,1,1,1
vr_032339,1,1,1,1
vr_032378,1,1,1,1
vr_032395,1,1,1,1
vr_032490,1,1,1,1
vr_032492,1,1,1,1
vr_032501,1,1,1,1
vr_032516,1,1,1,1
vr_032670,1,1,1,1
vr_032753,1,1,1,1
vr_032762,1,1,1,1
vr_032794,1,1,1,1
vr_032824,1,1,1,1
vr_032842,1,1,1,1
vr_032861,1,1,1,1
vr_032909,1,1,1,1
vr_032937,1,1,1,1
vr_032942,1,1,1,1
vr_032979,1,1,1,1
vr_033046,1,1,1,1
vr_033078,1,1,1,1
vr_033137,1,1,1,1
vr_033142,1,1,1,1
vr_033144,1,1,1,1
vr_033175,1,1,1,1
vr_033203,1,1,1,1
vr_033243,1,1,1,1
vr_033247,1,1,1,1
vr_033324,1,1,1,1
vr_033364,1,1,1,1
vr_033403,1,1,1,1
vr_033429,1,1,1,1
vr_033445,1,1,1,1
vr_033455,1,1,1,1
vr_033462,1,1,1,1
vr_033548,1,1,1,1
vr_033600,1,1,1,1
vr_033608,1,1,1,1
vr_033612,1,1,1,1
vr_033619,1,1,1,1
vr_033637,1,1,1,1
vr_033652,1,1,1,1
vr_033662,1,1,1,1
vr_033665,1,1,1,1
vr_033800,1,1,1,1
vr_033843,1,1,1,1
vr_033861,1,1,1,1
vr_033871,1,1,1,1
vr_033879,1,1,1,1
vr_033910,1,1,1,1
vr_033946,1,1,1,1
vr_033947,1,1,1,1
vr_033994,1,1,1,1
vr_034072,1,1,1,1
vr_034175,1,1,1,1
vr_034188,1,1,1,1
vr_034200,1,1,1,1
vr_034231,1,1,1,1
vr_034357,1,1,1,1
vr_034458,1,1,1,1
vr_034499,1,1,1,1
vr_034500,1,1,1,1
vr_034514,1,1,1,1
vr_034526,1,1,1,1
vr_034623,1,1,1,1
vr_034662,1,1,1,1
vr_034697,1,1,1,1
vr_034758,1,1,1,1
vr_034787,1,1,1,1
vr_034862,1,1,1,1
vr_034889,1,1,1,1
vr_034905,1,1,1,1
vr_034914,1,1,1,1
vr_034936,1,1,1,1
vr_034952,1,1,1,1
vr_034991,1,1,1,1
vr_035012,1,1,1,1
vr_035021,1,1,1,1
vr_035040,1,1,1,1
vr_035048,1,1,1,1
vr_035074,1,1,1,1
vr_035090,1,1,1,1
vr_035156,1,1,1,1
vr_035180,1,1,1,1
vr_035206,1,1,1,1
vr_035255,1,1,1,1
vr_035304,1,1,1,1
vr_035331,1,1,1,1
vr_035335,1,1,1,1
vr_035385,1,1,1,1
vr_035447,1,1,1,1
vr_035477,1,1,1,1
vr_035494,1,1,1,1
vr_035539,1,1,1,1
vr_035575,1,1,1,1
vr_035580,1,1,1,1
vr_035612,1,1,1,1
vr_035613,1,1,1,1
vr_035641,1,1,1,1
vr_035741,1,1,1,1
vr_035756,1,1,1,1
vr_035763,1,1,1,1
vr_035880,1,1,1,1
vr_035915,1,1,1,1
vr_036040,1,1,1,1
vr_036074,1,1,1,1
vr_036125,1,1,1,1
vr_036178,1,1,1,1
vr_036189,1,1,1,1
vr_036275,1,1,1,1
vr_036311,1,1,1,1
vr_036364,1,1,1,1
vr_036434,1,1,1,1
vr_036442,1,1,1,1
vr_036462,1,1,1,1
vr_036562,1,1,1,1
vr_036662,1,1,1,1
vr_036701,1,1,1,1
vr_036724,1,1,1,1
vr_036756,1,1,1,1
vr_036773,1,1,1,1
vr_036799,1,1,1,1
vr_036893,1,1,1,1
vr_036961,1,1,1,1
vr_037075,1,1,1,1
vr_037094,1,1,1,1
vr_037112,1,1,1,1
vr_037118,1,1,1,1
vr_037123,1,1,1,1
vr_037181,1,1,1,1
vr_037197,1,1,1,1
vr_037212,1,1,1,1
vr_037227,1,1,1,1
vr_037234,1,1,1,1
vr_037245,1,1,1,1
vr_037338,1,1,1,1
vr_037341,1,1,1,1
vr_037347,1,1,1,1
vr_037354,1,1,1,1
vr_037495,1,1,1,1
vr_037523,1,1,1,1
vr_037596,1,1,1,1
vr_037606,1,1,1,1
vr_037669,1,1,1,1
vr_037694,1,1,1,1
vr_037745,1,1,1,1
vr_037824,1,1,1,1
vr_037840,1,1,1,1
vr_037872,1,1,1,1
vr_037878,1,1,1,1
vr_037888,1,1,1,1
vr_037897,1,1,1,1
vr_037913,1,1,1,1
vr_037924,1,1,1,1
vr_037943,1,1,1,1
vr_037983,1,1,1,1
vr_037999,1,1,1,1
vr_038010,1,1,1,1
vr_038018,1,1,1,1
vr_038043,1,1,1,1
vr_038071,1,1,1,1
vr_038130,1,1,1,1
vr_038144,1,1,1,1
vr_038179,1,1,1,1
vr_038187,1,1,1,1
vr_038190,1,1,1,1
vr_038191,1,1,1,1
vr_038198,1,1,1,1
vr_038320,1,1,1,1
vr_038324,1,1,1,1
vr_038342,1,1,1,1
vr_038361,1,1,1,1
vr_038381,1,1,1,1
vr_038382,1,1,1,1
vr_038387,1,1,1,1
vr_038391,1,1,1,1
vr_038394,1,1,1,1
vr_038436,1,1,1,1
vr_038516,1,1,1,1
vr_038521,1,1,1,1
vr_038527,1,1,1,1
vr_038564,1,1,1,1
vr_038571,1,1,1,1
vr_038582,1,1,1,1
vr_038601,1,1,1,1
vr_038620,1,1,1,1
vr_038624,1,1,1,1
vr_038657,1,1,1,1
vr_038674,1,1,1,1
vr_038684,1,1,1,1
vr_038685,1,1,1,1
vr_038742,1,1,1,1
vr_038775,1,1,1,1
vr_038822,1,1,1,1
vr_038833,1,1,1,1
vr_038885,1,1,1,1
vr_038898,1,1,1,1
vr_038911,1,1,1,1
vr_038912,1,1,1,1
vr_038958,1,1,1,1
vr_039061,1,1,1,1
vr_039119,1,1,1,1
vr_039149,1,1,1,1
vr_039157,1,1,1,1
vr_039173,1,1,1,1
vr_039208,1,1,1,1
vr_039212,1,1,1,1
vr_039214,1,1,1,1
vr_039256,1,1,1,1
vr_039263,1,1,1,1
vr_039324,1,1,1,1
vr_039341,1,1,1,1
vr_039354,1,1,1,1
vr_039442,1,1,1,1
vr_039489,1,1,1,1
vr_039496,1,1,1,1
vr_039514,1,1,1,1
vr_039533,1,1,1,1
vr_039535,1,1,1,1
vr_039537,1,1,1,1
vr_039548,1,1,1,1
vr_039580,1,1,1,1
vr_039604,1,1,1,1
vr_039693,1,1,1,1
vr_039729,1,1,1,1
vr_039741,1,1,1,1
vr_039761,1,1,1,1
vr_039779,1,1,1,1
vr_039799,1,1,1,1
vr_039805,1,1,1,1
vr_039819,1,1,1,1
vr_039856,1,1,1,1
vr_039920,1,1,1,1
vr_039965,1,1,1,1
vr_040014,1,1,1,1
vr_040043,1,1,1,1
vr_040044,1,1,1,1
vr_040077,1,1,1,1
vr_040109,1,1,1,1
vr_040115,1,1,1,1
vr_040127,1,1,1,1
vr_040131,1,1,1,1
vr_040144,1,1,1,1
vr_040208,1,1,1,1
vr_040294,1,1,1,1
vr_040360,1,1,1,1
vr_040429,1,1,1,1
vr_040475,1,1,1,1
vr_040503,1,1,1,1
vr_040515,1,1,1,1
vr_040546,1,1,1,1
vr_040551,1,1,1,1
vr_040554,1,1,1,1
vr_040578,1,1,1,1
vr_040579,1,1,1,1
vr_040588,1,1,1,1
vr_040612,1,1,1,1
vr_040634,1,1,1,1
vr_040733,1,1,1,1
vr_040735,1,1,1,1
vr_040737,1,1,1,1
vr_040812,1,1,1,1
vr_040839,1,1,1,1
vr_040874,1,1,1,1
vr_040891,1,1,1,1
vr_040924,1,1,1,1
vr_040960,1,1,1,1
vr_041049,1,1,1,1
vr_041165,1,1,1,1
vr_041323,1,1,1,1
vr_041367,1,1,1,1
vr_041884,1,1,1,1
vr_101473,1,1,1,1
vr_37596b vr_037596,1,1,1,1
